form	segmentation	root	note	source
abakan	abak + -an	an		demoted from roots.tsv: decomposes into a licensed affix plus another headword
abatan	abat + -an	an		demoted from roots.tsv: decomposes into a licensed affix plus another headword
ablasanan	ablas + -anan	anan		demoted from roots.tsv: decomposes into a licensed affix plus another headword
actangan	actang + -an	an		demoted from roots.tsv: decomposes into a licensed affix plus another headword
aduan	adua + -n	n		demoted from roots.tsv: decomposes into a licensed affix plus another headword
aguman	agum + -an	an		demoted from roots.tsv: decomposes into a licensed affix plus another headword
akmulan	akmul + -an	an		demoted from roots.tsv: decomposes into a licensed affix plus another headword
alakan	alak + -an	an		demoted from roots.tsv: decomposes into a licensed affix plus another headword
alanan	ala + -nan	nan		demoted from roots.tsv: decomposes into a licensed affix plus another headword
alangan	alang + -an	an		demoted from roots.tsv: decomposes into a licensed affix plus another headword
ambun	ambu + -n	n		demoted from roots.tsv: decomposes into a licensed affix plus another headword
amian	amia + -n	n		demoted from roots.tsv: decomposes into a licensed affix plus another headword
ampon	ampo + -n	n		demoted from roots.tsv: decomposes into a licensed affix plus another headword
ampun	ampu + -n	n		demoted from roots.tsv: decomposes into a licensed affix plus another headword
ampunan	ampu + -nan	nan		demoted from roots.tsv: decomposes into a licensed affix plus another headword
angun	angu + -n	n		demoted from roots.tsv: decomposes into a licensed affix plus another headword
anianan	ania + -nan	nan		demoted from roots.tsv: decomposes into a licensed affix plus another headword
anyan	anya + -n	n		demoted from roots.tsv: decomposes into a licensed affix plus another headword
apunan	apu + -nan	nan		demoted from roots.tsv: decomposes into a licensed affix plus another headword
aruan	aru + -an	an		demoted from roots.tsv: decomposes into a licensed affix plus another headword
asasan	asas + -an	an		demoted from roots.tsv: decomposes into a licensed affix plus another headword
asikan	asik + -an	an		demoted from roots.tsv: decomposes into a licensed affix plus another headword
atchaanan	atcha + -anan	anan		demoted from roots.tsv: decomposes into a licensed affix plus another headword
atian	ati + -an	an		demoted from roots.tsv: decomposes into a licensed affix plus another headword
ausan	aus + -an	an		demoted from roots.tsv: decomposes into a licensed affix plus another headword
awakan	awak + -an	an		demoted from roots.tsv: decomposes into a licensed affix plus another headword
bagukan	baguk + -an	an		demoted from roots.tsv: decomposes into a licensed affix plus another headword
balatan	balat + -an	an		demoted from roots.tsv: decomposes into a licensed affix plus another headword
balatungan	balatung + -an	an		demoted from roots.tsv: decomposes into a licensed affix plus another headword
baldugan	baldug + -an	an		demoted from roots.tsv: decomposes into a licensed affix plus another headword
balimbingan	balimbing + -an	an		demoted from roots.tsv: decomposes into a licensed affix plus another headword
balsamuan	balsamu + -an	an		demoted from roots.tsv: decomposes into a licensed affix plus another headword
balugbugan	balugbug + -an	an		demoted from roots.tsv: decomposes into a licensed affix plus another headword
balungusan	balungus + -an	an		demoted from roots.tsv: decomposes into a licensed affix plus another headword
bangbangan	bangbang + -an	an		demoted from roots.tsv: decomposes into a licensed affix plus another headword
bangin	bangi + -n	n		demoted from roots.tsv: decomposes into a licensed affix plus another headword
barali	b + -ar- + ali	ali		demoted from roots.tsv: decomposes into a licensed affix plus another headword
barasu	b + -ar- + asu	asu		demoted from roots.tsv: decomposes into a licensed affix plus another headword
barat	b + -ar- + at	at		demoted from roots.tsv: decomposes into a licensed affix plus another headword
baria	b + -ar- + ia	ia		demoted from roots.tsv: decomposes into a licensed affix plus another headword
baronggan	barongga + -n	n		demoted from roots.tsv: decomposes into a licensed affix plus another headword
baruya	b + -ar- + uya	uya		demoted from roots.tsv: decomposes into a licensed affix plus another headword
basan	basa + -n	n		demoted from roots.tsv: decomposes into a licensed affix plus another headword
batakan	batak + -an	an		demoted from roots.tsv: decomposes into a licensed affix plus another headword
bayuan	bayu + -an	an		demoted from roots.tsv: decomposes into a licensed affix plus another headword
betun	betu + -n	n		demoted from roots.tsv: decomposes into a licensed affix plus another headword
bikusan	bikus + -an	an		demoted from roots.tsv: decomposes into a licensed affix plus another headword
binilug	b + -in- + ilug	ilug		demoted from roots.tsv: decomposes into a licensed affix plus another headword
binye	b + -in- + ye	ye		demoted from roots.tsv: decomposes into a licensed affix plus another headword
bis-suangan	bis-suang + -an	an		demoted from roots.tsv: decomposes into a licensed affix plus another headword
bisitaan	bisita + -an	an		demoted from roots.tsv: decomposes into a licensed affix plus another headword
bombuan	bombu + -an	an		demoted from roots.tsv: decomposes into a licensed affix plus another headword
bubungan	bubung + -an	an		demoted from roots.tsv: decomposes into a licensed affix plus another headword
bulaklakan	bulaklak + -an	an		demoted from roots.tsv: decomposes into a licensed affix plus another headword
bulugan	bulug + -an	an		demoted from roots.tsv: decomposes into a licensed affix plus another headword
bunuan	bunu + -an	an		demoted from roots.tsv: decomposes into a licensed affix plus another headword
busngian	busngi + -an	an		demoted from roots.tsv: decomposes into a licensed affix plus another headword
busngianan	busngi + -anan	anan		demoted from roots.tsv: decomposes into a licensed affix plus another headword
buyun	buyu + -n	n		demoted from roots.tsv: decomposes into a licensed affix plus another headword
chicharon	chicharo + -n	n		demoted from roots.tsv: decomposes into a licensed affix plus another headword
critikon	critiko + -n	n		demoted from roots.tsv: decomposes into a licensed affix plus another headword
dalan	dala + -n	n		demoted from roots.tsv: decomposes into a licensed affix plus another headword
daldakan	daldak + -an	an		demoted from roots.tsv: decomposes into a licensed affix plus another headword
dalpakan	dalpak + -an	an		demoted from roots.tsv: decomposes into a licensed affix plus another headword
damusakan	damusak + -an	an		demoted from roots.tsv: decomposes into a licensed affix plus another headword
dangalan	dangal + -an	an		demoted from roots.tsv: decomposes into a licensed affix plus another headword
dangan	danga + -n	n		demoted from roots.tsv: decomposes into a licensed affix plus another headword
daras	d + -ar- + as	as		demoted from roots.tsv: decomposes into a licensed affix plus another headword
dasyunan	dasyun + -an	an		demoted from roots.tsv: decomposes into a licensed affix plus another headword
datukanan	datuk + -anan	anan		demoted from roots.tsv: decomposes into a licensed affix plus another headword
datun	datu + -n	n		demoted from roots.tsv: decomposes into a licensed affix plus another headword
dekorasyunan	dekorasyun + -an	an		demoted from roots.tsv: decomposes into a licensed affix plus another headword
dinat	d + -in- + at	at		demoted from roots.tsv: decomposes into a licensed affix plus another headword
dinildik	d + -in- + ildik	ildik		demoted from roots.tsv: decomposes into a licensed affix plus another headword
dulukan	duluk + -an	an		demoted from roots.tsv: decomposes into a licensed affix plus another headword
dumalaga	d + -um- + alaga	alaga		demoted from roots.tsv: decomposes into a licensed affix plus another headword
dungan	dung + -an	an		demoted from roots.tsv: decomposes into a licensed affix plus another headword
dungisan	dungis + -an	an		demoted from roots.tsv: decomposes into a licensed affix plus another headword
dungusan	dungus + -an	an		demoted from roots.tsv: decomposes into a licensed affix plus another headword
galanggangan	galanggang + -an	an		demoted from roots.tsv: decomposes into a licensed affix plus another headword
galatgatan	galatgat + -an	an		demoted from roots.tsv: decomposes into a licensed affix plus another headword
galun	galu + -n	n		demoted from roots.tsv: decomposes into a licensed affix plus another headword
gampanan	gampa + -nan	nan		demoted from roots.tsv: decomposes into a licensed affix plus another headword
gawan	gawa + -n	n		demoted from roots.tsv: decomposes into a licensed affix plus another headword
gilingan	giling + -an	an		demoted from roots.tsv: decomposes into a licensed affix plus another headword
ginawa	g + -in- + awa	awa		demoted from roots.tsv: decomposes into a licensed affix plus another headword
giniagis	g + -in- + iagis	iagis		demoted from roots.tsv: decomposes into a licensed affix plus another headword
gisan	gisa + -n	n		demoted from roots.tsv: decomposes into a licensed affix plus another headword
ibili	i- + bili	bili		demoted from roots.tsv: decomposes into a licensed affix plus another headword
ibuklat	i- + buklat	buklat		demoted from roots.tsv: decomposes into a licensed affix plus another headword
igisa	i- + gisa	gisa		demoted from roots.tsv: decomposes into a licensed affix plus another headword
ikami	i- + kami	kami		demoted from roots.tsv: decomposes into a licensed affix plus another headword
ikapin	i- + kapin	kapin		demoted from roots.tsv: decomposes into a licensed affix plus another headword
ikata	i- + kata	kata		demoted from roots.tsv: decomposes into a licensed affix plus another headword
ikayu	i- + kayu	kayu		demoted from roots.tsv: decomposes into a licensed affix plus another headword
ilako	i- + lako	lako		demoted from roots.tsv: decomposes into a licensed affix plus another headword
ilitan	ilit + -an	an		demoted from roots.tsv: decomposes into a licensed affix plus another headword
ilutan	ilut + -an	an		demoted from roots.tsv: decomposes into a licensed affix plus another headword
imala	i- + mala	mala		demoted from roots.tsv: decomposes into a licensed affix plus another headword
imalan	imala + -n	n		demoted from roots.tsv: decomposes into a licensed affix plus another headword
inakit	in- + akit	akit		demoted from roots.tsv: decomposes into a licensed affix plus another headword
inanak	in- + anak	anak		demoted from roots.tsv: decomposes into a licensed affix plus another headword
inang	i- + nang	nang		demoted from roots.tsv: decomposes into a licensed affix plus another headword
inata	in- + ata	ata		demoted from roots.tsv: decomposes into a licensed affix plus another headword
ingat	in- + gat	gat		demoted from roots.tsv: decomposes into a licensed affix plus another headword
iniang	i- + niang	niang		demoted from roots.tsv: decomposes into a licensed affix plus another headword
insayu	in- + sayu	sayu		demoted from roots.tsv: decomposes into a licensed affix plus another headword
intang	in- + tang	tang		demoted from roots.tsv: decomposes into a licensed affix plus another headword
inuyat	in- + uyat	uyat		demoted from roots.tsv: decomposes into a licensed affix plus another headword
inyan	i- + nyan	nyan		demoted from roots.tsv: decomposes into a licensed affix plus another headword
inyawad	in- + yawad	yawad		demoted from roots.tsv: decomposes into a licensed affix plus another headword
ipabukal	i- + pabukal	pabukal		demoted from roots.tsv: decomposes into a licensed affix plus another headword
iparam	i- + param	param		demoted from roots.tsv: decomposes into a licensed affix plus another headword
ising	i- + sing	sing		demoted from roots.tsv: decomposes into a licensed affix plus another headword
kabalan	kabal + -an	an		demoted from roots.tsv: decomposes into a licensed affix plus another headword
kabalenan	kabalen + -an	an		demoted from roots.tsv: decomposes into a licensed affix plus another headword
kaban	kaba + -n	n		demoted from roots.tsv: decomposes into a licensed affix plus another headword
kahan	kaha + -n	n		demoted from roots.tsv: decomposes into a licensed affix plus another headword
kalaban	kalaba + -n	n		demoted from roots.tsv: decomposes into a licensed affix plus another headword
kalamnan	kalam + -nan	nan		demoted from roots.tsv: decomposes into a licensed affix plus another headword
kalangan	kalang + -an	an		demoted from roots.tsv: decomposes into a licensed affix plus another headword
kalapan	kalap + -an	an		demoted from roots.tsv: decomposes into a licensed affix plus another headword
kalingkingan	kalingking + -an	an		demoted from roots.tsv: decomposes into a licensed affix plus another headword
kalusan	kalus + -an	an		demoted from roots.tsv: decomposes into a licensed affix plus another headword
kambangan	kambang + -an	an		demoted from roots.tsv: decomposes into a licensed affix plus another headword
kampilan	kampil + -an	an		demoted from roots.tsv: decomposes into a licensed affix plus another headword
kampun	kampu + -n	n		demoted from roots.tsv: decomposes into a licensed affix plus another headword
kanan	kan + -an	an		demoted from roots.tsv: decomposes into a licensed affix plus another headword
kandungan	kandung + -an	an		demoted from roots.tsv: decomposes into a licensed affix plus another headword
kangkungan	kangkung + -an	an		demoted from roots.tsv: decomposes into a licensed affix plus another headword
kantuan	kantu + -an	an		demoted from roots.tsv: decomposes into a licensed affix plus another headword
kanuan	kanu + -an	an		demoted from roots.tsv: decomposes into a licensed affix plus another headword
kanuanan	kanu + -anan	anan		demoted from roots.tsv: decomposes into a licensed affix plus another headword
kanyun	kanyu + -n	n		demoted from roots.tsv: decomposes into a licensed affix plus another headword
kapayan	kapaya + -n	n		demoted from roots.tsv: decomposes into a licensed affix plus another headword
kapitan	kapit + -an	an		demoted from roots.tsv: decomposes into a licensed affix plus another headword
kapitnan	kapit + -nan	nan		demoted from roots.tsv: decomposes into a licensed affix plus another headword
karin	kari + -n	n		demoted from roots.tsv: decomposes into a licensed affix plus another headword
karinan	kari + -nan	nan		demoted from roots.tsv: decomposes into a licensed affix plus another headword
karit	k + -ar- + it	it		demoted from roots.tsv: decomposes into a licensed affix plus another headword
kasalanan	kasal + -anan	anan		demoted from roots.tsv: decomposes into a licensed affix plus another headword
katasan	katas + -an	an		demoted from roots.tsv: decomposes into a licensed affix plus another headword
katauan	katau + -an	an		demoted from roots.tsv: decomposes into a licensed affix plus another headword
katun	katu + -n	n		demoted from roots.tsv: decomposes into a licensed affix plus another headword
katutuan	katutu + -an	an		demoted from roots.tsv: decomposes into a licensed affix plus another headword
kawan	kawa + -n	n		demoted from roots.tsv: decomposes into a licensed affix plus another headword
kayabangan	kayabang + -an	an		demoted from roots.tsv: decomposes into a licensed affix plus another headword
kayan	kaya + -n	n		demoted from roots.tsv: decomposes into a licensed affix plus another headword
kekongan	kekong + -an	an		demoted from roots.tsv: decomposes into a licensed affix plus another headword
ketungan	ketung + -an	an		demoted from roots.tsv: decomposes into a licensed affix plus another headword
kinang	k + -in- + ang	ang		demoted from roots.tsv: decomposes into a licensed affix plus another headword
kinarayum	k + -in- + arayum	arayum		demoted from roots.tsv: decomposes into a licensed affix plus another headword
kinastuli	k + -in- + astuli	astuli		demoted from roots.tsv: decomposes into a licensed affix plus another headword
kindatan	kindat + -an	an		demoted from roots.tsv: decomposes into a licensed affix plus another headword
kinua	k + -in- + ua	ua		demoted from roots.tsv: decomposes into a licensed affix plus another headword
kuanan	kua + -nan	nan		demoted from roots.tsv: decomposes into a licensed affix plus another headword
kukuanan	kuku + -anan	anan		demoted from roots.tsv: decomposes into a licensed affix plus another headword
kulkulan	kulkul + -an	an		demoted from roots.tsv: decomposes into a licensed affix plus another headword
kulungan	kulung + -an	an		demoted from roots.tsv: decomposes into a licensed affix plus another headword
kumari	k + -um- + ari	ari		demoted from roots.tsv: decomposes into a licensed affix plus another headword
kumit	k + -um- + it	it		demoted from roots.tsv: decomposes into a licensed affix plus another headword
kuran	kura + -n	n		demoted from roots.tsv: decomposes into a licensed affix plus another headword
kutnan	kut + -nan	nan		demoted from roots.tsv: decomposes into a licensed affix plus another headword
kutun	kutu + -n	n		demoted from roots.tsv: decomposes into a licensed affix plus another headword
laban	laba + -n	n		demoted from roots.tsv: decomposes into a licensed affix plus another headword
labasan	labas + -an	an		demoted from roots.tsv: decomposes into a licensed affix plus another headword
labugan	labug + -an	an		demoted from roots.tsv: decomposes into a licensed affix plus another headword
lacbangan	lacbang + -an	an		demoted from roots.tsv: decomposes into a licensed affix plus another headword
lacdungan	lacdung + -an	an		demoted from roots.tsv: decomposes into a licensed affix plus another headword
lagarian	lagari + -an	an		demoted from roots.tsv: decomposes into a licensed affix plus another headword
lakan	laka + -n	n		demoted from roots.tsv: decomposes into a licensed affix plus another headword
lakatan	lakat + -an	an		demoted from roots.tsv: decomposes into a licensed affix plus another headword
lakuan	laku + -an	an		demoted from roots.tsv: decomposes into a licensed affix plus another headword
lalabangan	la- + labang + -an	an		demoted from roots.tsv: decomposes into a licensed affix plus another headword
lambangan	lambang + -an	an		demoted from roots.tsv: decomposes into a licensed affix plus another headword
lampan	lampa + -n	n		demoted from roots.tsv: decomposes into a licensed affix plus another headword
lansangan	lansang + -an	an		demoted from roots.tsv: decomposes into a licensed affix plus another headword
larinan	la- + rin + -an	an		demoted from roots.tsv: decomposes into a licensed affix plus another headword
lasun	lasu + -n	n		demoted from roots.tsv: decomposes into a licensed affix plus another headword
lauitan	lauit + -an	an		demoted from roots.tsv: decomposes into a licensed affix plus another headword
liman	lima + -n	n		demoted from roots.tsv: decomposes into a licensed affix plus another headword
limbagan	limbag + -an	an		demoted from roots.tsv: decomposes into a licensed affix plus another headword
linyu	l + -in- + yu	yu		demoted from roots.tsv: decomposes into a licensed affix plus another headword
luklukan	lukluk + -an	an		demoted from roots.tsv: decomposes into a licensed affix plus another headword
lukungan	lukung + -an	an		demoted from roots.tsv: decomposes into a licensed affix plus another headword
lulun	lulu + -n	n		demoted from roots.tsv: decomposes into a licensed affix plus another headword
lumakad	l + -um- + akad	akad		demoted from roots.tsv: decomposes into a licensed affix plus another headword
lumapot	l + -um- + apot	apot		demoted from roots.tsv: decomposes into a licensed affix plus another headword
lumud	l + -um- + ud	ud		demoted from roots.tsv: decomposes into a licensed affix plus another headword
maganda	mag- + anda	anda		demoted from roots.tsv: decomposes into a licensed affix plus another headword
magaral	mag- + aral	aral		demoted from roots.tsv: decomposes into a licensed affix plus another headword
magasin	mag- + asin	asin		demoted from roots.tsv: decomposes into a licensed affix plus another headword
magbasebaly	mag- + basebaly	basebaly		demoted from roots.tsv: decomposes into a licensed affix plus another headword
magbili	mag- + bili	bili		demoted from roots.tsv: decomposes into a licensed affix plus another headword
magdusug	mag- + dusug	dusug		demoted from roots.tsv: decomposes into a licensed affix plus another headword
magimporta	mag- + importa	importa		demoted from roots.tsv: decomposes into a licensed affix plus another headword
magkalutu	mag- + kalutu	kalutu		demoted from roots.tsv: decomposes into a licensed affix plus another headword
magkanu	mag- + kanu	kanu		demoted from roots.tsv: decomposes into a licensed affix plus another headword
maglampaso	mag- + lampaso	lampaso		demoted from roots.tsv: decomposes into a licensed affix plus another headword
magmaneo	mag- + maneo	maneo		demoted from roots.tsv: decomposes into a licensed affix plus another headword
magparam	mag- + param	param		demoted from roots.tsv: decomposes into a licensed affix plus another headword
magpaynawa	mag- + paynawa	paynawa		demoted from roots.tsv: decomposes into a licensed affix plus another headword
magplano	mag- + plano	plano		demoted from roots.tsv: decomposes into a licensed affix plus another headword
malun	m- + alun	alun		demoted from roots.tsv: decomposes into a licensed affix plus another headword
managkat	man- + agkat	agkat		demoted from roots.tsv: decomposes into a licensed affix plus another headword
manana	man- + ana	ana		demoted from roots.tsv: decomposes into a licensed affix plus another headword
manatap	man- + atap	atap		demoted from roots.tsv: decomposes into a licensed affix plus another headword
manatcha	man- + atcha	atcha		demoted from roots.tsv: decomposes into a licensed affix plus another headword
manda	m- + anda	anda		demoted from roots.tsv: decomposes into a licensed affix plus another headword
mandarul	m- + andarul	andarul		demoted from roots.tsv: decomposes into a licensed affix plus another headword
mandilu	man- + dilu	dilu		demoted from roots.tsv: decomposes into a licensed affix plus another headword
mangan	manga + -n	n		demoted from roots.tsv: decomposes into a licensed affix plus another headword
mangawa	man- + gawa	gawa		demoted from roots.tsv: decomposes into a licensed affix plus another headword
manibat	man- + ibat	ibat		demoted from roots.tsv: decomposes into a licensed affix plus another headword
manika	man- + ika	ika		demoted from roots.tsv: decomposes into a licensed affix plus another headword
mantala	man- + tala	tala		demoted from roots.tsv: decomposes into a licensed affix plus another headword
mapia	m- + apia	apia		demoted from roots.tsv: decomposes into a licensed affix plus another headword
marayu	m + -ar- + ayu	ayu		demoted from roots.tsv: decomposes into a licensed affix plus another headword
masikan	m- + asikan	asikan		demoted from roots.tsv: decomposes into a licensed affix plus another headword
masyas	m- + asyas	asyas		demoted from roots.tsv: decomposes into a licensed affix plus another headword
matan	mata + -n	n		demoted from roots.tsv: decomposes into a licensed affix plus another headword
matas	m- + atas	atas		demoted from roots.tsv: decomposes into a licensed affix plus another headword
matni	m- + atni	atni		demoted from roots.tsv: decomposes into a licensed affix plus another headword
maton	mato + -n	n		demoted from roots.tsv: decomposes into a licensed affix plus another headword
mayan	maya + -n	n		demoted from roots.tsv: decomposes into a licensed affix plus another headword
mayna	m- + ayna	ayna		demoted from roots.tsv: decomposes into a licensed affix plus another headword
mikit	m- + ikit	ikit		demoted from roots.tsv: decomposes into a licensed affix plus another headword
minda	m- + inda	inda		demoted from roots.tsv: decomposes into a licensed affix plus another headword
mingkung	m- + ingkung	ingkung		demoted from roots.tsv: decomposes into a licensed affix plus another headword
mintis	min- + tis	tis		demoted from roots.tsv: decomposes into a licensed affix plus another headword
muang	m- + uang	uang		demoted from roots.tsv: decomposes into a licensed affix plus another headword
mulang	m- + ulang	ulang		demoted from roots.tsv: decomposes into a licensed affix plus another headword
nanan	nana + -n	n		demoted from roots.tsv: decomposes into a licensed affix plus another headword
nangan	nang + -an	an		demoted from roots.tsv: decomposes into a licensed affix plus another headword
pabalikan	pa- + balik + -an	an		demoted from roots.tsv: decomposes into a licensed affix plus another headword
pabukalan	pa- + bukal + -an	an		demoted from roots.tsv: decomposes into a licensed affix plus another headword
pagandaan	pag- + anda + -an	an		demoted from roots.tsv: decomposes into a licensed affix plus another headword
pagaralan	pag- + aral + -an	an		demoted from roots.tsv: decomposes into a licensed affix plus another headword
pakamalan	pakamal + -an	an		demoted from roots.tsv: decomposes into a licensed affix plus another headword
pakanan	pa- + kan + -an	an		demoted from roots.tsv: decomposes into a licensed affix plus another headword
pakyapusan	pa- + kyapus + -an	an		demoted from roots.tsv: decomposes into a licensed affix plus another headword
palakuan	pa- + laku + -an	an		demoted from roots.tsv: decomposes into a licensed affix plus another headword
paldakan	paldak + -an	an		demoted from roots.tsv: decomposes into a licensed affix plus another headword
palungpungan	palungpung + -an	an		demoted from roots.tsv: decomposes into a licensed affix plus another headword
pamangan	pamanga + -n	n		demoted from roots.tsv: decomposes into a licensed affix plus another headword
pamisan	pa- + mis + -an	an		demoted from roots.tsv: decomposes into a licensed affix plus another headword
pamun	pamu + -n	n		demoted from roots.tsv: decomposes into a licensed affix plus another headword
pangilinan	pangilin + -an	an		demoted from roots.tsv: decomposes into a licensed affix plus another headword
panikan	pa- + nik + -an	an		demoted from roots.tsv: decomposes into a licensed affix plus another headword
paradaan	parada + -an	an		demoted from roots.tsv: decomposes into a licensed affix plus another headword
paralisan	paralis + -an	an		demoted from roots.tsv: decomposes into a licensed affix plus another headword
paraman	param + -an	an		demoted from roots.tsv: decomposes into a licensed affix plus another headword
parang	p + -ar- + ang	ang		demoted from roots.tsv: decomposes into a licensed affix plus another headword
parasakali	p + -ar- + asakali	asakali		demoted from roots.tsv: decomposes into a licensed affix plus another headword
parasku	p + -ar- + asku	asku		demoted from roots.tsv: decomposes into a licensed affix plus another headword
parate	p + -ar- + ate	ate		demoted from roots.tsv: decomposes into a licensed affix plus another headword
paritan	parit + -an	an		demoted from roots.tsv: decomposes into a licensed affix plus another headword
parusa	p + -ar- + usa	usa		demoted from roots.tsv: decomposes into a licensed affix plus another headword
patan	pat + -an	an		demoted from roots.tsv: decomposes into a licensed affix plus another headword
patauan	pa- + tau + -an	an		demoted from roots.tsv: decomposes into a licensed affix plus another headword
patungan	pa- + tung + -an	an		demoted from roots.tsv: decomposes into a licensed affix plus another headword
paugtuan	pa- + ugtu + -an	an		demoted from roots.tsv: decomposes into a licensed affix plus another headword
pibatan	pi- + bat + -an	an		demoted from roots.tsv: decomposes into a licensed affix plus another headword
piblasan	piblas + -an	an		demoted from roots.tsv: decomposes into a licensed affix plus another headword
pikataman	pi- + katam + -an	an		demoted from roots.tsv: decomposes into a licensed affix plus another headword
pikayasan	pi- + kayas + -an	an		demoted from roots.tsv: decomposes into a licensed affix plus another headword
pikun	piku + -n	n		demoted from roots.tsv: decomposes into a licensed affix plus another headword
pindangan	pindang + -an	an		demoted from roots.tsv: decomposes into a licensed affix plus another headword
pinduan	pindu + -an	an		demoted from roots.tsv: decomposes into a licensed affix plus another headword
pinggan	pingga + -n	n		demoted from roots.tsv: decomposes into a licensed affix plus another headword
pirayanan	piraya + -nan	nan		demoted from roots.tsv: decomposes into a licensed affix plus another headword
pisingan	pi- + sing + -an	an		demoted from roots.tsv: decomposes into a licensed affix plus another headword
pititian	pi- + titi + -an	an		demoted from roots.tsv: decomposes into a licensed affix plus another headword
pitsun	pitsu + -n	n		demoted from roots.tsv: decomposes into a licensed affix plus another headword
piyalungan	piyalung + -an	an		demoted from roots.tsv: decomposes into a licensed affix plus another headword
platun	platu + -n	n		demoted from roots.tsv: decomposes into a licensed affix plus another headword
presion	presio + -n	n		demoted from roots.tsv: decomposes into a licensed affix plus another headword
pukian	puki + -an	an		demoted from roots.tsv: decomposes into a licensed affix plus another headword
pulun	pulu + -n	n		demoted from roots.tsv: decomposes into a licensed affix plus another headword
puntian	punti + -an	an		demoted from roots.tsv: decomposes into a licensed affix plus another headword
pusan	pusa + -n	n		demoted from roots.tsv: decomposes into a licensed affix plus another headword
saban	saba + -n	n		demoted from roots.tsv: decomposes into a licensed affix plus another headword
sabian	sabi + -an	an		demoted from roots.tsv: decomposes into a licensed affix plus another headword
salin	sali + -n	n		demoted from roots.tsv: decomposes into a licensed affix plus another headword
sangkapan	sangkap + -an	an		demoted from roots.tsv: decomposes into a licensed affix plus another headword
sanipan	sanip + -an	an		demoted from roots.tsv: decomposes into a licensed affix plus another headword
santingan	santing + -an	an		demoted from roots.tsv: decomposes into a licensed affix plus another headword
sapin	sapi + -n	n		demoted from roots.tsv: decomposes into a licensed affix plus another headword
sapingilan	sapingil + -an	an		demoted from roots.tsv: decomposes into a licensed affix plus another headword
saria	s + -ar- + ia	ia		demoted from roots.tsv: decomposes into a licensed affix plus another headword
sarili	s + -ar- + ili	ili		demoted from roots.tsv: decomposes into a licensed affix plus another headword
sasagan	sasag + -an	an		demoted from roots.tsv: decomposes into a licensed affix plus another headword
sauilan	sauil + -an	an		demoted from roots.tsv: decomposes into a licensed affix plus another headword
saupan	saup + -an	an		demoted from roots.tsv: decomposes into a licensed affix plus another headword
silaban	silab + -an	an		demoted from roots.tsv: decomposes into a licensed affix plus another headword
sinsinan	sinsin + -an	an		demoted from roots.tsv: decomposes into a licensed affix plus another headword
sipan	sipa + -n	n		demoted from roots.tsv: decomposes into a licensed affix plus another headword
sitsarun	sitsaru + -n	n		demoted from roots.tsv: decomposes into a licensed affix plus another headword
siualan	siuala + -n	n		demoted from roots.tsv: decomposes into a licensed affix plus another headword
sulatan	sulat + -an	an		demoted from roots.tsv: decomposes into a licensed affix plus another headword
sulsulan	sulsul + -an	an		demoted from roots.tsv: decomposes into a licensed affix plus another headword
sulukan	suluk + -an	an		demoted from roots.tsv: decomposes into a licensed affix plus another headword
suman	suma + -n	n		demoted from roots.tsv: decomposes into a licensed affix plus another headword
sumang	s + -um- + ang	ang		demoted from roots.tsv: decomposes into a licensed affix plus another headword
sumanga	s + -um- + anga	anga		demoted from roots.tsv: decomposes into a licensed affix plus another headword
susun	susu + -n	n		demoted from roots.tsv: decomposes into a licensed affix plus another headword
tabtaban	tabtab + -an	an		demoted from roots.tsv: decomposes into a licensed affix plus another headword
tabun	tabu + -n	n		demoted from roots.tsv: decomposes into a licensed affix plus another headword
tagan	tag + -an	an		demoted from roots.tsv: decomposes into a licensed affix plus another headword
tagun	tagu + -n	n		demoted from roots.tsv: decomposes into a licensed affix plus another headword
talan	tal + -an	an		demoted from roots.tsv: decomposes into a licensed affix plus another headword
tampan	tampa + -n	n		demoted from roots.tsv: decomposes into a licensed affix plus another headword
tangan	tang + -an	an		demoted from roots.tsv: decomposes into a licensed affix plus another headword
tanggian	tanggi + -an	an		demoted from roots.tsv: decomposes into a licensed affix plus another headword
tangnan	tang + -nan	nan		demoted from roots.tsv: decomposes into a licensed affix plus another headword
tantuan	tantu + -an	an		demoted from roots.tsv: decomposes into a licensed affix plus another headword
tarang	t + -ar- + ang	ang		demoted from roots.tsv: decomposes into a licensed affix plus another headword
taras	t + -ar- + as	as		demoted from roots.tsv: decomposes into a licensed affix plus another headword
tarima	t + -ar- + ima	ima		demoted from roots.tsv: decomposes into a licensed affix plus another headword
tarundun	t + -ar- + undun	undun		demoted from roots.tsv: decomposes into a licensed affix plus another headword
terakan	terak + -an	an		demoted from roots.tsv: decomposes into a licensed affix plus another headword
tikan	tika + -n	n		demoted from roots.tsv: decomposes into a licensed affix plus another headword
timan	tima + -n	n		demoted from roots.tsv: decomposes into a licensed affix plus another headword
timbulan	timbul + -an	an		demoted from roots.tsv: decomposes into a licensed affix plus another headword
timpukan	timpuk + -an	an		demoted from roots.tsv: decomposes into a licensed affix plus another headword
tinan	tin + -an	an		demoted from roots.tsv: decomposes into a licensed affix plus another headword
tukupan	tukup + -an	an		demoted from roots.tsv: decomposes into a licensed affix plus another headword
tulandungan	tulandung + -an	an		demoted from roots.tsv: decomposes into a licensed affix plus another headword
tulian	tuli + -an	an		demoted from roots.tsv: decomposes into a licensed affix plus another headword
tulun	tulu + -n	n		demoted from roots.tsv: decomposes into a licensed affix plus another headword
tumban	tumba + -n	n		demoted from roots.tsv: decomposes into a licensed affix plus another headword
tumirak	t + -um- + irak	irak		demoted from roots.tsv: decomposes into a licensed affix plus another headword
tumpangan	tumpang + -an	an		demoted from roots.tsv: decomposes into a licensed affix plus another headword
tungdun	tungdu + -n	n		demoted from roots.tsv: decomposes into a licensed affix plus another headword
ulayan	ulay + -an	an		demoted from roots.tsv: decomposes into a licensed affix plus another headword
undulan	undul + -an	an		demoted from roots.tsv: decomposes into a licensed affix plus another headword
unyun	unyu + -n	n		demoted from roots.tsv: decomposes into a licensed affix plus another headword
wagasan	wagas + -an	an		demoted from roots.tsv: decomposes into a licensed affix plus another headword
