rank	word	corpus_count	cumulative_token_gain_pct	suggested_category	root	segmentation	gloss_fil	decision	annotator
1	dios	1256	0.49	proper_noun					
2	ginu	1074	0.91	proper_noun					
3	jehova	958	1.28	proper_noun					
4	ring	660	1.54	pronoun_or_clitic_cluster					
5	tau	557	1.75	particle_or_pronoun					
6	oh	555	1.97	proper_noun					
7	banua	470	2.15	content_word					
8	balayan	400	2.31	content_word					
9	israel	387	2.46	proper_noun					
10	ibpa	353	2.59	content_word					
11	bie	277	2.70	particle_or_pronoun					
12	lagiu	269	2.81	pronoun_or_clitic_cluster					
13	dikil	268	2.91	pronoun_or_clitic_cluster					
14	pabustan	260	3.01	content_word					
15	kayabe	257	3.11	pronoun_or_clitic_cluster					
16	balu	255	3.21	content_word					
17	kaladua	248	3.31	content_word					
18	manibat	246	3.40	content_word					
19	jakob	234	3.49	proper_noun					
20	ari	229	3.58	particle_or_pronoun					
21	lugud	210	3.66	pronoun_or_clitic_cluster					
22	mang	205	3.74	pronoun_or_clitic_cluster					
23	marawak	202	3.82	content_word					
24	meging	200	3.90	pronoun_or_clitic_cluster					
25	siudad	194	3.98	content_word					
26	panaun	187	4.05	content_word					
27	matulid	185	4.12	content_word					
28	maragul	184	4.19	content_word					
29	buri	183	4.26	content_word					
30	ngana	182	4.33	content_word					
31	agpang	181	4.40	content_word					
32	binie	179	4.47	content_word					
33	jose	178	4.54	proper_noun					
34	egipto	177	4.61	proper_noun					
35	dewakan	175	4.68	content_word					
36	bansa	171	4.75	content_word					
37	mika	170	4.81	pronoun_or_clitic_cluster					
38	ume	162	4.88	particle_or_pronoun					
39	kabud	161	4.94	pronoun_or_clitic_cluster					
40	maki	158	5.00	pronoun_or_clitic_cluster					
41	ibie	157	5.06	content_word					
42	taung	151	5.12	content_word					
43	manuknangan	149	5.18	content_word					
44	siwala	148	5.23	content_word					
45	daptan	148	5.29	pronoun_or_clitic_cluster					
46	indu	146	5.35	content_word					
47	abraham	145	5.41	proper_noun					
48	depatan	142	5.46	content_word					
49	mete	140	5.52	pronoun_or_clitic_cluster					
50	dai	125	5.56	particle_or_pronoun					
51	purian	125	5.61	content_word					
52	kilub	124	5.66	pronoun_or_clitic_cluster					
53	pasibayu	124	5.71	content_word					
54	ginung	122	5.76	proper_noun					
55	david	122	5.80	proper_noun					
56	daka	121	5.85	pronoun_or_clitic_cluster					
57	utus	117	5.90	content_word					
58	talasuyu	114	5.94	content_word					
59	aduang	113	5.98	content_word					
60	mibalik	112	6.03	content_word					
61	kautusan	111	6.07	content_word					
62	mate	106	6.11	pronoun_or_clitic_cluster					
63	faraon	105	6.15	proper_noun					
64	dimdam	104	6.19	pronoun_or_clitic_cluster					
65	gewa	102	6.23	content_word					
66	iniang	102	6.27	content_word					
67	bini	98	6.31	content_word					
68	kayanakan	98	6.35	content_word					
69	bye	98	6.39	particle_or_pronoun					
70	deuteronomio	97	6.43	proper_noun					
71	deuteronomy	97	6.46	proper_noun					
72	naka	96	6.50	content_word					
73	mua	96	6.54	particle_or_pronoun					
74	namang	95	6.57	content_word					
75	kaniti	94	6.61	content_word					
76	ukum	93	6.65	content_word					
77	kaluguran	93	6.68	content_word					
78	kapurian	93	6.72	content_word					
79	pakiramdaman	92	6.76	content_word					
80	yan	92	6.79	particle_or_pronoun					
81	niti	91	6.83	content_word					
82	miras	90	6.86	content_word					
83	panalangin	90	6.90	content_word					
84	mangatua	89	6.93	content_word					
85	ping	88	6.97	content_word					
86	kinua	88	7.00	content_word					
87	isaac	88	7.03	proper_noun					
88	padre	88	7.07	content_word					
89	pitung	87	7.10	content_word					
90	inia	87	7.14	content_word					
91	inutus	86	7.17	content_word					
92	tutu	85	7.20	content_word					
93	nanumang	83	7.23	content_word					
94	pamamilatan	83	7.27	content_word					
95	esau	83	7.30	proper_noun					
96	genesis	81	7.33	proper_noun					
97	mabie	81	7.36	content_word					
98	baket	81	7.39	content_word					
99	malyari	80	7.42	content_word					
100	pekapun	80	7.46	content_word					
101	anac	80	7.49	content_word					
102	dayatmalat	79	7.52	content_word					
103	dioses	79	7.55	content_word					
104	salu	76	7.58	content_word					
105	tupa	75	7.61	content_word					
106	maigit	74	7.64	content_word					
107	selah	73	7.66	proper_noun					
108	inaus	71	7.69	content_word					
109	vaka	71	7.72	content_word					
110	tapat	71	7.75	content_word					
111	nganang	70	7.77	content_word					
112	linual	68	7.80	content_word					
113	mibangun	68	7.83	content_word					
114	adua	67	7.85	content_word					
115	maniabi	67	7.88	content_word					
116	dinan	67	7.91	content_word					
117	miniabi	66	7.93	content_word					
118	malyaring	66	7.96	content_word					
119	lubus	66	7.98	content_word					
120	darapat	65	8.01	content_word					
121	babie	64	8.03	content_word					
122	pibandian	64	8.06	content_word					
123	ati	64	8.08	particle_or_pronoun					
124	kubu	63	8.11	content_word					
125	ngara	63	8.13	content_word					
126	mie	62	8.16	particle_or_pronoun					
127	abram	62	8.18	proper_noun					
128	ro	62	8.20	particle_or_pronoun					
129	benjamin	62	8.23	proper_noun					
130	san	62	8.25	proper_noun					
131	mangaragul	61	8.28	content_word					
132	mekad	61	8.30	content_word					
133	abalu	60	8.32	content_word					
134	lual	60	8.35	content_word					
135	pekabuntuk	60	8.37	content_word					
136	kambe	60	8.39	content_word					
137	yng	60	8.42	particle_or_pronoun					
138	judges	59	8.44	proper_noun					
139	menuknangan	58	8.46	content_word					
140	pablasang	58	8.48	content_word					
141	ain	57	8.51	particle_or_pronoun					
142	pagamuamu	57	8.53	content_word					
143	moises	57	8.55	proper_noun					
144	talibung	56	8.57	content_word					
145	yo	55	8.59	particle_or_pronoun					
146	makapatulug	54	8.61	content_word					
147	dininan	54	8.64	content_word					
148	tuparan	54	8.66	content_word					
149	babayi	54	8.68	content_word					
150	diwa	53	8.70	content_word					
151	zion	53	8.72	proper_noun					
152	musiko	53	8.74	content_word					
153	tiagu	53	8.76	content_word					
154	espiritu	52	8.78	content_word					
155	mekibat	52	8.80	content_word					
156	kasakitan	52	8.82	content_word					
157	akilala	52	8.84	content_word					
158	agiang	52	8.86	content_word					
159	milabas	52	8.88	content_word					
160	manakit	51	8.90	content_word					
161	ayanak	50	8.92	content_word					
162	jordan	50	8.94	proper_noun					
163	manintun	50	8.96	content_word					
164	aliua	50	8.98	content_word					
165	malugud	49	9.00	content_word					
166	manalig	49	9.02	content_word					
167	dyos	49	9.04	proper_noun					
168	damasu	49	9.05	content_word					
169	tenyente	49	9.07	proper_noun					
170	daraptan	48	9.09	content_word					
171	sukat	48	9.11	content_word					
172	bunduk-bundukan	48	9.13	content_word					
173	atilu	47	9.15	content_word					
174	menganak	47	9.17	content_word					
175	nanupata	47	9.18	content_word					
176	nakang	47	9.20	content_word					
177	sakit	47	9.22	content_word					
178	munie	47	9.24	content_word					
179	ibarra	47	9.26	content_word					
180	lelangan	46	9.28	content_word					
181	penganak	46	9.29	content_word					
182	migising	46	9.31	content_word					
183	and	46	9.33	content_word					
184	angel	46	9.35	content_word					
185	saka	46	9.37	content_word					
186	sisuan	46	9.38	content_word					
187	menibatan	45	9.40	content_word					
188	panimanman	45	9.42	content_word					
189	banuang	45	9.44	content_word					
190	kalma	45	9.45	content_word					
191	ang	44	9.47	content_word					
192	libis	44	9.49	content_word					
193	poeta	44	9.50	content_word					
194	kabiasnan	43	9.52	content_word					
195	ng	43	9.54	content_word					
196	bungsu	43	9.55	content_word					
197	filisteos	43	9.57	proper_noun					
198	daralan	43	9.59	content_word					
199	rakel	43	9.60	proper_noun					
200	ngaku	43	9.62	content_word					
201	roka	43	9.64	content_word					
202	by	43	9.65	content_word					
203	pepanuanan	42	9.67	content_word					
204	mebie	42	9.69	content_word					
205	katapatan	42	9.70	content_word					
206	pakibat	42	9.72	content_word					
207	efraim	42	9.74	proper_noun					
208	abimelec	42	9.75	proper_noun					
209	leguan	42	9.77	content_word					
210	mibili	41	9.79	content_word					
211	mibait	41	9.80	content_word					
212	noe	41	9.82	proper_noun					
213	simpa	41	9.83	content_word					
214	in	41	9.85	content_word					
215	dening	41	9.86	content_word					
216	on	40	9.88	content_word					
217	ay	40	9.90	content_word					
218	memalen	40	9.91	content_word					
219	sakdal	39	9.93	content_word					
220	patutu	39	9.94	content_word					
221	gideon	39	9.96	proper_noun					
222	jesus	39	9.97	proper_noun					
223	po	39	9.99	content_word					
224	kinanua	38	10.00	content_word					
225	mitalakad	38	10.02	content_word					
226	pepakit	38	10.03	content_word					
227	lijim	38	10.05	content_word					
228	samson	38	10.06	proper_noun					
229	lipulan	37	10.08	content_word					
230	makiramdam	37	10.09	content_word					
231	inawa	37	10.10	content_word					
232	pamanalastas	37	10.12	content_word					
233	manibatan	36	10.13	content_word					
234	menakit	36	10.15	content_word					
235	telakad	36	10.16	content_word					
236	the	36	10.17	content_word					
237	pekiramdaman	36	10.19	content_word					
238	aganaka	36	10.20	content_word					
239	biasa	36	10.22	content_word					
240	daklat	36	10.23	content_word					
241	miragsa	36	10.24	content_word					
242	bukas	36	10.26	content_word					
243	rosa	36	10.27	proper_noun					
244	mga	36	10.29	content_word					
245	gino	35	10.30	proper_noun					
246	gilead	35	10.31	proper_noun					
247	kaligaligan	35	10.33	content_word					
248	komment	35	10.34	proper_noun					
249	dakang	34	10.35	content_word					
250	ammon	34	10.37	proper_noun					
251	puri	34	10.38	content_word					
252	dalung	34	10.39	content_word					
253	lea	34	10.41	proper_noun					
254	leon	34	10.42	content_word					
255	luguran	34	10.43	content_word					
256	maria	34	10.45	content_word					
257	saguli	34	10.46	content_word					
258	pinili	33	10.47	content_word					
259	lot	33	10.49	proper_noun					
260	makapangilabut	33	10.50	content_word					
261	nun	33	10.51	content_word					
262	buring	33	10.52	content_word					
263	dating	33	10.54	content_word					
264	u	33	10.55	content_word					
265	ima	33	10.56	content_word					
266	daung	32	10.58	content_word					
267	subali	32	10.59	content_word					
268	kaniting	32	10.60	content_word					
269	pagkeran	32	10.61	content_word					
270	pilinan	32	10.63	content_word					
271	usuk	32	10.64	content_word					
272	mukami	32	10.65	content_word					
273	eku	32	10.66	content_word					
274	bayintau	32	10.67	content_word					
275	apatapulung	31	10.69	content_word					
276	mitas	31	10.70	content_word					
277	prinsipes	31	10.71	content_word					
278	raka	31	10.72	content_word					
279	pilubluban	31	10.74	content_word					
280	durulukan	31	10.75	content_word					
281	lulual	31	10.76	content_word					
282	pemalagiuwan	31	10.77	content_word					
283	kayatulan	31	10.78	content_word					
284	makanianman	31	10.80	proper_noun					
285	nig	31	10.81	content_word					
286	jehovang	31	10.82	proper_noun					
287	linto	31	10.83	content_word					
288	binye	31	10.84	content_word					
289	don	31	10.86	proper_noun					
290	kareti	30	10.87	content_word					
291	mitagan	30	10.88	content_word					
292	moab	30	10.89	proper_noun					
293	pakibatan	30	10.90	content_word					
294	sikem	30	10.91	proper_noun					
295	angina	30	10.93	content_word					
296	palsintan	30	10.94	content_word					
297	tulid	29	10.95	content_word					
298	menibat	29	10.96	content_word					
299	kitang	29	10.97	content_word					
300	jerusalem	29	10.98	proper_noun					
301	kawatasan	29	10.99	content_word					
302	legwan	29	11.00	content_word					
303	beluan	28	11.02	content_word					
304	minie	28	11.03	content_word					
305	mayupaya	28	11.04	content_word					
306	likuan	28	11.05	content_word					
307	mitipun	28	11.06	content_word					
308	sigatan	28	11.07	content_word					
309	amoreos	28	11.08	proper_noun					
310	asias	28	11.09	content_word					
311	mikasala	28	11.10	content_word					
312	rebeka	28	11.11	proper_noun					
313	kasiran	28	11.12	content_word					
314	peka	28	11.14	content_word					
315	masakit	28	11.15	content_word					
316	bansang	28	11.16	content_word					
317	daun	28	11.17	content_word					
318	jefta	28	11.18	proper_noun					
319	kaladwa	28	11.19	content_word					
320	dalise	28	11.20	content_word					
321	lalto	28	11.21	content_word					
322	ba't	28	11.22	content_word					
323	kamelyo	27	11.23	content_word					
324	sumuyu	27	11.24	content_word					
325	midian	27	11.25	proper_noun					
326	alipan	27	11.26	content_word					
327	kalibakan	27	11.28	content_word					
328	gale	27	11.29	content_word					
329	likwan	27	11.30	content_word					
330	obra	27	11.31	content_word					
331	buac	27	11.32	content_word					
332	lunto	26	11.33	content_word					
333	panlalawe	26	11.34	content_word					
334	na't	26	11.35	content_word					
335	mitubud	26	11.36	content_word					
336	ejersito	26	11.37	content_word					
337	ibalik	26	11.38	content_word					
338	sinuyu	26	11.39	content_word					
339	mimumua	26	11.40	content_word					
340	tapuk	26	11.41	content_word					
341	makipamuk	26	11.42	content_word					
342	nia	26	11.43	content_word					
343	kagutgutan	26	11.44	content_word					
344	lasip	26	11.45	content_word					
345	inge	26	11.46	content_word					
346	kamarinayan	26	11.47	content_word					
347	ku't	26	11.48	content_word					
348	watas	26	11.49	content_word					
349	santu	26	11.50	content_word					
350	kaybat	26	11.51	content_word					
351	aliuang	26	11.52	content_word					
352	aggiang	26	11.53	content_word					
353	silid	25	11.54	content_word					
354	sapni	25	11.55	content_word					
355	dan	25	11.56	proper_noun					
356	kakataskatasan	25	11.57	proper_noun					
357	ulaga	25	11.58	content_word					
358	biserung	25	11.59	content_word					
359	justisia	25	11.60	content_word					
360	daramdaman	25	11.61	content_word					
361	sagu	25	11.62	content_word					
362	minum	25	11.63	content_word					
363	edom	25	11.64	proper_noun					
364	yutus	25	11.65	content_word					
365	katau	25	11.66	content_word					
366	manases	25	11.67	proper_noun					
367	dinalung	25	11.68	content_word					
368	buntuc	25	11.69	content_word					
369	pangatau	25	11.69	content_word					
370	ejersitos	25	11.70	content_word					
371	pansin	25	11.71	content_word					
372	indung	25	11.72	content_word					
373	kapamilatan	25	11.73	content_word					
374	sabyan	25	11.74	content_word					
375	babye	25	11.75	content_word					
376	ngakung	25	11.76	content_word					
377	kalasag	24	11.77	content_word					
378	katubale	24	11.78	content_word					
379	abimelek	24	11.79	proper_noun					
380	labis	24	11.80	content_word					
381	he	24	11.81	content_word					
382	kayupayan	24	11.82	content_word					
383	mangalati	24	11.83	content_word					
384	kaburian	24	11.84	content_word					
385	parati	24	11.85	content_word					
386	tagimpan	24	11.86	content_word					
387	virgen	24	11.87	content_word					
388	mipakarine	24	11.87	content_word					
389	emu	24	11.88	content_word					
390	myuman	24	11.89	content_word					
391	dng	24	11.90	content_word					
392	lon	24	11.91	content_word					
393	tinienti	24	11.92	content_word					
394	pangisnawa	23	11.93	content_word					
395	pastul	23	11.94	content_word					
396	atlungpulung	23	11.95	content_word					
397	sodoma	23	11.96	proper_noun					
398	saserdote	23	11.97	content_word					
399	mimua	23	11.98	content_word					
400	asabi	23	11.98	content_word					
401	selese	23	11.99	content_word					
402	liguran	23	12.00	content_word					
403	pisali	23	12.01	content_word					
404	kakaluguran	23	12.02	content_word					
405	pamintuan	23	12.03	content_word					
406	batis	23	12.04	content_word					
407	miligtas	23	12.05	content_word					
408	batiawan	23	12.06	content_word					
409	talapaniapat	23	12.06	content_word					
410	pamipamuk	23	12.07	content_word					
411	kakalinguan	23	12.08	content_word					
412	sheol	23	12.09	proper_noun					
413	tin	23	12.10	content_word					
414	mutya	23	12.11	content_word					
415	kura	23	12.12	content_word					
416	batuin	22	12.13	content_word					
417	kandungan	22	12.14	content_word					
418	mapalyari	22	12.14	content_word					
419	kagum	22	12.15	content_word					
420	kopa	22	12.16	content_word					
421	makibat	22	12.17	content_word					
422	yong	22	12.18	content_word					
423	pisasabian	22	12.19	content_word					
424	kalinguan	22	12.20	content_word					
425	silu	22	12.20	content_word					
426	marinat	22	12.21	content_word					
427	paimburisan	22	12.22	content_word					
428	anino	22	12.23	content_word					
429	gibea	22	12.24	proper_noun					
430	masampat	22	12.25	content_word					
431	krus	22	12.26	content_word					
432	saken	22	12.26	content_word					
433	diyos	22	12.27	content_word					
434	tinabi	21	12.28	content_word					
435	depat	21	12.29	content_word					
436	lilung	21	12.30	content_word					
437	di	21	12.30	proper_noun					
438	kiniak	21	12.31	content_word					
439	akalinguan	21	12.32	content_word					
440	nakayu	21	12.33	content_word					
441	you	21	12.34	content_word					
442	levita	21	12.35	proper_noun					
443	yanasa	21	12.35	proper_noun					
444	pengari	21	12.36	content_word					
445	mistula	21	12.37	content_word					
446	mu't	21	12.38	content_word					
447	templo	21	12.39	content_word					
448	din	21	12.39	content_word					
449	irug	21	12.40	content_word					
450	ya'ing	21	12.41	content_word					
451	panamdam	21	12.42	content_word					
452	aggia	21	12.43	content_word					
453	siuala	21	12.44	content_word					
454	misumpa	20	12.44	content_word					
455	parakalan	20	12.45	content_word					
456	biklat	20	12.46	content_word					
457	pitu	20	12.47	content_word					
458	mangatas	20	12.47	content_word					
459	patugut	20	12.48	content_word					
460	mirinan	20	12.49	content_word					
461	mangarawak	20	12.50	content_word					
462	seir	20	12.51	proper_noun					
463	payapa	20	12.51	content_word					
464	nanuman	20	12.52	content_word					
465	arapat	20	12.53	content_word					
466	inugse	20	12.54	content_word					
467	paten	20	12.54	content_word					
468	pagkalub	20	12.55	content_word					
469	linian	20	12.56	content_word					
470	yugse	20	12.57	content_word					
471	to	20	12.58	content_word					
472	karakal	20	12.58	content_word					
473	maluat	20	12.59	content_word					
474	kapagnasan	20	12.60	content_word					
475	kelinguan	20	12.61	content_word					
476	layun	20	12.61	content_word					
477	maliaring	20	12.62	content_word					
478	luat	20	12.63	content_word					
479	pagumasdan	20	12.64	content_word					
480	aun	20	12.65	content_word					
481	maybug	20	12.65	content_word					
482	karening	20	12.66	content_word					
483	pampanga	20	12.67	content_word					
484	dagat	20	12.68	content_word					
485	fransiskanu	20	12.68	content_word					
486	diegu	20	12.69	content_word					
487	dakayu	19	12.70	content_word					
488	daralung	19	12.71	content_word					
489	ikua	19	12.71	content_word					
490	baka	19	12.72	content_word					
491	pangamate	19	12.73	content_word					
492	kaligayan	19	12.74	content_word					
493	miabeabe	19	12.74	content_word					
494	milub	19	12.75	content_word					
495	masias	19	12.76	content_word					
496	kusa	19	12.77	content_word					
497	sale	19	12.77	content_word					
498	uyung	19	12.78	content_word					
499	marangal	19	12.79	content_word					
500	kin	19	12.80	content_word					
501	maliari	19	12.80	content_word					
502	migit	19	12.81	content_word					
503	ah	19	12.82	proper_noun					
504	sinag	19	12.83	content_word					
505	kaplas	19	12.83	content_word					
506	teresa	19	12.84	proper_noun					
507	uari	19	12.85	content_word					
508	mikawani	18	12.85	content_word					
509	animales	18	12.86	content_word					
510	ganid	18	12.87	content_word					
511	minukiat	18	12.88	content_word					
512	mitakutan	18	12.88	content_word					
513	pekibatan	18	12.89	content_word					
514	ukdu	18	12.90	content_word					
515	siam	18	12.90	content_word					
516	pasibayung	18	12.91	content_word					
517	sichem	18	12.92	proper_noun					
518	mikutkut	18	12.92	content_word					
519	karampatan	18	12.93	content_word					
520	pengaku	18	12.94	content_word					
521	ipagamuamu	18	12.95	content_word					
522	lukib	18	12.95	content_word					
523	misadia	18	12.96	content_word					
524	pampang	18	12.97	content_word					
525	reti	18	12.97	content_word					
526	pikakasaman	18	12.98	content_word					
527	milablab	18	12.99	content_word					
528	trigo	18	12.99	content_word					
529	ayan	18	13.00	content_word					
530	balung	18	13.01	content_word					
531	mangalating	18	13.02	content_word					
532	pamikapali	18	13.02	content_word					
533	sihon	18	13.03	proper_noun					
534	inatbus	18	13.04	content_word					
535	aaron	18	13.04	proper_noun					
536	ipasiag	18	13.05	content_word					
537	sisera	18	13.06	proper_noun					
538	manoa	18	13.06	proper_noun					
539	panatag	18	13.07	content_word					
540	ya't	18	13.08	content_word					
541	birhen	18	13.09	content_word					
542	musika	18	13.09	content_word					
543	kun	18	13.10	content_word					
544	sunis	18	13.11	content_word					
545	bustan	18	13.11	content_word					
546	europa	18	13.12	content_word					
547	dominiku	18	13.13	content_word					
548	clara	18	13.13	content_word					
549	pm	18	13.14	content_word					
550	leko	17	13.15	content_word					
551	tikpan	17	13.15	content_word					
552	sarai	17	13.16	proper_noun					
553	kekaban	17	13.17	content_word					
554	pamakipamuk	17	13.17	content_word					
555	maniaman	17	13.18	content_word					
556	ismael	17	13.19	proper_noun					
557	sakali	17	13.19	content_word					
558	mayakit	17	13.20	content_word					
559	angeles	17	13.21	content_word					
560	magbalik	17	13.21	content_word					
561	siran	17	13.22	content_word					
562	kayatinan	17	13.23	content_word					
563	sidia	17	13.23	content_word					
564	mantabe	17	13.24	content_word					
565	aptas	17	13.25	content_word					
566	katiwala	17	13.25	content_word					
567	mangalambut	17	13.26	content_word					
568	karalumduman	17	13.27	content_word					
569	lulugud	17	13.27	content_word					
570	of	17	13.28	content_word					
571	yuyutus	17	13.29	content_word					
572	mebalu	17	13.29	content_word					
573	sibukan	17	13.30	content_word					
574	maroc	17	13.31	content_word					
575	kapanamdaman	17	13.31	content_word					
576	ena	17	13.32	content_word					
577	kealan	17	13.33	content_word					
578	miglalang	17	13.33	content_word					
579	genaka	17	13.34	content_word					
580	gnu	17	13.35	content_word					
581	kakugn	17	13.35	content_word					
582	t	17	13.36	content_word					
583	sasabyan	17	13.37	content_word					
584	tawling	17	13.37	content_word					
585	sapat	17	13.38	content_word					
586	tambing	17	13.39	content_word					
587	poetang	17	13.39	content_word					
588	panugali	17	13.40	content_word					
589	poesia	17	13.41	content_word					
590	militar	17	13.41	content_word					
591	espanol	17	13.42	content_word					
592	ed	17	13.43	proper_noun					
593	eden	16	13.43	proper_noun					
594	pepalakuan	16	13.44	content_word					
595	kadua	16	13.44	content_word					
596	mekamate	16	13.45	content_word					
597	kalili	16	13.46	content_word					
598	nakatamu	16	13.46	content_word					
599	kayaldawan	16	13.47	content_word					
600	mekipamuk	16	13.48	content_word					
601	kananeos	16	13.48	proper_noun					
602	tajimik	16	13.49	content_word					
603	labislabis	16	13.49	content_word					
604	panamdaman	16	13.50	content_word					
605	liwal	16	13.51	content_word					
606	pepakilala	16	13.51	content_word					
607	karro	16	13.52	content_word					
608	saserdotes	16	13.53	content_word					
609	ngamu	16	13.53	content_word					
610	mingat	16	13.54	content_word					
611	kapainawan	16	13.54	content_word					
612	malipul	16	13.55	content_word					
613	tenam	16	13.56	content_word					
614	kasbu	16	13.56	content_word					
615	tao	16	13.57	content_word					
616	ibye	16	13.57	content_word					
617	maslag	16	13.58	content_word					
618	agaganaka	16	13.59	content_word					
619	mitatag	16	13.59	content_word					
620	pamanyampa	16	13.60	content_word					
621	nign	16	13.61	content_word					
622	lakwas	16	13.61	content_word					
623	rugu	16	13.62	content_word					
624	kabyasnan	16	13.62	content_word					
625	kng	16	13.63	content_word					
626	makudta	16	13.64	content_word					
627	byasang	16	13.64	content_word					
628	nwan	16	13.65	content_word					
629	la't	16	13.66	content_word					
630	filipinas	16	13.66	content_word					
631	pera	16	13.67	content_word					
632	b	16	13.67	content_word					
633	miliari	16	13.68	content_word					
634	isabel	16	13.69	content_word					
635	ako	16	13.69	content_word					
636	nyo	16	13.70	content_word					
637	kalaganapan	15	13.71	content_word					
638	ilual	15	13.71	content_word					
639	mipanuanan	15	13.72	content_word					
640	tinggap	15	13.72	content_word					
641	kitkut	15	13.73	content_word					
642	puad	15	13.73	content_word					
643	ngang	15	13.74	content_word					
644	pangaras	15	13.75	content_word					
645	bet-el	15	13.75	proper_noun					
646	levi	15	13.76	proper_noun					
647	inatulan	15	13.76	content_word					
648	zabulon	15	13.77	proper_noun					
649	maputi	15	13.78	content_word					
650	penintun	15	13.78	content_word					
651	sinira	15	13.79	content_word					
652	kore	15	13.79	proper_noun					
653	mangayap	15	13.80	content_word					
654	josue	15	13.80	proper_noun					
655	linipul	15	13.81	content_word					
656	lasakan	15	13.82	content_word					
657	bibu	15	13.82	content_word					
658	milalu	15	13.83	content_word					
659	idolos	15	13.83	content_word					
660	makibalu	15	13.84	content_word					
661	tabernakulo	15	13.85	content_word					
662	mau	15	13.85	content_word					
663	te	15	13.86	content_word					
664	menalig	15	13.86	content_word					
665	ibpang	15	13.87	content_word					
666	kasalpantayanan	15	13.87	content_word					
667	kuerdas	15	13.88	content_word					
668	pagsalbat	15	13.89	content_word					
669	santuario	15	13.89	content_word					
670	aklis	15	13.90	content_word					
671	agawa	15	13.90	content_word					
672	parusa	15	13.91	content_word					
673	bigu	15	13.92	content_word					
674	keying	15	13.92	content_word					
675	mikit	15	13.93	content_word					
676	bonifasio	15	13.93	proper_noun					
677	maralas	15	13.94	content_word					
678	ka't	15	13.94	content_word					
679	eya	15	13.95	content_word					
680	my	15	13.96	content_word					
681	love	15	13.96	content_word					
682	sibyla	15	13.97	content_word					
683	babaying	15	13.97	content_word					
684	sumakup	14	13.98	content_word					
685	neman	14	13.98	content_word					
686	sem	14	13.99	proper_noun					
687	mabibie	14	14.00	content_word					
688	uvasan	14	14.00	content_word					
689	haran	14	14.01	proper_noun					
690	milalablab	14	14.01	content_word					
691	inumis	14	14.02	content_word					
692	kabukas	14	14.02	content_word					
693	nabengi	14	14.03	content_word					
694	marapat	14	14.03	content_word					
695	makaramdam	14	14.04	content_word					
696	niting	14	14.04	content_word					
697	mimingat	14	14.05	content_word					
698	ruben	14	14.06	proper_noun					
699	mangamate	14	14.06	content_word					
700	pagnasan	14	14.07	content_word					
701	ela	14	14.07	content_word					
702	og	14	14.08	proper_noun					
703	kumabsi	14	14.08	content_word					
704	misaplala	14	14.09	content_word					
705	sumangid	14	14.09	content_word					
706	pungul	14	14.10	content_word					
707	pamikasala	14	14.10	content_word					
708	marok	14	14.11	content_word					
709	bayaran	14	14.12	content_word					
710	kagalang-galang	14	14.12	content_word					
711	maulaga	14	14.13	content_word					
712	tinikdo	14	14.13	content_word					
713	mengari	14	14.14	content_word					
714	minyabi	14	14.14	content_word					
715	judas	14	14.15	proper_noun					
716	panenayan	14	14.15	content_word					
717	pluma	14	14.16	content_word					
718	aguman	14	14.16	content_word					
719	malale	14	14.17	content_word					
720	renato	14	14.17	proper_noun					
721	alzadon	14	14.18	proper_noun					
722	roma	14	14.19	content_word					
723	ditac	14	14.19	content_word					
724	kaduang	13	14.20	content_word					
725	katlung	13	14.20	content_word					
726	manibala	13	14.21	content_word					
727	pepasibayu	13	14.21	content_word					
728	migdala	13	14.22	content_word					
729	taluktuk	13	14.22	content_word					
730	het	13	14.23	proper_noun					
731	rong	13	14.23	content_word					
732	baug	13	14.24	content_word					
733	ensina	13	14.24	content_word					
734	milual	13	14.25	content_word					
735	ketuan	13	14.25	content_word					
736	itulut	13	14.26	content_word					
737	deni	13	14.26	content_word					
738	manaliwang	13	14.27	content_word					
739	dasnan	13	14.27	content_word					
740	tupang	13	14.28	content_word					
741	pitnubayan	13	14.28	content_word					
742	menalakad	13	14.29	content_word					
743	bai	13	14.29	content_word					
744	apalsintan	13	14.30	content_word					
745	papalto	13	14.30	content_word					
746	pamanalangsang	13	14.31	content_word					
747	pepabal	13	14.31	content_word					
748	sakaling	13	14.32	content_word					
749	ipaintulut	13	14.32	content_word					
750	degulan	13	14.33	content_word					
751	patutut	13	14.33	content_word					
752	magari	13	14.34	content_word					
753	mangasanting	13	14.34	content_word					
754	lu	13	14.35	content_word					
755	tiru	13	14.35	content_word					
756	bagius	13	14.36	content_word					
757	dumpa	13	14.36	content_word					
758	merapat	13	14.37	content_word					
759	mayayakit	13	14.37	content_word					
760	akua	13	14.38	content_word					
761	piluluban	13	14.38	content_word					
762	barac	13	14.39	proper_noun					
763	jerubaal	13	14.39	proper_noun					
764	agiamang	13	14.40	content_word					
765	kibkuban	13	14.40	content_word					
766	kayo	13	14.41	content_word					
767	santo	13	14.41	proper_noun					
768	amen	13	14.42	proper_noun					
769	atbusan	13	14.42	content_word					
770	magkasakit	13	14.43	content_word					
771	maskil	13	14.43	content_word					
772	talasulat	13	14.44	content_word					
773	o'bat	13	14.44	content_word					
774	bitasang	13	14.45	content_word					
775	kultura	13	14.45	content_word					
776	kundiman	13	14.46	content_word					
777	tagle	13	14.46	content_word					
778	lingap	13	14.47	content_word					
779	ketasan	13	14.47	content_word					
780	mibata	13	14.48	content_word					
781	dimut	13	14.48	content_word					
782	pantas	13	14.49	content_word					
783	lwa	13	14.49	content_word					
784	lakwan	13	14.50	content_word					
785	pibandyan	13	14.50	content_word					
786	ampong	13	14.51	content_word					
787	lihim	13	14.51	content_word					
788	saglit	13	14.52	content_word					
789	bamban	13	14.52	proper_noun					
790	tikdo	13	14.53	content_word					
791	obrang	13	14.53	content_word					
792	kabilyan	13	14.54	content_word					
793	byasa	13	14.55	content_word					
794	pyalung	13	14.55	content_word					
795	karuaji	13	14.56	content_word					
796	bayintaung	13	14.56	content_word					
797	dintang	13	14.57	content_word					
798	tia	13	14.57	content_word					
799	patse	13	14.58	content_word					
800	poesya	13	14.58	content_word					
