mt_id,granularity,source_lang,target_lang,source_text,target_text,prompt_family,source_name_normalized,prompt_ordinal,source_recorded_speakers,target_recorded_speakers,quality_tier,source_name,source_archive,dataset_role,validation_status
pldmt_11968d0af1e0,phrase,pam,fil,Cayucut (end of the spinal column at the buttocks),balunbalunan,Iso,Iso_BodyParts.txt,1,70,109,medium,Philippine Languages Database aligned prompt inventory,1773845964108-up-dsp-pld.tar.gz,pld_prompt_aligned_mt_candidates,needs_alignment_review
pldmt_77e4c4179cca,word,pam,fil,Balbas,galáng-galáng,Iso,Iso_BodyParts.txt,2,70,109,medium,Philippine Languages Database aligned prompt inventory,1773845964108-up-dsp-pld.tar.gz,pld_prompt_aligned_mt_candidates,needs_alignment_review
pldmt_2061c84d53ae,phrase,pam,fil,Cayucut (end of the spinal column at the buttocks),palakingkingan,Iso,Iso_BodyParts.txt,3,70,109,medium,Philippine Languages Database aligned prompt inventory,1773845964108-up-dsp-pld.tar.gz,pld_prompt_aligned_mt_candidates,needs_alignment_review
pldmt_1e352e06388e,phrase,pam,fil,Cayucut (end of the spinal column at the buttocks),sakong,Iso,Iso_BodyParts.txt,4,70,109,medium,Philippine Languages Database aligned prompt inventory,1773845964108-up-dsp-pld.tar.gz,pld_prompt_aligned_mt_candidates,needs_alignment_review
pldmt_2f50f7a8a8d4,phrase,pam,fil,Cayucut (end of the spinal column at the buttocks),buto,Iso,Iso_BodyParts.txt,5,70,109,medium,Philippine Languages Database aligned prompt inventory,1773845964108-up-dsp-pld.tar.gz,pld_prompt_aligned_mt_candidates,needs_alignment_review
pldmt_53f37532f262,phrase,pam,fil,Balat buntuc,palasingsingan,Iso,Iso_BodyParts.txt,6,70,109,medium,Philippine Languages Database aligned prompt inventory,1773845964108-up-dsp-pld.tar.gz,pld_prompt_aligned_mt_candidates,needs_alignment_review
pldmt_8743aa0d0c5a,phrase,pam,fil,Cayucut (end of the spinal column at the buttocks),alak-alakan,Iso,Iso_BodyParts.txt,7,70,109,medium,Philippine Languages Database aligned prompt inventory,1773845964108-up-dsp-pld.tar.gz,pld_prompt_aligned_mt_candidates,needs_alignment_review
pldmt_ba6bc63e1b0c,word,pam,fil,Lilitid,balunbalunan,Iso,Iso_BodyParts.txt,8,70,109,medium,Philippine Languages Database aligned prompt inventory,1773845964108-up-dsp-pld.tar.gz,pld_prompt_aligned_mt_candidates,needs_alignment_review
pldmt_992c820fa6ea,word,pam,fil,tindaragul,talampakan,Iso,Iso_BodyParts.txt,9,70,109,medium,Philippine Languages Database aligned prompt inventory,1773845964108-up-dsp-pld.tar.gz,pld_prompt_aligned_mt_candidates,needs_alignment_review
pldmt_38d174a534a0,word,pam,fil,Bucung-bucung,galáng-galangán,Iso,Iso_BodyParts.txt,10,70,109,medium,Philippine Languages Database aligned prompt inventory,1773845964108-up-dsp-pld.tar.gz,pld_prompt_aligned_mt_candidates,needs_alignment_review
pldmt_b8cad809bc42,word,pam,fil,Buldit,pilikmata,Iso,Iso_BodyParts.txt,11,70,109,medium,Philippine Languages Database aligned prompt inventory,1773845964108-up-dsp-pld.tar.gz,pld_prompt_aligned_mt_candidates,needs_alignment_review
pldmt_26f205d454d8,phrase,pam,fil,Cayucut (end of the spinal column at the buttocks),bunganga,Iso,Iso_BodyParts.txt,12,70,109,medium,Philippine Languages Database aligned prompt inventory,1773845964108-up-dsp-pld.tar.gz,pld_prompt_aligned_mt_candidates,needs_alignment_review
pldmt_3fed9570c403,word,pam,fil,palakingkingan,kalingkingan,Iso,Iso_BodyParts.txt,13,70,109,medium,Philippine Languages Database aligned prompt inventory,1773845964108-up-dsp-pld.tar.gz,pld_prompt_aligned_mt_candidates,needs_alignment_review
pldmt_7065190ed029,word,pam,fil,Malingmingan,talampakan,Iso,Iso_BodyParts.txt,14,70,109,medium,Philippine Languages Database aligned prompt inventory,1773845964108-up-dsp-pld.tar.gz,pld_prompt_aligned_mt_candidates,needs_alignment_review
pldmt_3dcfab4122d9,phrase,pam,fil,Cayucut (end of the spinal column at the buttocks),súso,Iso,Iso_BodyParts.txt,15,70,109,medium,Philippine Languages Database aligned prompt inventory,1773845964108-up-dsp-pld.tar.gz,pld_prompt_aligned_mt_candidates,needs_alignment_review
pldmt_4e1e06fac9f5,word,pam,fil,Isku,itong,Iso,Iso_Educ.txt,1,70,83,medium,Philippine Languages Database aligned prompt inventory,1773845964108-up-dsp-pld.tar.gz,pld_prompt_aligned_mt_candidates,needs_alignment_review
pldmt_6d5ba007e3a5,word,pam,fil,Casi,Maynila,Iso,Iso_Educ.txt,2,70,83,medium,Philippine Languages Database aligned prompt inventory,1773845964108-up-dsp-pld.tar.gz,pld_prompt_aligned_mt_candidates,needs_alignment_review
pldmt_d55a5ac20d15,word,pam,fil,Pilanduc,itlog,Iso,Iso_Educ.txt,3,70,83,medium,Philippine Languages Database aligned prompt inventory,1773845964108-up-dsp-pld.tar.gz,pld_prompt_aligned_mt_candidates,needs_alignment_review
pldmt_615a3a4c3e88,word,pam,fil,Rizal,Soliman,Iso,Iso_Educ.txt,4,70,83,medium,Philippine Languages Database aligned prompt inventory,1773845964108-up-dsp-pld.tar.gz,pld_prompt_aligned_mt_candidates,needs_alignment_review
pldmt_280a54a4f9dc,word,pam,fil,Cacung,parang,Iso,Iso_Educ.txt,5,70,83,medium,Philippine Languages Database aligned prompt inventory,1773845964108-up-dsp-pld.tar.gz,pld_prompt_aligned_mt_candidates,needs_alignment_review
pldmt_455f204e771a,word,pam,fil,Cailangan,nagulat,Iso,Iso_Educ.txt,6,70,83,medium,Philippine Languages Database aligned prompt inventory,1773845964108-up-dsp-pld.tar.gz,pld_prompt_aligned_mt_candidates,needs_alignment_review
pldmt_a88dc70e3097,word,pam,fil,Gulisac,dumating,Iso,Iso_Educ.txt,7,70,83,medium,Philippine Languages Database aligned prompt inventory,1773845964108-up-dsp-pld.tar.gz,pld_prompt_aligned_mt_candidates,needs_alignment_review
pldmt_1455828b1c97,word,pam,fil,Pasibayung,Espanya,Iso,Iso_Educ.txt,8,70,83,medium,Philippine Languages Database aligned prompt inventory,1773845964108-up-dsp-pld.tar.gz,pld_prompt_aligned_mt_candidates,needs_alignment_review
pldmt_d08f052ae505,word,pam,fil,Espana,noong,Iso,Iso_Educ.txt,9,70,83,medium,Philippine Languages Database aligned prompt inventory,1773845964108-up-dsp-pld.tar.gz,pld_prompt_aligned_mt_candidates,needs_alignment_review
pldmt_51af96bb0ff9,word,pam,fil,Usman,nilang,Iso,Iso_Educ.txt,10,70,83,medium,Philippine Languages Database aligned prompt inventory,1773845964108-up-dsp-pld.tar.gz,pld_prompt_aligned_mt_candidates,needs_alignment_review
pldmt_cea65cb7ed00,word,pam,fil,Meyakit,maraming,Iso,Iso_Educ.txt,11,70,83,medium,Philippine Languages Database aligned prompt inventory,1773845964108-up-dsp-pld.tar.gz,pld_prompt_aligned_mt_candidates,needs_alignment_review
pldmt_1d9946098a26,word,pam,fil,Anggang,minsan,Iso,Iso_Educ.txt,12,70,83,medium,Philippine Languages Database aligned prompt inventory,1773845964108-up-dsp-pld.tar.gz,pld_prompt_aligned_mt_candidates,needs_alignment_review
pldmt_4ce51956f978,word,pam,fil,Pangaratang,tulad,Iso,Iso_Educ.txt,13,70,83,medium,Philippine Languages Database aligned prompt inventory,1773845964108-up-dsp-pld.tar.gz,pld_prompt_aligned_mt_candidates,needs_alignment_review
pldmt_6da7ee4cfbba,word,pam,fil,Niti,dalawa,Iso,Iso_Educ.txt,14,70,83,medium,Philippine Languages Database aligned prompt inventory,1773845964108-up-dsp-pld.tar.gz,pld_prompt_aligned_mt_candidates,needs_alignment_review
pldmt_5e555c9ec6ee,word,pam,fil,Pangaratang,Soliman,Iso,Iso_Educ.txt,15,70,83,medium,Philippine Languages Database aligned prompt inventory,1773845964108-up-dsp-pld.tar.gz,pld_prompt_aligned_mt_candidates,needs_alignment_review
pldmt_026b7610fe52,word,pam,fil,Caluguran,bayaw,Iso,Iso_Kinship.txt,1,70,109,medium,Philippine Languages Database aligned prompt inventory,1773845964108-up-dsp-pld.tar.gz,pld_prompt_aligned_mt_candidates,needs_alignment_review
pldmt_1782e2699f40,phrase,pam,fil,Caca (matuang capatad),diko,Iso,Iso_Kinship.txt,2,70,109,medium,Philippine Languages Database aligned prompt inventory,1773845964108-up-dsp-pld.tar.gz,pld_prompt_aligned_mt_candidates,needs_alignment_review
pldmt_dc092e4e5352,phrase,pam,fil,Caca (matuang capatad),madrasta,Iso,Iso_Kinship.txt,3,70,109,medium,Philippine Languages Database aligned prompt inventory,1773845964108-up-dsp-pld.tar.gz,pld_prompt_aligned_mt_candidates,needs_alignment_review
pldmt_27b4e5927969,phrase,pam,fil,Cabit (querida),manugang,Iso,Iso_Kinship.txt,4,70,109,medium,Philippine Languages Database aligned prompt inventory,1773845964108-up-dsp-pld.tar.gz,pld_prompt_aligned_mt_candidates,needs_alignment_review
pldmt_0fd47868fe95,word,pam,fil,Capusu,pamangkin,Iso,Iso_Kinship.txt,5,70,109,medium,Philippine Languages Database aligned prompt inventory,1773845964108-up-dsp-pld.tar.gz,pld_prompt_aligned_mt_candidates,needs_alignment_review
pldmt_8c2c0c9a3b57,phrase,pam,fil,Cabit (querida),balo,Iso,Iso_Kinship.txt,6,70,109,medium,Philippine Languages Database aligned prompt inventory,1773845964108-up-dsp-pld.tar.gz,pld_prompt_aligned_mt_candidates,needs_alignment_review
pldmt_d58c0687dd68,phrase,pam,fil,Tegauang lalaki,tiya,Iso,Iso_Kinship.txt,7,70,109,medium,Philippine Languages Database aligned prompt inventory,1773845964108-up-dsp-pld.tar.gz,pld_prompt_aligned_mt_candidates,needs_alignment_review
pldmt_215a399163a2,word,pam,fil,Capalsintan,kamag-anak,Iso,Iso_Kinship.txt,8,70,109,medium,Philippine Languages Database aligned prompt inventory,1773845964108-up-dsp-pld.tar.gz,pld_prompt_aligned_mt_candidates,needs_alignment_review
pldmt_699b26f46f2f,word,pam,fil,Manuyang,katambal,Iso,Iso_Kinship.txt,9,70,109,medium,Philippine Languages Database aligned prompt inventory,1773845964108-up-dsp-pld.tar.gz,pld_prompt_aligned_mt_candidates,needs_alignment_review
pldmt_bc83bc4bcf05,phrase,pam,fil,Siping bale,manugang,Iso,Iso_Kinship.txt,10,70,109,medium,Philippine Languages Database aligned prompt inventory,1773845964108-up-dsp-pld.tar.gz,pld_prompt_aligned_mt_candidates,needs_alignment_review
pldmt_7b1d4acc784b,word,pam,fil,Cacambal,kasintahan,Iso,Iso_Kinship.txt,11,70,109,medium,Philippine Languages Database aligned prompt inventory,1773845964108-up-dsp-pld.tar.gz,pld_prompt_aligned_mt_candidates,needs_alignment_review
pldmt_8426d5b71155,phrase,pam,fil,kabud (adv. immediately) -- kabud (adj. only),bakas-bakás (financial partnership-footprint),Iso,Iso_MinPairs.txt,1,70,109,medium,Philippine Languages Database aligned prompt inventory,1773845964108-up-dsp-pld.tar.gz,pld_prompt_aligned_mt_candidates,needs_alignment_review
pldmt_ec5cc8149385,phrase,pam,fil,pati (n. ganta) -- pati (prep. including),hapò-hapô (weariness-weary),Iso,Iso_MinPairs.txt,2,70,109,medium,Philippine Languages Database aligned prompt inventory,1773845964108-up-dsp-pld.tar.gz,pld_prompt_aligned_mt_candidates,needs_alignment_review
pldmt_013080463d37,phrase,pam,fil,palac (n. residue) -- palac (adj. much greater),dala-dalá-dalâ (net-take-taught by experience),Iso,Iso_MinPairs.txt,3,70,109,medium,Philippine Languages Database aligned prompt inventory,1773845964108-up-dsp-pld.tar.gz,pld_prompt_aligned_mt_candidates,needs_alignment_review
pldmt_44907440618c,phrase,pam,fil,"sepu (v. caught) -- sepu (adj. end, extremity)",kaka-kakâ (uncle/aunt-elder sister/brother),Iso,Iso_MinPairs.txt,4,70,109,medium,Philippine Languages Database aligned prompt inventory,1773845964108-up-dsp-pld.tar.gz,pld_prompt_aligned_mt_candidates,needs_alignment_review
pldmt_c0c4c330b4b7,phrase,pam,fil,kabud (adv. immediately) -- kabud (adj. only),bulo-bulô (hairs (of fruits)-young carabao),Iso,Iso_MinPairs.txt,5,70,109,medium,Philippine Languages Database aligned prompt inventory,1773845964108-up-dsp-pld.tar.gz,pld_prompt_aligned_mt_candidates,needs_alignment_review
pldmt_6f4bd178257a,phrase,pam,fil,baldug (v. fall) -- baldug (v. translate),sukat-sukát (measurement-measured),Iso,Iso_MinPairs.txt,6,70,109,medium,Philippine Languages Database aligned prompt inventory,1773845964108-up-dsp-pld.tar.gz,pld_prompt_aligned_mt_candidates,needs_alignment_review
pldmt_d190dbd689ff,phrase,pam,fil,masakit (adj. difficult) -- masakit (adj. painful),nahuli-nahulí (was caught-arrived late),Iso,Iso_MinPairs.txt,7,70,109,medium,Philippine Languages Database aligned prompt inventory,1773845964108-up-dsp-pld.tar.gz,pld_prompt_aligned_mt_candidates,needs_alignment_review
pldmt_50049d5436f1,phrase,pam,fil,piling (v. shake the head to say no) -- piling (n. bunch of bananas),pasò-pasô (scald/burn-flower pot),Iso,Iso_MinPairs.txt,8,69,109,medium,Philippine Languages Database aligned prompt inventory,1773845964108-up-dsp-pld.tar.gz,pld_prompt_aligned_mt_candidates,needs_alignment_review
pldmt_75b51b0c7d91,phrase,pam,fil,piling (v. shake the head to say no) -- piling (n. bunch of bananas),agáwan-agawán (to take by force-struggle),Iso,Iso_MinPairs.txt,9,70,109,medium,Philippine Languages Database aligned prompt inventory,1773845964108-up-dsp-pld.tar.gz,pld_prompt_aligned_mt_candidates,needs_alignment_review
pldmt_66f6d7e48d7f,phrase,pam,fil,Calabing apat,ikatatlumpu't pitong,Iso,Iso_Ordinal.txt,1,70,109,medium,Philippine Languages Database aligned prompt inventory,1773845964108-up-dsp-pld.tar.gz,pld_prompt_aligned_mt_candidates,needs_alignment_review
pldmt_72d020b95763,phrase,pam,fil,Caduampulu't apat,ikadalawampu't walong,Iso,Iso_Ordinal.txt,2,70,109,medium,Philippine Languages Database aligned prompt inventory,1773845964108-up-dsp-pld.tar.gz,pld_prompt_aligned_mt_candidates,needs_alignment_review
pldmt_c0fbf6f508a6,phrase,pam,fil,Calabingpitu,ikadalawampu't pitong,Iso,Iso_Ordinal.txt,3,70,109,medium,Philippine Languages Database aligned prompt inventory,1773845964108-up-dsp-pld.tar.gz,pld_prompt_aligned_mt_candidates,needs_alignment_review
pldmt_2d1b9db84062,phrase,pam,fil,Catlumpulu't atlu,ikadalawampu't pitong,Iso,Iso_Ordinal.txt,4,70,109,medium,Philippine Languages Database aligned prompt inventory,1773845964108-up-dsp-pld.tar.gz,pld_prompt_aligned_mt_candidates,needs_alignment_review
pldmt_4cfdb6b8d5f7,phrase,pam,fil,Cawalumpulung,ikadalawampu't tatlo,Iso,Iso_Ordinal.txt,5,70,109,medium,Philippine Languages Database aligned prompt inventory,1773845964108-up-dsp-pld.tar.gz,pld_prompt_aligned_mt_candidates,needs_alignment_review
pldmt_81e47f0bcfba,phrase,pam,fil,Calabing metung,ikadalawampu't isang,Iso,Iso_Ordinal.txt,6,70,109,medium,Philippine Languages Database aligned prompt inventory,1773845964108-up-dsp-pld.tar.gz,pld_prompt_aligned_mt_candidates,needs_alignment_review
pldmt_d9cd2786908e,phrase,pam,fil,Caduampulu't pitung,ikadalawampu't tatlo,Iso,Iso_Ordinal.txt,7,70,109,medium,Philippine Languages Database aligned prompt inventory,1773845964108-up-dsp-pld.tar.gz,pld_prompt_aligned_mt_candidates,needs_alignment_review
pldmt_09ab6afe2ed2,phrase,pam,fil,cadinalang,ikadalawampu't siyam,Iso,Iso_Ordinal.txt,8,70,109,medium,Philippine Languages Database aligned prompt inventory,1773845964108-up-dsp-pld.tar.gz,pld_prompt_aligned_mt_candidates,needs_alignment_review
pldmt_1c23615a12e2,phrase,pam,fil,Catlumpulu't metung,ikatatlumpu't walong,Iso,Iso_Ordinal.txt,9,70,109,medium,Philippine Languages Database aligned prompt inventory,1773845964108-up-dsp-pld.tar.gz,pld_prompt_aligned_mt_candidates,needs_alignment_review
pldmt_aae93cbfa36a,phrase,pam,fil,Catlumpulu't aduang,ikalawa,Iso,Iso_Ordinal.txt,10,70,109,medium,Philippine Languages Database aligned prompt inventory,1773845964108-up-dsp-pld.tar.gz,pld_prompt_aligned_mt_candidates,needs_alignment_review
pldmt_8203ca61f1f7,phrase,pam,fil,Catlumpulu't apat,ikadalawampu't walong,Iso,Iso_Ordinal.txt,11,70,109,medium,Philippine Languages Database aligned prompt inventory,1773845964108-up-dsp-pld.tar.gz,pld_prompt_aligned_mt_candidates,needs_alignment_review
pldmt_6fccfe1ef2a3,phrase,pam,fil,Caduampulu't atlu,ikatatlumpu't limang,Iso,Iso_Ordinal.txt,12,70,109,medium,Philippine Languages Database aligned prompt inventory,1773845964108-up-dsp-pld.tar.gz,pld_prompt_aligned_mt_candidates,needs_alignment_review
pldmt_e31f95bb4c9f,word,pam,fil,Salucuiang,labinlimang,Iso,Iso_Time.txt,1,70,109,medium,Philippine Languages Database aligned prompt inventory,1773845964108-up-dsp-pld.tar.gz,pld_prompt_aligned_mt_candidates,needs_alignment_review
pldmt_b6eb6a46f56b,word,pam,fil,nandin,Miyerkules,Iso,Iso_Time.txt,2,70,109,medium,Philippine Languages Database aligned prompt inventory,1773845964108-up-dsp-pld.tar.gz,pld_prompt_aligned_mt_candidates,needs_alignment_review
pldmt_7a133466b78a,word,pam,fil,cabang,dapithapon,Iso,Iso_Time.txt,3,70,109,medium,Philippine Languages Database aligned prompt inventory,1773845964108-up-dsp-pld.tar.gz,pld_prompt_aligned_mt_candidates,needs_alignment_review
pldmt_146d71d62725,word,pam,fil,Salucuiang,kinagabihan,Iso,Iso_Time.txt,4,70,109,medium,Philippine Languages Database aligned prompt inventory,1773845964108-up-dsp-pld.tar.gz,pld_prompt_aligned_mt_candidates,needs_alignment_review
pldmt_36da5b37f970,word,pam,fil,Salucuian,kasalukuyang,Iso,Iso_Time.txt,5,70,109,medium,Philippine Languages Database aligned prompt inventory,1773845964108-up-dsp-pld.tar.gz,pld_prompt_aligned_mt_candidates,needs_alignment_review
pldmt_40b25135078d,phrase,pam,fil,potang bagia,dapit-tanghali,Iso,Iso_Time.txt,6,70,109,medium,Philippine Languages Database aligned prompt inventory,1773845964108-up-dsp-pld.tar.gz,pld_prompt_aligned_mt_candidates,needs_alignment_review
pldmt_cbf867983f28,word,pam,fil,capilanman,pagkatapos,Iso,Iso_Time.txt,7,70,109,medium,Philippine Languages Database aligned prompt inventory,1773845964108-up-dsp-pld.tar.gz,pld_prompt_aligned_mt_candidates,needs_alignment_review
pldmt_77144c263409,word,pam,fil,panaun,kasalukuyang,Iso,Iso_Time.txt,8,70,109,medium,Philippine Languages Database aligned prompt inventory,1773845964108-up-dsp-pld.tar.gz,pld_prompt_aligned_mt_candidates,needs_alignment_review
pldmt_cbdba8176746,phrase,pam,fil,anggang capilanman,bágo,Iso,Iso_Time.txt,9,70,109,medium,Philippine Languages Database aligned prompt inventory,1773845964108-up-dsp-pld.tar.gz,pld_prompt_aligned_mt_candidates,needs_alignment_review
pldmt_54057f379da0,phrase,pam,fil,anggang capilanman,segusegundo,Iso,Iso_Time.txt,10,70,109,medium,Philippine Languages Database aligned prompt inventory,1773845964108-up-dsp-pld.tar.gz,pld_prompt_aligned_mt_candidates,needs_alignment_review
pldmt_4793a170cb0a,phrase,pam,fil,anggang capilanman,mamaya,Iso,Iso_Time.txt,11,70,109,medium,Philippine Languages Database aligned prompt inventory,1773845964108-up-dsp-pld.tar.gz,pld_prompt_aligned_mt_candidates,needs_alignment_review
pldmt_1664d06e1663,word,pam,fil,capilanman,bágo,Iso,Iso_Time.txt,12,70,109,medium,Philippine Languages Database aligned prompt inventory,1773845964108-up-dsp-pld.tar.gz,pld_prompt_aligned_mt_candidates,needs_alignment_review
pldmt_298589971952,phrase,pam,fil,ganing aldo,kamakatlo,Iso,Iso_Time.txt,13,70,109,medium,Philippine Languages Database aligned prompt inventory,1773845964108-up-dsp-pld.tar.gz,pld_prompt_aligned_mt_candidates,needs_alignment_review
pldmt_a43871bdc383,phrase,pam,fil,anggang capilanman,kalahati,Iso,Iso_Time.txt,14,70,109,medium,Philippine Languages Database aligned prompt inventory,1773845964108-up-dsp-pld.tar.gz,pld_prompt_aligned_mt_candidates,needs_alignment_review
pldmt_1a972aa6cd7a,word,pam,fil,panaun,mamaya,Iso,Iso_Time.txt,15,70,109,medium,Philippine Languages Database aligned prompt inventory,1773845964108-up-dsp-pld.tar.gz,pld_prompt_aligned_mt_candidates,needs_alignment_review
pldmt_f677eb71dc3e,word,pam,fil,Meyari,dati,Iso,Iso_Time.txt,16,70,109,medium,Philippine Languages Database aligned prompt inventory,1773845964108-up-dsp-pld.tar.gz,pld_prompt_aligned_mt_candidates,needs_alignment_review
pldmt_fd83ca885229,word,pam,fil,capilanman,dapit-umaga,Iso,Iso_Time.txt,17,70,109,medium,Philippine Languages Database aligned prompt inventory,1773845964108-up-dsp-pld.tar.gz,pld_prompt_aligned_mt_candidates,needs_alignment_review
pldmt_bc294df433eb,phrase,pam,fil,ganing aldo,minuminuto,Iso,Iso_Time.txt,18,70,109,medium,Philippine Languages Database aligned prompt inventory,1773845964108-up-dsp-pld.tar.gz,pld_prompt_aligned_mt_candidates,needs_alignment_review
pldmt_033a71cc2dc6,word,pam,fil,Salucuian,ngayong,Iso,Iso_Time.txt,19,70,109,medium,Philippine Languages Database aligned prompt inventory,1773845964108-up-dsp-pld.tar.gz,pld_prompt_aligned_mt_candidates,needs_alignment_review
pldmt_497a033df9f4,word,pam,fil,Salucuian,Miyerkules,Iso,Iso_Time.txt,20,70,109,medium,Philippine Languages Database aligned prompt inventory,1773845964108-up-dsp-pld.tar.gz,pld_prompt_aligned_mt_candidates,needs_alignment_review
pldmt_83da3d008f23,phrase,pam,fil,linabas a,kinagabihan,Iso,Iso_Time.txt,21,70,109,medium,Philippine Languages Database aligned prompt inventory,1773845964108-up-dsp-pld.tar.gz,pld_prompt_aligned_mt_candidates,needs_alignment_review
pldmt_16a7a2bdfcd2,phrase,pam,fil,Madalumdum,El Nino,Iso,Iso_Weather.txt,1,70,109,medium,Philippine Languages Database aligned prompt inventory,1773845964108-up-dsp-pld.tar.gz,pld_prompt_aligned_mt_candidates,needs_alignment_review
pldmt_470fc42f0b06,word,pam,fil,Banua,taglagas,Iso,Iso_Weather.txt,2,70,109,medium,Philippine Languages Database aligned prompt inventory,1773845964108-up-dsp-pld.tar.gz,pld_prompt_aligned_mt_candidates,needs_alignment_review
pldmt_35d75b6f2aa6,phrase,pam,fil,Tagsibul,biglaang pagbaha,Iso,Iso_Weather.txt,3,70,109,medium,Philippine Languages Database aligned prompt inventory,1773845964108-up-dsp-pld.tar.gz,pld_prompt_aligned_mt_candidates,needs_alignment_review
pldmt_5dbd7999b1e1,word,pam,fil,Panaun,maalinsángan,Iso,Iso_Weather.txt,4,70,109,medium,Philippine Languages Database aligned prompt inventory,1773845964108-up-dsp-pld.tar.gz,pld_prompt_aligned_mt_candidates,needs_alignment_review
pldmt_347b2982770a,word,pam,fil,Maialiualas,makulimlim,Iso,Iso_Weather.txt,5,70,109,medium,Philippine Languages Database aligned prompt inventory,1773845964108-up-dsp-pld.tar.gz,pld_prompt_aligned_mt_candidates,needs_alignment_review
pldmt_7f121a8aff52,phrase,pam,fil,Bugsu ning angin,halumigmig,Iso,Iso_Weather.txt,6,70,109,medium,Philippine Languages Database aligned prompt inventory,1773845964108-up-dsp-pld.tar.gz,pld_prompt_aligned_mt_candidates,needs_alignment_review
pldmt_1b1b214d5204,phrase,pam,fil,Maialumigmig,biglaang pagbaha,Iso,Iso_Weather.txt,7,70,109,medium,Philippine Languages Database aligned prompt inventory,1773845964108-up-dsp-pld.tar.gz,pld_prompt_aligned_mt_candidates,needs_alignment_review
pldmt_b77992c7e0c7,phrase,pam,fil,Bugsu ning angin,bugso ng hangin,Iso,Iso_Weather.txt,8,70,109,medium,Philippine Languages Database aligned prompt inventory,1773845964108-up-dsp-pld.tar.gz,pld_prompt_aligned_mt_candidates,needs_alignment_review
pldmt_c337aa78f132,phrase,pam,fil,Maialumigmig,bugso ng hangin,Iso,Iso_Weather.txt,9,70,109,medium,Philippine Languages Database aligned prompt inventory,1773845964108-up-dsp-pld.tar.gz,pld_prompt_aligned_mt_candidates,needs_alignment_review
pldmt_7c61d50042d8,sentence,pam,fil,Mayap a bengi pu kecayu.,Maraming salamat.,Utt,Utt_CommonExpressions.txt,1,70,109,high,Philippine Languages Database aligned prompt inventory,1773845964108-up-dsp-pld.tar.gz,pld_prompt_aligned_mt_candidates,needs_alignment_review
pldmt_e5d908dc32e6,sentence,pam,fil,Nucarin cayu pu macatucnang?,Maligayang bati po sa inyo.,Utt,Utt_CommonExpressions.txt,2,70,109,high,Philippine Languages Database aligned prompt inventory,1773845964108-up-dsp-pld.tar.gz,pld_prompt_aligned_mt_candidates,needs_alignment_review
pldmt_ca197f89b141,sentence,pam,fil,Nucarin cayu hu macatucnang?,Maligayang kaarawan po sa inyo.,Utt,Utt_CommonExpressions.txt,3,70,109,high,Philippine Languages Database aligned prompt inventory,1773845964108-up-dsp-pld.tar.gz,pld_prompt_aligned_mt_candidates,needs_alignment_review
pldmt_90cda28253e2,phrase,pam,fil,Pacencia na pu kecayu.,Gusto niyo pong kumain?,Utt,Utt_CommonExpressions.txt,4,70,109,high,Philippine Languages Database aligned prompt inventory,1773845964108-up-dsp-pld.tar.gz,pld_prompt_aligned_mt_candidates,needs_alignment_review
pldmt_30ddbe883b59,sentence,pam,fil,Mayap a gatpanapun pu kecayu.,Ano hong pangalan ninyo?,Utt,Utt_CommonExpressions.txt,5,70,109,high,Philippine Languages Database aligned prompt inventory,1773845964108-up-dsp-pld.tar.gz,pld_prompt_aligned_mt_candidates,needs_alignment_review
pldmt_915656457f7b,phrase,pam,fil,Maligayang bati pu.,Wala pong anuman.,Utt,Utt_CommonExpressions.txt,6,70,109,high,Philippine Languages Database aligned prompt inventory,1773845964108-up-dsp-pld.tar.gz,pld_prompt_aligned_mt_candidates,needs_alignment_review
pldmt_c0a6319de854,sentence,pam,fil,Nucarin ya pu ing terminal ning bus?,Ilang taon na ho kayo?,Utt,Utt_CommonExpressions.txt,7,70,109,high,Philippine Languages Database aligned prompt inventory,1773845964108-up-dsp-pld.tar.gz,pld_prompt_aligned_mt_candidates,needs_alignment_review
pldmt_8f99957e4a6c,sentence,pam,fil,Mayap a bengi hu kecayu.,Magandang umaga po sa inyo.,Utt,Utt_CommonExpressions.txt,8,70,109,high,Philippine Languages Database aligned prompt inventory,1773845964108-up-dsp-pld.tar.gz,pld_prompt_aligned_mt_candidates,needs_alignment_review
pldmt_b4cb23f2cbf8,sentence,pam,fil,Mayap a abac pu kecayu.,Maligayang bati ho sa inyo.,Utt,Utt_CommonExpressions.txt,9,70,109,high,Philippine Languages Database aligned prompt inventory,1773845964108-up-dsp-pld.tar.gz,pld_prompt_aligned_mt_candidates,needs_alignment_review
pldmt_cec0f18a7668,sentence,pam,fil,E na co hu mangabala.,Maligayang kaarawan ho sa inyo.,Utt,Utt_CommonExpressions.txt,10,70,109,high,Philippine Languages Database aligned prompt inventory,1773845964108-up-dsp-pld.tar.gz,pld_prompt_aligned_mt_candidates,needs_alignment_review
pldmt_cfa0b1f12439,sentence,pam,fil,Pilang na co pung banua?,Maligayang bati ho sa inyo.,Utt,Utt_CommonExpressions.txt,11,70,109,high,Philippine Languages Database aligned prompt inventory,1773845964108-up-dsp-pld.tar.gz,pld_prompt_aligned_mt_candidates,needs_alignment_review
pldmt_a8364c94d910,sentence,pam,fil,Maligayang kebaitan hu kecayu.,Magkita na lang po tayo sa susunod.,Utt,Utt_CommonExpressions.txt,12,70,109,high,Philippine Languages Database aligned prompt inventory,1773845964108-up-dsp-pld.tar.gz,pld_prompt_aligned_mt_candidates,needs_alignment_review
pldmt_416c18aa4058,sentence,pam,fil,Bibilugan mucu yata?,Magandang umaga po sa inyo.,Utt,Utt_CommonExpressions.txt,13,70,109,high,Philippine Languages Database aligned prompt inventory,1773845964108-up-dsp-pld.tar.gz,pld_prompt_aligned_mt_candidates,needs_alignment_review
pldmt_8961d97f9f23,sentence,pam,fil,Nucarin ya hu ing terminal ning bus?,Marami ka bang gagawin?,Utt,Utt_CommonExpressions.txt,14,70,109,high,Philippine Languages Database aligned prompt inventory,1773845964108-up-dsp-pld.tar.gz,pld_prompt_aligned_mt_candidates,needs_alignment_review
pldmt_045392a08c51,phrase,pam,fil,Maligayang kebaitan pu.,Maraming salamat po.,Utt,Utt_CommonExpressions.txt,15,70,109,high,Philippine Languages Database aligned prompt inventory,1773845964108-up-dsp-pld.tar.gz,pld_prompt_aligned_mt_candidates,needs_alignment_review
pldmt_2f9023ea7fc9,phrase,pam,fil,Nanung pamangan tamu ngeni?,Maligayang bati po.,Utt,Utt_CommonExpressions.txt,16,70,109,high,Philippine Languages Database aligned prompt inventory,1773845964108-up-dsp-pld.tar.gz,pld_prompt_aligned_mt_candidates,needs_alignment_review
pldmt_afabeed64d19,phrase,pam,fil,Calugurang caluguran daca.,Saan po kayo nakatira?,Utt,Utt_CommonExpressions.txt,17,70,109,high,Philippine Languages Database aligned prompt inventory,1773845964108-up-dsp-pld.tar.gz,pld_prompt_aligned_mt_candidates,needs_alignment_review
pldmt_dab7f3e78c50,sentence,pam,fil,Bibilugan mucu yata?,Magkita na lang po tayo sa susunod.,Utt,Utt_CommonExpressions.txt,18,70,109,high,Philippine Languages Database aligned prompt inventory,1773845964108-up-dsp-pld.tar.gz,pld_prompt_aligned_mt_candidates,needs_alignment_review
pldmt_3e1554828bcf,sentence,pam,fil,Linisan ing silid-pagaralan.,Itaas lang ang kamay 'wag nang magsabi ng Ma'am.,Utt,Utt_Educ.txt,1,70,63,high,Philippine Languages Database aligned prompt inventory,1773845964108-up-dsp-pld.tar.gz,pld_prompt_aligned_mt_candidates,needs_alignment_review
pldmt_62256110e2a9,phrase,pam,fil,Agnan-agnan alang mumuna.,Tumahimik at makinig.,Utt,Utt_Educ.txt,2,70,63,high,Philippine Languages Database aligned prompt inventory,1773845964108-up-dsp-pld.tar.gz,pld_prompt_aligned_mt_candidates,needs_alignment_review
pldmt_3d74d1f77885,sentence,pam,fil,Buclat ya ing aclat king pagina catlu.,Sino'ng hindi naintindihan?,Utt,Utt_Educ.txt,3,70,63,high,Philippine Languages Database aligned prompt inventory,1773845964108-up-dsp-pld.tar.gz,pld_prompt_aligned_mt_candidates,needs_alignment_review
pldmt_5fb04dc8559e,phrase,pam,fil,Dalan ya king opisina.,magpasa ng tahimik,Utt,Utt_Educ.txt,4,70,63,high,Philippine Languages Database aligned prompt inventory,1773845964108-up-dsp-pld.tar.gz,pld_prompt_aligned_mt_candidates,needs_alignment_review
pldmt_545d9598c230,sentence,pam,fil,Mengan na cayu wari?,Lagyan ng cover ang aklat.,Utt,Utt_Educ.txt,5,70,63,high,Philippine Languages Database aligned prompt inventory,1773845964108-up-dsp-pld.tar.gz,pld_prompt_aligned_mt_candidates,needs_alignment_review
pldmt_6e245c93594b,sentence,pam,fil,Iwasang makisabi king casiping.,Sino ang tutulong sa kanya para maiwasto ang sagot.,Utt,Utt_Educ.txt,6,70,63,high,Philippine Languages Database aligned prompt inventory,1773845964108-up-dsp-pld.tar.gz,pld_prompt_aligned_mt_candidates,needs_alignment_review
pldmt_96deffb8d5f4,sentence,pam,fil,Bilisan ing pamangan.,Tingnan ko nga kung sino ang mabait?,Utt,Utt_Educ.txt,7,70,63,high,Philippine Languages Database aligned prompt inventory,1773845964108-up-dsp-pld.tar.gz,pld_prompt_aligned_mt_candidates,needs_alignment_review
pldmt_f40c8a85fc24,sentence,pam,fil,Pakibatang tahimic ding cutang king pakibatang papil.,Sino ang dito kakain?,Utt,Utt_Educ.txt,8,70,63,high,Philippine Languages Database aligned prompt inventory,1773845964108-up-dsp-pld.tar.gz,pld_prompt_aligned_mt_candidates,needs_alignment_review
pldmt_c300a5e9851c,sentence,pam,fil,Makiramdam.,Sabihin sa nanay na may meeting.,Utt,Utt_Educ.txt,9,70,63,high,Philippine Languages Database aligned prompt inventory,1773845964108-up-dsp-pld.tar.gz,pld_prompt_aligned_mt_candidates,needs_alignment_review
pldmt_1da145b8e874,sentence,pam,fil,Cumang metung a mabilug a papil dinan yeng lagiu,Magpuputol ng kuko sa nanay kapag mahaba na ang mga kuko.,Utt,Utt_Educ.txt,10,70,63,high,Philippine Languages Database aligned prompt inventory,1773845964108-up-dsp-pld.tar.gz,pld_prompt_aligned_mt_candidates,needs_alignment_review
pldmt_1c54db60932a,phrase,pam,fil,Dalan ya king opisina.,Sabay-sabay walang mauuna.,Utt,Utt_Educ.txt,11,70,63,high,Philippine Languages Database aligned prompt inventory,1773845964108-up-dsp-pld.tar.gz,pld_prompt_aligned_mt_candidates,needs_alignment_review
pldmt_98bd8b37748a,sentence,pam,fil,E co pupulayi king kilub ning cuarto.,Huwag palaging tasa ng tasa,Utt,Utt_Educ.txt,12,70,63,high,Philippine Languages Database aligned prompt inventory,1773845964108-up-dsp-pld.tar.gz,pld_prompt_aligned_mt_candidates,needs_alignment_review
pldmt_edf84bcda20f,sentence,pam,fil,E yu ulitan ing pamanyulud ning imalan yu.,Naiintindihan ba mga bata?,Utt,Utt_Educ.txt,13,70,63,high,Philippine Languages Database aligned prompt inventory,1773845964108-up-dsp-pld.tar.gz,pld_prompt_aligned_mt_candidates,needs_alignment_review
pldmt_8f1166f074c7,sentence,pam,fil,"Lumacad mu, e pupulayi.",ilagay sa tamang lagayan ang basura,Utt,Utt_Educ.txt,14,70,63,high,Philippine Languages Database aligned prompt inventory,1773845964108-up-dsp-pld.tar.gz,pld_prompt_aligned_mt_candidates,needs_alignment_review
pldmt_af60689185a3,phrase,pam,fil,Magsane mamasa at mamilang.,Umupo ng maayos.,Utt,Utt_Educ.txt,15,70,63,high,Philippine Languages Database aligned prompt inventory,1773845964108-up-dsp-pld.tar.gz,pld_prompt_aligned_mt_candidates,needs_alignment_review
pldmt_1702a00c8b24,sentence,pam,fil,"Melaus ya ing matsing king cayang maroc a gawa cabang king tauli, e na tipdan ing cayang pangacu at inatsa ne ing pau king danum.","Tangi pa rito, ang mga punong saging ay madalas na binubunot ng mga tao, gaya ng ginawa ng pangunang mga tauhan ng ating kuwento, itinatanim nila at pinipitas ang mga bunga (o ang pusong nagbibigay ng mga bunga) sa loob ng tatlo o apat na araw.",Utt,Utt_Essay.txt,1,70,109,high,Philippine Languages Database aligned prompt inventory,1773845964108-up-dsp-pld.tar.gz,pld_prompt_aligned_mt_candidates,needs_alignment_review
pldmt_6a71eb242c5c,sentence,pam,fil,"Metung yang maingat a pamaniuri at pamipareu ing mituru kecatamu ing tune nang buud ding aduang cuentu ibat sa king Mauli ning Sumatra, Java, Mindanao o nung ali man caya king capuluang Filipinas, at caibat dela de ding tau o liping linipat king bandang Pangulu ban manucnangan caring Pulu ning Japon at Riu-kiu.","May nagsabi sa akin nang ako'y nasa Hapon na ang pagong sa mga tao roon ay isang tanda ng kawalang-hanggan o kaya'y tanda ng isang bagay na kagalang-galang, banal, at iba pa, na maaaring may kinalaman ang kabihasnang Intsik.",Utt,Utt_Essay.txt,2,69,109,high,Philippine Languages Database aligned prompt inventory,1773845964108-up-dsp-pld.tar.gz,pld_prompt_aligned_mt_candidates,needs_alignment_review
pldmt_c9a04473b126,sentence,pam,fil,"Ing panakit da king pau metung yang macalunus, malati at alang male a bage, dapot maingat king capamaralan, migit yang calunusan kesa hangaan o igalang caya.","""Ngunit ang alimango'y hindi maaaring umakyat sa punongkahoy."" ang pariralang ito ay magiging lalong tama sa pagong; sa aming paniwala, ang alimangong may sipit at mga paa ay maaaring umakyat na katulad ng matsing; madaling naaakyat ng alimango ang alin mang bato, moog, at iba pa.",Utt,Utt_Essay.txt,3,68,109,high,Philippine Languages Database aligned prompt inventory,1773845964108-up-dsp-pld.tar.gz,pld_prompt_aligned_mt_candidates,needs_alignment_review
pldmt_d47c30badb09,sentence,pam,fil,"Ing matsing caring aduang pabulang deti ginanap yang metung a papil, sakim, magaspang, maroc at mapag-iganti; ing king Japong mitmung kaki ya ing pun saging king Filipinas, saguling tumubu at mamunga kesa caring aliuang pun dutung.","Ito'y isang magandang puno, may malalaki't luntiang dahon, at may mga ugat pang wari'y kabubuwal lamang pagkatapos ng bagyo.",Utt,Utt_Essay.txt,4,47,109,high,Philippine Languages Database aligned prompt inventory,1773845964108-up-dsp-pld.tar.gz,pld_prompt_aligned_mt_candidates,needs_alignment_review
pldmt_f35b46a021c6,sentence,pam,fil,Malagua yang tinubu ing butul anggang meging metung yang matas a pun dutung.,"Ang matsing sa dalawang pabulang ito'y gumaganap ng isang papel, masakim, magaspang, balakyot at mapaghiganti; ang sa Hapong puno ng kaki ay siyang punong saging sa Pilipinas, madaling tumubo at mamunga kaysa ibang mga punongkahoy.",Utt,Utt_Essay.txt,5,46,109,high,Philippine Languages Database aligned prompt inventory,1773845964108-up-dsp-pld.tar.gz,pld_prompt_aligned_mt_candidates,needs_alignment_review
pldmt_92ddb8110523,sentence,pam,fil,"Nung ding matsing migit lang masican kesa caring alimangong magnasang capayapan, ing bage iti e macapanamuyut king ari a lungub king lungga a alang cayabe, anting e da neman pinilit ning lalung mas masican a calaban; dapot ing maliari munta la ding alimango caring matsing ban makipagcasundu.","Tangi pa rito, ang mga punong saging ay madalas na binubunot ng mga tao, gaya ng ginawa ng pangunang mga tauhan ng ating kuwento, itinatanim nila at pinipitas ang mga bunga (o ang pusong nagbibigay ng mga bunga) sa loob ng tatlo o apat na araw.",Utt,Utt_Essay.txt,6,33,109,high,Philippine Languages Database aligned prompt inventory,1773845964108-up-dsp-pld.tar.gz,pld_prompt_aligned_mt_candidates,needs_alignment_review
pldmt_8b49a52bd72e,sentence,pam,fil,"Ing pamanyaup nang lusung, alu, bonbuan at ning ebun caring mimumuang alimango magpatune kecatamung malayang caisipan ding Japon.","Ang matsing sa dalawang pabulang ito'y gumaganap ng isang papel, masakim, magaspang, balakyot at mapaghiganti; ang sa Hapong puno ng kaki ay siyang punong saging sa Pilipinas, madaling tumubo at mamunga kaysa ibang mga punongkahoy.",Utt,Utt_Essay.txt,7,32,109,high,Philippine Languages Database aligned prompt inventory,1773845964108-up-dsp-pld.tar.gz,pld_prompt_aligned_mt_candidates,needs_alignment_review
pldmt_b5383dd39b70,sentence,pam,fil,Miras ya king mainang pau ing bandang ilalam a king lawe matsura ya dapot magtagle nemang dacal a uyat.,"Sa kuwentong Pilipino, ang paghihiganti ng pagong kahit na may kaunting kamulalaan ay nagpapakilala ng una't pambihirang pamamaraan, ""may matutulis na susó"", samantalang sa kuwentong Hapon ay may bakas ng lalong maunlad na kalagayan ng kapisanan, gaya ng digmaan ng mga alimango at mga matsing.",Utt,Utt_Essay.txt,8,34,109,high,Philippine Languages Database aligned prompt inventory,1773845964108-up-dsp-pld.tar.gz,pld_prompt_aligned_mt_candidates,needs_alignment_review
pldmt_4b5e8057c84a,sentence,pam,fil,"E apaglinlangan sabian a ding aduang pabulang deti, agiang miyaliua la sepu atin lang metung a penibatan, o nung caya ating yang pamicatmu ing metung king metung.","Tangi pa rito, ang mga punong saging ay madalas na binubunot ng mga tao, gaya ng ginawa ng pangunang mga tauhan ng ating kuwento, itinatanim nila at pinipitas ang mga bunga (o ang pusong nagbibigay ng mga bunga) sa loob ng tatlo o apat na araw.",Utt,Utt_Essay.txt,9,31,109,high,Philippine Languages Database aligned prompt inventory,1773845964108-up-dsp-pld.tar.gz,pld_prompt_aligned_mt_candidates,needs_alignment_review
pldmt_af6f5eff89a8,sentence,pam,fil,"Ing panakit da king pau metung yang macalunus, malati at alang male a bage, dapot maingat king capamaralan, migit yang calunusan kesa hangaan o igalang caya.","May nagsabi sa akin nang ako'y nasa Hapon na ang pagong sa mga tao roon ay isang tanda ng kawalang-hanggan o kaya'y tanda ng isang bagay na kagalang-galang, banal, at iba pa, na maaaring may kinalaman ang kabihasnang Intsik.",Utt,Utt_Essay.txt,10,33,109,high,Philippine Languages Database aligned prompt inventory,1773845964108-up-dsp-pld.tar.gz,pld_prompt_aligned_mt_candidates,needs_alignment_review
pldmt_4d5c20ad3b81,sentence,pam,fil,"Samantala, magcasia tana pa king metung a pamaniuri at pamamunie mapilang casian manibat king metung a masusing pamipareu ding aduang cuentu.","Ang katotohanang, ang kuwentong ito ay alam kahit saan mang dako ng Pilipinas; sa bawat pulo, lalawigan, at nayon, ay nagpapakilalang ito'y minana sa isang naglahong kabihasnang karaniwan sa mga lahing nanirahan nang panahong iyon.",Utt,Utt_Essay.txt,11,33,109,high,Philippine Languages Database aligned prompt inventory,1773845964108-up-dsp-pld.tar.gz,pld_prompt_aligned_mt_candidates,needs_alignment_review
pldmt_f9798760161b,sentence,pam,fil,"""Mayap, atme cayapan!"" ing pakibat ning pau. "" E cu mu pin miukyat king pun at macapanagtal caring cayang bunga.""","Ang tingin nila sa pagong ay isang kaawa-awa, maliit at walang malay na bagay, ngunit maingat sa pamamaraan, higit na kinaaawaan kaysa hangaan o igalang kaya.",Utt,Utt_Essay.txt,12,33,109,high,Philippine Languages Database aligned prompt inventory,1773845964108-up-dsp-pld.tar.gz,pld_prompt_aligned_mt_candidates,needs_alignment_review
pldmt_cec7e7510625,sentence,pam,fil,Mayalang galang na po.,Ipagpaumanhin po ninyo ang aking pagkakamali.,Utt,Utt_Greetings.txt,1,70,109,high,Philippine Languages Database aligned prompt inventory,1773845964108-up-dsp-pld.tar.gz,pld_prompt_aligned_mt_candidates,needs_alignment_review
pldmt_2bda4b86d598,sentence,pam,fil,Catutula cu pu ing akilala da cayu.,Tanggapin po ninyo ang aming taós pusong pasasalamat!,Utt,Utt_Greetings.txt,2,70,109,high,Philippine Languages Database aligned prompt inventory,1773845964108-up-dsp-pld.tar.gz,pld_prompt_aligned_mt_candidates,needs_alignment_review
pldmt_3aa2c70f8bcd,sentence,pam,fil,Tanggapan ye pu ing kecaming taus pusung pamipasalamat!,Magandang araw sa iyo.,Utt,Utt_Greetings.txt,3,70,109,high,Philippine Languages Database aligned prompt inventory,1773845964108-up-dsp-pld.tar.gz,pld_prompt_aligned_mt_candidates,needs_alignment_review
pldmt_7ed1cccb2850,sentence,pam,fil,Mapaling pamamuge keco ngan.,Ipagpaumanhin po ninyo ang aking pagkakamali.,Utt,Utt_Greetings.txt,4,70,109,high,Philippine Languages Database aligned prompt inventory,1773845964108-up-dsp-pld.tar.gz,pld_prompt_aligned_mt_candidates,needs_alignment_review
pldmt_5d7025845357,sentence,pam,fil,Maligayang Pascu pu at masaplalang bayung banua.,Ipagpaumanhin po ninyo ang aking pagkakamali.,Utt,Utt_Greetings.txt,5,70,109,high,Philippine Languages Database aligned prompt inventory,1773845964108-up-dsp-pld.tar.gz,pld_prompt_aligned_mt_candidates,needs_alignment_review
pldmt_3f320259ad37,sentence,pam,fil,Maligayang Pascu pu at masaplalang bayung banua.,Tanggapin po ninyo ang aming taós pusong pasasalamat!,Utt,Utt_Greetings.txt,6,70,109,high,Philippine Languages Database aligned prompt inventory,1773845964108-up-dsp-pld.tar.gz,pld_prompt_aligned_mt_candidates,needs_alignment_review
pldmt_6e0fc2a3eb61,phrase,pam,fil,Mayap naman pu.,Isang taós pusong pasasalamat!,Utt,Utt_Greetings.txt,7,70,109,high,Philippine Languages Database aligned prompt inventory,1773845964108-up-dsp-pld.tar.gz,pld_prompt_aligned_mt_candidates,needs_alignment_review
pldmt_b467e2e40139,sentence,pam,fil,Maligayang puge king kecang kebaitan.,Maligayang Pasko po at manígong bagong taon.,Utt,Utt_Greetings.txt,8,70,109,high,Philippine Languages Database aligned prompt inventory,1773845964108-up-dsp-pld.tar.gz,pld_prompt_aligned_mt_candidates,needs_alignment_review
pldmt_0acdd29baf13,sentence,pam,fil,Anga keng pasibayung pamiikit.,Tanggapin mo ang aking pakikiramay.,Utt,Utt_Greetings.txt,9,70,109,high,Philippine Languages Database aligned prompt inventory,1773845964108-up-dsp-pld.tar.gz,pld_prompt_aligned_mt_candidates,needs_alignment_review
pldmt_3a855207858f,sentence,pam,fil,Catutula cu pu ing akilala da cayu.,Maligayang bati sa iyong pagtatapos.,Utt,Utt_Greetings.txt,10,70,109,high,Philippine Languages Database aligned prompt inventory,1773845964108-up-dsp-pld.tar.gz,pld_prompt_aligned_mt_candidates,needs_alignment_review
pldmt_c84f01c8ea06,sentence,pam,fil,Ipagpaumahin yu pu ing cacung pamagcamali.,Ikinagagalak ko po kayong makilala.,Utt,Utt_Greetings.txt,11,70,109,high,Philippine Languages Database aligned prompt inventory,1773845964108-up-dsp-pld.tar.gz,pld_prompt_aligned_mt_candidates,needs_alignment_review
pldmt_b416078863a7,sentence,pam,fil,Maligayang Pascu at masaplalang bayung banua.,Maligayang Pasko po at manígong bagong taon.,Utt,Utt_Greetings.txt,12,70,109,high,Philippine Languages Database aligned prompt inventory,1773845964108-up-dsp-pld.tar.gz,pld_prompt_aligned_mt_candidates,needs_alignment_review
pldmt_ab685eb40288,sentence,pam,fil,Tanggapan ye pu ing cacung pamakirame.,Maligayang Pasko at manígong bagong taon.,Utt,Utt_Greetings.txt,13,70,109,high,Philippine Languages Database aligned prompt inventory,1773845964108-up-dsp-pld.tar.gz,pld_prompt_aligned_mt_candidates,needs_alignment_review
pldmt_75a2cd9764f4,sentence,pam,fil,Tanggapan ye pu ing kecaming taus pusung pamipasalamat!,Tanggapin po ninyo ang aming taós pusong pasasalamat!,Utt,Utt_Greetings.txt,14,70,109,high,Philippine Languages Database aligned prompt inventory,1773845964108-up-dsp-pld.tar.gz,pld_prompt_aligned_mt_candidates,needs_alignment_review
pldmt_587f5fed1785,sentence,pam,fil,Maligayang puge king kecang pamamupus.,Maligayang Pasko po at manígong bagong taon.,Utt,Utt_Greetings.txt,15,70,109,high,Philippine Languages Database aligned prompt inventory,1773845964108-up-dsp-pld.tar.gz,pld_prompt_aligned_mt_candidates,needs_alignment_review
pldmt_dc3e20690d5e,sentence,pam,fil,Tanggapan ye pu ing kecaming taus pusung pamipasalamat!,Tanggapin po ninyo ang aming taós pusong pasasalamat!,Utt,Utt_Greetings.txt,16,70,108,high,Philippine Languages Database aligned prompt inventory,1773845964108-up-dsp-pld.tar.gz,pld_prompt_aligned_mt_candidates,needs_alignment_review
pldmt_9d4fefdb6348,sentence,pam,fil,"I Micahel wari ing magcanta, o i James?","Gusto mo bang sumáma, o hindi?",Utt,Utt_Interrogatives.txt,1,70,109,high,Philippine Languages Database aligned prompt inventory,1773845964108-up-dsp-pld.tar.gz,pld_prompt_aligned_mt_candidates,needs_alignment_review
pldmt_b3746d1f51f2,sentence,pam,fil,Mawawala wari ing gamit na?,Nawawala ba ang gamit niya?,Utt,Utt_Interrogatives.txt,2,70,109,high,Philippine Languages Database aligned prompt inventory,1773845964108-up-dsp-pld.tar.gz,pld_prompt_aligned_mt_candidates,needs_alignment_review
pldmt_a1390e949d65,sentence,pam,fil,"Tigtig ya wari i Francisco, o magcanta?",Paano niya nahanap ang gamit ni James?,Utt,Utt_Interrogatives.txt,3,70,109,high,Philippine Languages Database aligned prompt inventory,1773845964108-up-dsp-pld.tar.gz,pld_prompt_aligned_mt_candidates,needs_alignment_review
pldmt_20ffe484ba11,sentence,pam,fil,"Munta ca wari king Menila, o king Baguiu?",Sinu-sino ang nagdala ng pagkain?,Utt,Utt_Interrogatives.txt,4,70,109,high,Philippine Languages Database aligned prompt inventory,1773845964108-up-dsp-pld.tar.gz,pld_prompt_aligned_mt_candidates,needs_alignment_review
pldmt_999c11e6bb9a,sentence,pam,fil,"Filipinu ya wari I James, o Americanu?","Hindi siya kumain, 'no?",Utt,Utt_Interrogatives.txt,5,70,109,high,Philippine Languages Database aligned prompt inventory,1773845964108-up-dsp-pld.tar.gz,pld_prompt_aligned_mt_candidates,needs_alignment_review
pldmt_667dda570365,sentence,pam,fil,Macananu nang ikit ing gamit nang James?,Bibili ba siya ng pagkain?,Utt,Utt_Interrogatives.txt,6,70,109,high,Philippine Languages Database aligned prompt inventory,1773845964108-up-dsp-pld.tar.gz,pld_prompt_aligned_mt_candidates,needs_alignment_review
pldmt_dcc97b53607a,sentence,pam,fil,Nucarin ya ing seli cung lapis nandin?,Nakanino ang susi ng bahay?,Utt,Utt_Interrogatives.txt,7,70,109,high,Philippine Languages Database aligned prompt inventory,1773845964108-up-dsp-pld.tar.gz,pld_prompt_aligned_mt_candidates,needs_alignment_review
pldmt_a44e1f677ba8,phrase,pam,fil,Pilang banua na ca?,Tutugtog ba si Francisco?,Utt,Utt_Interrogatives.txt,8,70,109,high,Philippine Languages Database aligned prompt inventory,1773845964108-up-dsp-pld.tar.gz,pld_prompt_aligned_mt_candidates,needs_alignment_review
pldmt_4d494b26a75e,sentence,pam,fil,Obat dela de king ospital I Maricel?,Kailan magkikita sa bahay sina Ronald?,Utt,Utt_Interrogatives.txt,9,70,109,high,Philippine Languages Database aligned prompt inventory,1773845964108-up-dsp-pld.tar.gz,pld_prompt_aligned_mt_candidates,needs_alignment_review
pldmt_0fb9578d4b54,sentence,pam,fil,I Michael wari ing mengan king mangga?,Paano niya nahanap ang gamit ni James?,Utt,Utt_Interrogatives.txt,10,70,109,high,Philippine Languages Database aligned prompt inventory,1773845964108-up-dsp-pld.tar.gz,pld_prompt_aligned_mt_candidates,needs_alignment_review
pldmt_da15265fdbc3,sentence,pam,fil,Macananu casakit ing exam yu?,Mabait ba siya?,Utt,Utt_Interrogatives.txt,11,70,109,high,Philippine Languages Database aligned prompt inventory,1773845964108-up-dsp-pld.tar.gz,pld_prompt_aligned_mt_candidates,needs_alignment_review
pldmt_49ed11a8f482,sentence,pam,fil,Nanu ing gagawan ng Michael king bale?,"Tutugtog ba si Francisco, o kakanta?",Utt,Utt_Interrogatives.txt,12,70,109,high,Philippine Languages Database aligned prompt inventory,1773845964108-up-dsp-pld.tar.gz,pld_prompt_aligned_mt_candidates,needs_alignment_review
pldmt_3f2d2a80f83d,sentence,pam,fil,"Bisa ca waring tuke, o ali?","Tutugtog si Francisco, 'di ba?",Utt,Utt_Interrogatives.txt,13,70,109,high,Philippine Languages Database aligned prompt inventory,1773845964108-up-dsp-pld.tar.gz,pld_prompt_aligned_mt_candidates,needs_alignment_review
pldmt_a8844d5f57db,sentence,pam,fil,King bale la wari mikit di James?,"Tutugtog si Francisco, 'di ba?",Utt,Utt_Interrogatives.txt,14,70,109,high,Philippine Languages Database aligned prompt inventory,1773845964108-up-dsp-pld.tar.gz,pld_prompt_aligned_mt_candidates,needs_alignment_review
pldmt_74d7fd205d34,sentence,pam,fil,Nanu ing gagawan ng Michael king bale?,"Gusto mo bang kumain, o magpahinga?",Utt,Utt_Interrogatives.txt,15,70,109,high,Philippine Languages Database aligned prompt inventory,1773845964108-up-dsp-pld.tar.gz,pld_prompt_aligned_mt_candidates,needs_alignment_review
pldmt_15b833934d67,sentence,pam,fil,"Ala nune purus catacsilan ing ganti king kecatamung pamagpala at pamanupad king carelang pengacung itamu lalung gisingan king cayapan bagus itamung bilagan da, inawa daca tamu king carelang amac a asal, pinilit a sinira ing mal at malagung ugali ning kecatamung Bal’yan; iminulat da catamu king metung a maling pamaniampalataya at bigsac king lubac ning carocan ing capurian ning kecatamung bal’yan; at nung itamu mangangas maniad agiang ditac a lingap, ing maging pakibat ya ing iyugse at ilaut king siping ding kecatamung pacamalan a anac, asaua at matuang pengari.",Ngayon panahon nang dapat simulan ang pagsisiwalat ng mga mahal at dakilang ani na magwawasak sa masinsing tabing na bumubulag sa ating kaisipan; panahon na ngayong dapat makilala ng mga Tagalog ang pinagbuhatan ng kanilang mga kahirapan.,Utt,Utt_Letter.txt,1,61,109,high,Philippine Languages Database aligned prompt inventory,1773845964108-up-dsp-pld.tar.gz,pld_prompt_aligned_mt_candidates,needs_alignment_review
pldmt_b343ac73a8e5,sentence,pam,fil,"Ngeni ala nang aituring a capanatagan king kecatamung pamanucnangan; ngeni pane da nang gagambalan ing kecatamung catahimican ning mamalingongo a daing at tagulele, saldac pangisnaua at pagsalbat ding macapal a mengulila, balu’t ding pengari ding cabaleng pemanyira ding mapanyupil a Castila; ngeni malulumud tamu king mamalbug a lua ding Indu caring meyangu da bie anac, caring pamanangis ding bingut a pepangulila ning calupitan a ing balang patac calupa na ning metung a bubucal a tingga, a sasala king makirut a sugat ning kecatamung pusung manamdaman; ngeni lalu tamung macabilibid king tanicalang macapaglibac caring balang lalaking ating ingatang capurian.","Panahon na ngayong dapat na lumitaw ang liwanag ng katotohanan; panahon nang dapat nating ipakilala na tayo'y may sariling pagdaramdam, may puri, may hiya at pagdadamayan.",Utt,Utt_Letter.txt,2,62,109,high,Philippine Languages Database aligned prompt inventory,1773845964108-up-dsp-pld.tar.gz,pld_prompt_aligned_mt_candidates,needs_alignment_review
pldmt_15d93752da78,sentence,pam,fil,"Ngeni ala nang aituring a capanatagan king kecatamung pamanucnangan; ngeni pane da nang gagambalan ing kecatamung catahimican ning mamalingongo a daing at tagulele, saldac pangisnaua at pagsalbat ding macapal a mengulila, balu’t ding pengari ding cabaleng pemanyira ding mapanyupil a Castila; ngeni malulumud tamu king mamalbug a lua ding Indu caring meyangu da bie anac, caring pamanangis ding bingut a pepangulila ning calupitan a ing balang patac calupa na ning metung a bubucal a tingga, a sasala king makirut a sugat ning kecatamung pusung manamdaman; ngeni lalu tamung macabilibid king tanicalang macapaglibac caring balang lalaking ating ingatang capurian.","Itinuturo na katuwiran ang tayo'y magkaisang-loob, magkaisang isip at akala at nang tayo'y magkaisa na maihanap ng lunas ang naghaharing kasamaan sa ating Bayan.",Utt,Utt_Letter.txt,3,55,109,high,Philippine Languages Database aligned prompt inventory,1773845964108-up-dsp-pld.tar.gz,pld_prompt_aligned_mt_candidates,needs_alignment_review
pldmt_c246aadda9dd,sentence,pam,fil,"King mayap dang amuyut a ngara canu, acayan da catamu king lalung cayapan at lalung imulat ding kecatamung caisipan, ing miniabing magsipanibala miliaring melamukus king yumu ning carelang dila king pamaglinlang.",Ngayon panahon nang dapat simulan ang pagsisiwalat ng mga mahal at dakilang ani na magwawasak sa masinsing tabing na bumubulag sa ating kaisipan; panahon na ngayong dapat makilala ng mga Tagalog ang pinagbuhatan ng kanilang mga kahirapan.,Utt,Utt_Letter.txt,4,56,109,high,Philippine Languages Database aligned prompt inventory,1773845964108-up-dsp-pld.tar.gz,pld_prompt_aligned_mt_candidates,needs_alignment_review
pldmt_20e8a05047b5,sentence,pam,fil,"Ngeni ala nang aituring a capanatagan king kecatamung pamanucnangan; ngeni pane da nang gagambalan ing kecatamung catahimican ning mamalingongo a daing at tagulele, saldac pangisnaua at pagsalbat ding macapal a mengulila, balu’t ding pengari ding cabaleng pemanyira ding mapanyupil a Castila; ngeni malulumud tamu king mamalbug a lua ding Indu caring meyangu da bie anac, caring pamanangis ding bingut a pepangulila ning calupitan a ing balang patac calupa na ning metung a bubucal a tingga, a sasala king makirut a sugat ning kecatamung pusung manamdaman; ngeni lalu tamung macabilibid king tanicalang macapaglibac caring balang lalaking ating ingatang capurian.",at yao'y inihalo't ininom nila kapwa tanda ng tunay at lubos na pagtatapat na di magtataksil sa pinagkayarian.,Utt,Utt_Letter.txt,5,56,109,high,Philippine Languages Database aligned prompt inventory,1773845964108-up-dsp-pld.tar.gz,pld_prompt_aligned_mt_candidates,needs_alignment_review
pldmt_7093c4aa8680,sentence,pam,fil,Posible ya pung lala nung e ya maagapan?,Pangalawang beses na siyang inatake sa puso.,Utt,Utt_Medical.txt,1,70,109,high,Philippine Languages Database aligned prompt inventory,1773845964108-up-dsp-pld.tar.gz,pld_prompt_aligned_mt_candidates,needs_alignment_review
pldmt_3469a91ceead,sentence,pam,fil,Atin ca waring inumang panulu ngene?,Hindi siya makahinga ng ayos,Utt,Utt_Medical.txt,2,70,109,high,Philippine Languages Database aligned prompt inventory,1773845964108-up-dsp-pld.tar.gz,pld_prompt_aligned_mt_candidates,needs_alignment_review
pldmt_9a86ddef70c2,sentence,pam,fil,Macaroc keng calusugan ing sobrang pamaninum alac,Hindi po umeepekto ang gamot,Utt,Utt_Medical.txt,3,70,109,high,Philippine Languages Database aligned prompt inventory,1773845964108-up-dsp-pld.tar.gz,pld_prompt_aligned_mt_candidates,needs_alignment_review
pldmt_63d8752c2093,sentence,pam,fil,Atin ca waring cakilala king pamilya mu a ating macanyan mu namang saket?,Isang linggo na po akong inuubo,Utt,Utt_Medical.txt,4,70,109,high,Philippine Languages Database aligned prompt inventory,1773845964108-up-dsp-pld.tar.gz,pld_prompt_aligned_mt_candidates,needs_alignment_review
pldmt_d494bd8bdfb8,sentence,pam,fil,Ala yang ganang mangan.,Nasa dugo niyo ba yung ganyang sakit?,Utt,Utt_Medical.txt,5,70,109,high,Philippine Languages Database aligned prompt inventory,1773845964108-up-dsp-pld.tar.gz,pld_prompt_aligned_mt_candidates,needs_alignment_review
pldmt_5d4d6be59693,sentence,pam,fil,Pilang bulan ne pu ing bingut?,May kakilala ka ba sa pamilya mo na may ganyang sakit din?,Utt,Utt_Medical.txt,6,70,109,high,Philippine Languages Database aligned prompt inventory,1773845964108-up-dsp-pld.tar.gz,pld_prompt_aligned_mt_candidates,needs_alignment_review
pldmt_24aac7c33e4f,sentence,pam,fil,Atin ca waring camaganac a ating capareung saket?,May kakilala ka ba sa pamilya mo na may ganyang sakit din?,Utt,Utt_Medical.txt,7,70,109,high,Philippine Languages Database aligned prompt inventory,1773845964108-up-dsp-pld.tar.gz,pld_prompt_aligned_mt_candidates,needs_alignment_review
pldmt_153e25f9f462,sentence,pam,fil,Magcasakit ya pung macmul,Inumin mo itong gamot tatlong beses sa isang araw,Utt,Utt_Medical.txt,8,70,109,high,Philippine Languages Database aligned prompt inventory,1773845964108-up-dsp-pld.tar.gz,pld_prompt_aligned_mt_candidates,needs_alignment_review
pldmt_a48f2fb09035,sentence,pam,fil,Mayap a gatpanapun pu Doctor,May asthma po ako,Utt,Utt_Medical.txt,9,70,109,high,Philippine Languages Database aligned prompt inventory,1773845964108-up-dsp-pld.tar.gz,pld_prompt_aligned_mt_candidates,needs_alignment_review
pldmt_ba5b2ee88fdd,sentence,pam,fil,Tacpan me ing kailing mata mu at basan ding letra king dingding,May kakilala ka ba sa pamilya mo na may ganyang sakit din?,Utt,Utt_Medical.txt,10,70,109,high,Philippine Languages Database aligned prompt inventory,1773845964108-up-dsp-pld.tar.gz,pld_prompt_aligned_mt_candidates,needs_alignment_review
pldmt_8123b2b9fa73,sentence,pam,fil,Atin ca waring cakilala king pamilya mu a ating macanyan mu namang saket?,Di po ako tumataba kahit anong gawin kong kain,Utt,Utt_Medical.txt,11,70,109,high,Philippine Languages Database aligned prompt inventory,1773845964108-up-dsp-pld.tar.gz,pld_prompt_aligned_mt_candidates,needs_alignment_review
pldmt_e158d7db0352,phrase,pam,fil,Mayap a gatpanapun Doc,Magandang gabi ho Dok,Utt,Utt_Medical.txt,12,70,109,high,Philippine Languages Database aligned prompt inventory,1773845964108-up-dsp-pld.tar.gz,pld_prompt_aligned_mt_candidates,needs_alignment_review
pldmt_86846b4cb32d,sentence,pam,fil,E cu pu tataba agyang nanung gawan cung mangan,Wala siyang ganang kumain,Utt,Utt_Medical.txt,13,70,109,high,Philippine Languages Database aligned prompt inventory,1773845964108-up-dsp-pld.tar.gz,pld_prompt_aligned_mt_candidates,needs_alignment_review
pldmt_fbf7c9cdebbd,sentence,pam,fil,Magcasakit cu pung pigilan ing pamani cu,Ano ba ang mabisang gamot diyan?,Utt,Utt_Medical.txt,14,70,109,high,Philippine Languages Database aligned prompt inventory,1773845964108-up-dsp-pld.tar.gz,pld_prompt_aligned_mt_candidates,needs_alignment_review
pldmt_b6e25ebeb11e,sentence,pam,fil,Atiu king daya yu wari ing macaniang saket?,Magandang umaga po Doktor,Utt,Utt_Medical.txt,15,70,109,high,Philippine Languages Database aligned prompt inventory,1773845964108-up-dsp-pld.tar.gz,pld_prompt_aligned_mt_candidates,needs_alignment_review
pldmt_a0916ef37f9a,sentence,pam,fil,Atiu king daya yu wari ing macaniang saket?,Nahihirapan ka bang huminga?,Utt,Utt_Medical.txt,16,70,109,high,Philippine Languages Database aligned prompt inventory,1773845964108-up-dsp-pld.tar.gz,pld_prompt_aligned_mt_candidates,needs_alignment_review
pldmt_96981b388044,sentence,pam,fil,Posible ya pung lala nung e ya maagapan?,Ano po ang gamot sa singaw ng bata?,Utt,Utt_Medical.txt,17,70,109,high,Philippine Languages Database aligned prompt inventory,1773845964108-up-dsp-pld.tar.gz,pld_prompt_aligned_mt_candidates,needs_alignment_review
pldmt_f2a7b4ef593b,sentence,pam,fil,Sabian mu nung nucarin masakit,Gaano katagal na siyang nilalagnat?,Utt,Utt_Medical.txt,18,70,109,high,Philippine Languages Database aligned prompt inventory,1773845964108-up-dsp-pld.tar.gz,pld_prompt_aligned_mt_candidates,needs_alignment_review
pldmt_921e157472df,sentence,pam,fil,Atin ca waring camaganac a ating capareung saket?,May kakilala ka ba sa pamilya mo na may ganyang sakit din?,Utt,Utt_Medical.txt,19,70,109,high,Philippine Languages Database aligned prompt inventory,1773845964108-up-dsp-pld.tar.gz,pld_prompt_aligned_mt_candidates,needs_alignment_review
pldmt_ee86c728241e,sentence,pam,fil,Tucnang na co king pamaninum alac,Itigil mo na ang paninigarilyo,Utt,Utt_Medical.txt,20,70,109,high,Philippine Languages Database aligned prompt inventory,1773845964108-up-dsp-pld.tar.gz,pld_prompt_aligned_mt_candidates,needs_alignment_review
pldmt_7674f4c400a8,sentence,pam,fil,Alayu casi i Doctor ngeni,Di po ako tumataba kahit anong gawin kong kain,Utt,Utt_Medical.txt,21,6,109,high,Philippine Languages Database aligned prompt inventory,1773845964108-up-dsp-pld.tar.gz,pld_prompt_aligned_mt_candidates,needs_alignment_review
pldmt_3fe9e60c382d,sentence,pam,fil,Painawa co pa mu king bale king mapilan a aldo,Gaano katagal na siyang nilalagnat?,Utt,Utt_Medical.txt,22,6,109,high,Philippine Languages Database aligned prompt inventory,1773845964108-up-dsp-pld.tar.gz,pld_prompt_aligned_mt_candidates,needs_alignment_review
pldmt_a8b811db801d,sentence,pam,fil,Binulusuc ing penakitan ning Del Monte Pacific,"Dahil sa mahusay na liderato ng mga pinuno ng bayan, nakabalik ito sa pang-unang pwesto nang umabot sa limampu't apat na milyong piso ang kita noong taong isang libo siyam na raan walumpu't siyam.",Utt,Utt_News.txt,1,69,109,high,Philippine Languages Database aligned prompt inventory,1773845964108-up-dsp-pld.tar.gz,pld_prompt_aligned_mt_candidates,needs_alignment_review
pldmt_d938ac1e0e52,sentence,pam,fil,Reforma king economia migresulta king pamibaba ning utang ning bansa,Patok sa mga dayuhang kapitalista ang kampanya ng gobyerno sa turismo,Utt,Utt_News.txt,2,67,109,high,Philippine Languages Database aligned prompt inventory,1773845964108-up-dsp-pld.tar.gz,pld_prompt_aligned_mt_candidates,needs_alignment_review
pldmt_73bcea02439e,sentence,pam,fil,Sinabi na namang Aspe a surian no ning agencia ding libru da ding mesabing establisimiento ban abalu nung ninu caring makibandi deti ing migdeclarang ustung panakitan ning carelang negocio.,Sinabi rin ni Aspe na susuriin ng ahensya ang libro ng naturang mga establisimyento para malaman kung sino sa mga may-ari nito ang nagdedeklara ng tamang kinikita ng kanilang negosyo.,Utt,Utt_News.txt,3,66,109,high,Philippine Languages Database aligned prompt inventory,1773845964108-up-dsp-pld.tar.gz,pld_prompt_aligned_mt_candidates,needs_alignment_review
pldmt_5d88f3c09ec4,sentence,pam,fil,Capagnasan ning presidente a adinang apulung milyong obra ding manintun obra anggang mayari ing cayang terminu king banuang aduang libu at apulu,Umabot sa apat na raan siyamnapu't tatlo at kalahating milyong dolyar ang nakalap sa palitan kahapon sa bansa.,Utt,Utt_News.txt,4,66,109,high,Philippine Languages Database aligned prompt inventory,1773845964108-up-dsp-pld.tar.gz,pld_prompt_aligned_mt_candidates,needs_alignment_review
pldmt_318d5c51cb70,sentence,pam,fil,Gumastus labing atlung bilyong pesus ing gobierno king pamagbie king OPSF,Sinabi ni Baterina na matatapos ang proyekto sa taong dalawang libo at walo na matutulungan ang mga magsasaka sa anim na bayan sa unang distrito ng lalawigan.,Utt,Utt_News.txt,5,65,109,high,Philippine Languages Database aligned prompt inventory,1773845964108-up-dsp-pld.tar.gz,pld_prompt_aligned_mt_candidates,needs_alignment_review
pldmt_2ffb961a0680,sentence,pam,fil,"Mebalu a king saup ning cigar, mica atin na ring supply ning electricidad ding mangalating marangle king Batangas","Sa palitan kahapon, pumalo ito sa limampu't isang piso at pitumpu't isang sentimo kontra sa dolyar bago tuluyang magsara sa limampu't isang piso at animnapu't siyam na sentimo.",Utt,Utt_News.txt,6,67,109,high,Philippine Languages Database aligned prompt inventory,1773845964108-up-dsp-pld.tar.gz,pld_prompt_aligned_mt_candidates,needs_alignment_review
pldmt_2c9c9af5a0ee,sentence,pam,fil,Malati yamu ing efecto ning ayun king pambansang economia ning Indonesia,Samantalang umabot naman sa five hundred four point five na milyong dolyar ang naipon sa takbo ng negosyo kahapon sa merkado.,Utt,Utt_News.txt,7,65,109,high,Philippine Languages Database aligned prompt inventory,1773845964108-up-dsp-pld.tar.gz,pld_prompt_aligned_mt_candidates,needs_alignment_review
pldmt_6009f0e958ce,sentence,pam,fil,"Pauli niti, minta ya I Congressman Baterina king Malacanang ban pakisabian ing presidente dikil king pondu ning proyecto","Katunayan, sinabi ng BSP na kumpara noong mga nakaraang taon, bumaba ng mahigit isang dolyar ang singil sa pagpapadala ng dolyar.",Utt,Utt_News.txt,8,66,109,high,Philippine Languages Database aligned prompt inventory,1773845964108-up-dsp-pld.tar.gz,pld_prompt_aligned_mt_candidates,needs_alignment_review
pldmt_1734087d0d49,sentence,pam,fil,Minuna neng migpasiag ing mesabing compania a itucnang ing centru ning carelang operacion king Subic pangaras ning Deciembre banuang aduang libu at walu nung nucarin paplanu da ing pamaglipat king China.,"Ayon kay Bunye, ihahayag ni PGMA sa kanyang SONA ang tungkol sa pagpapalago sa ekonomiya",Utt,Utt_News.txt,9,66,109,high,Philippine Languages Database aligned prompt inventory,1773845964108-up-dsp-pld.tar.gz,pld_prompt_aligned_mt_candidates,needs_alignment_review
pldmt_93116f3b0bfa,sentence,pam,fil,Isinup para king produccion ning mais ing walung dalan libong pesus ipautang ning ADB king Filipinas,"Sa kasalukuyan, matatagpuan sa Zamboanga Sibugay ang pinakamalawak na plantasyon ng mga puno ng goma, kasunod ang Basilan.",Utt,Utt_News.txt,10,65,109,high,Philippine Languages Database aligned prompt inventory,1773845964108-up-dsp-pld.tar.gz,pld_prompt_aligned_mt_candidates,needs_alignment_review
pldmt_51b496fde546,sentence,pam,fil,Planu ning Banco Central ning Filipinas a ilaco king circulacion ing tantiang limampulung bilyung pesus labis a salapi,"Ayon kay Pangulong Arroyo, sa pakikipagpulong nito sa mga negosyante, sila umano'y pawang naghahangad na magbuhos ng puhunan sa Pilipinas ngayong paangat na ang ekonomiya ng bansa.",Utt,Utt_News.txt,11,65,109,high,Philippine Languages Database aligned prompt inventory,1773845964108-up-dsp-pld.tar.gz,pld_prompt_aligned_mt_candidates,needs_alignment_review
pldmt_8f4dd7abaff2,sentence,pam,fil,"Agpang cang Presidente Arroyo, king pamakipagpulung niti caring negociante, ila canu paua lang magnasa a mibulus puhunan keti Filipinas ngening paangat na ing economia ning bansa",Diniskwento ng Bangko Sentral ang kakapusan ng dolyar,Utt,Utt_News.txt,12,66,109,high,Philippine Languages Database aligned prompt inventory,1773845964108-up-dsp-pld.tar.gz,pld_prompt_aligned_mt_candidates,needs_alignment_review
pldmt_399956e1e75e,sentence,pam,fil,"E magobra caring babaual dang bansa, nganing POEA",Ipagpapatuloy ng administrasyon ang nasimulan nito upang mabayaran na ang lahat ng utang nito na siyang lalong nagpapahirap sa mga Pilipino para sa kabutihan ng sambayanang Pilipino.,Utt,Utt_News.txt,13,65,109,high,Philippine Languages Database aligned prompt inventory,1773845964108-up-dsp-pld.tar.gz,pld_prompt_aligned_mt_candidates,needs_alignment_review
pldmt_8f040cc482c0,sentence,pam,fil,Makibat ya king pamangailangan ding memalen ing pamaglabung ning economia,Tiniyak naman ng gobyerno na walang magaganap na pagtaas ng presyo ng kuryente upang maibsan ang kasalukuyang paghihirap ng maraming mamamayan.,Utt,Utt_News.txt,14,63,109,high,Philippine Languages Database aligned prompt inventory,1773845964108-up-dsp-pld.tar.gz,pld_prompt_aligned_mt_candidates,needs_alignment_review
pldmt_38354c111e72,sentence,pam,fil,Resulta na canu niti ing balaus a pamibaba ning pesus laban king dollar,Sinabi ni Baterina na matatapos ang proyekto sa taong dalawang libo at walo na matutulungan ang mga magsasaka sa anim na bayan sa unang distrito ng lalawigan.,Utt,Utt_News.txt,15,65,109,high,Philippine Languages Database aligned prompt inventory,1773845964108-up-dsp-pld.tar.gz,pld_prompt_aligned_mt_candidates,needs_alignment_review
pldmt_99f3d2e6f7ef,sentence,pam,fil,Ipinilit na a alang pondung misadia ding mangalating cumpaniang iti ban dinan nang proteccion ing capaligiran a maliaring masira king carelang operacion,Ipinahayag rin ng pangulo na pagtutuunan ng pansin ng pamahalaan ngayong taon ang pagpapalakas ng burukrasya upang makapagbigay ito ng mabuting serbisyo sa bawat mamamayang Pilipino.,Utt,Utt_News.txt,16,33,109,high,Philippine Languages Database aligned prompt inventory,1773845964108-up-dsp-pld.tar.gz,pld_prompt_aligned_mt_candidates,needs_alignment_review
pldmt_da1f4e61b1d3,sentence,pam,fil,Titiyacan nang PGMA king yatu ing determinacion ding Filipino king pamisugpu caring terorista,Ang paglakas ng piso ay posibleng magpatuloy hanggang matapos ang taong dalawang libo at anim,Utt,Utt_News.txt,17,33,109,high,Philippine Languages Database aligned prompt inventory,1773845964108-up-dsp-pld.tar.gz,pld_prompt_aligned_mt_candidates,needs_alignment_review
pldmt_aa441f885c46,sentence,pam,fil,Maingat ngening pagaralan ning local a capamalan ning lungsud ning Menila nung nanu-nanung caso ing maliaring isampa laban caring kilalang personalidad a mitalacad negocio king baywalk king kecaban ning Roxas Boulevard,Ipupursigi ng gobyerno ang pagtugis sa mga hindi nagbabayad ng tamang buwis.,Utt,Utt_News.txt,18,32,109,high,Philippine Languages Database aligned prompt inventory,1773845964108-up-dsp-pld.tar.gz,pld_prompt_aligned_mt_candidates,needs_alignment_review
pldmt_03b751ca30c7,sentence,pam,fil,Ipinilit na a alang pondung misadia ding mangalating cumpaniang iti ban dinan nang proteccion ing capaligiran a maliaring masira king carelang operacion,Mga peste ang numero unong dahilan kung bakit mahina ngayon ang produksyon ng saging sa bansa.,Utt,Utt_News.txt,19,29,109,high,Philippine Languages Database aligned prompt inventory,1773845964108-up-dsp-pld.tar.gz,pld_prompt_aligned_mt_candidates,needs_alignment_review
pldmt_a5ea2159ebe1,sentence,pam,fil,Masanting ing plataforma king economia,Sinabi rin ni Aspe na susuriin ng ahensya ang libro ng naturang mga establisimyento para malaman kung sino sa mga may-ari nito ang nagdedeklara ng tamang kinikita ng kanilang negosyo.,Utt,Utt_News.txt,20,31,109,high,Philippine Languages Database aligned prompt inventory,1773845964108-up-dsp-pld.tar.gz,pld_prompt_aligned_mt_candidates,needs_alignment_review
pldmt_5ef75edf47ad,sentence,pam,fil,Maliaring e na mag-import asucal ing Filipinas king paniatang ning banuang aduang libu at pitu,Malaki rin ang naitutulong nito sa paglalako ng mga magsasaka sa kanilang mga produkto.,Utt,Utt_News.txt,21,31,109,high,Philippine Languages Database aligned prompt inventory,1773845964108-up-dsp-pld.tar.gz,pld_prompt_aligned_mt_candidates,needs_alignment_review
pldmt_a1f1c99e5a36,sentence,pam,fil,Bagiang mibagsac ing alaga ning pesus king pangabuclat ning libayan napun,"Nagsara ang piso sa limampu't isang piso at labing walong sentimo kontra sa isang dolyar kahapon, ang pinakamataas na halaga nito simula noong Hulyo ng taong dalawang libo't dalawa.",Utt,Utt_News.txt,22,30,109,high,Philippine Languages Database aligned prompt inventory,1773845964108-up-dsp-pld.tar.gz,pld_prompt_aligned_mt_candidates,needs_alignment_review
pldmt_d169b566a92f,sentence,pam,fil,Mecatipid ya ing gobiernong maigit apat a pulung milyong pesus king pamamayad interes king utang,Dalawang milyong piso ang pondong ilalaan ng DA sa pag-angkat ng gulay mula sa mga lalawigan,Utt,Utt_News.txt,23,30,109,high,Philippine Languages Database aligned prompt inventory,1773845964108-up-dsp-pld.tar.gz,pld_prompt_aligned_mt_candidates,needs_alignment_review
pldmt_64e3dbaae2a2,sentence,pam,fil,"King pamilibayan napun, binarug ya iti king limampulu’t metung a pesus at pitumpulu’t metung a centimus contra king dollar bayu balaus migsara king limapulu’t metung a pesus at anamapulu’t siam a centimus.","Ayon kay Teves, nais mabayaran ng pamahalaan ang mga pagkakautang",Utt,Utt_News.txt,24,28,109,high,Philippine Languages Database aligned prompt inventory,1773845964108-up-dsp-pld.tar.gz,pld_prompt_aligned_mt_candidates,needs_alignment_review
pldmt_50655c8e4b6d,sentence,pam,fil,"Para king banuang iti, asaang mabut king aduang dalan at limampulu anggang atlung dalang tonelada ing sagiuang manggang Filipinu ing ailuslus king Estados Unidos mu","Ayon kay Pangulong Arroyo, sa pakikipagpulong nito sa mga negosyante, sila umano'y pawang naghahangad na magbuhos ng puhunan sa Pilipinas ngayong paangat na ang ekonomiya ng bansa.",Utt,Utt_News.txt,25,30,109,high,Philippine Languages Database aligned prompt inventory,1773845964108-up-dsp-pld.tar.gz,pld_prompt_aligned_mt_candidates,needs_alignment_review
pldmt_ea6c6aa32180,sentence,pam,fil,"Agpang caring negociante, resulta iti ning masican a inflows bunga naman ning kacabang vacacion king Semana Santa","Ayon kay Arroyo, dapat tiyakin ng pamahalaan na nakokolekta ang mga buwis.",Utt,Utt_News.txt,26,30,109,high,Philippine Languages Database aligned prompt inventory,1773845964108-up-dsp-pld.tar.gz,pld_prompt_aligned_mt_candidates,needs_alignment_review
pldmt_7096aa18946b,sentence,pam,fil,Bunga ya iti ning balaus a pamagtas ning alaga ning curudu king pangyatung palengki,Ipagpapatuloy ng administrasyon ang nasimulan nito upang mabayaran na ang lahat ng utang nito na siyang lalong nagpapahirap sa mga Pilipino para sa kabutihan ng sambayanang Pilipino.,Utt,Utt_News.txt,27,32,109,high,Philippine Languages Database aligned prompt inventory,1773845964108-up-dsp-pld.tar.gz,pld_prompt_aligned_mt_candidates,needs_alignment_review
pldmt_fa86476cc288,sentence,pam,fil,Meging matamle ing pesus contra dollar king pamaniara ning libayan king mercado,Ipinaliwanag ng pangulo na ibig niyang lumikha ng mga trabahong malaki ang suweldo sa Ilocos Norte upang hindi na mangibang bansa ang mga Pilipino para kumita lamang nang malaki.,Utt,Utt_News.txt,28,30,109,high,Philippine Languages Database aligned prompt inventory,1773845964108-up-dsp-pld.tar.gz,pld_prompt_aligned_mt_candidates,needs_alignment_review
pldmt_3540becf6e9c,sentence,pam,fil,Mitas ing puhunan ning bansa king mumunang anam a bulan ning banua,Naglaro naman ang palitan ng dolyar kahapon sa pagitan ng apatnapu't walong piso at animnapu't limang sentimo hanggang apatnapu't walong piso at pitumpu't limang sentimo.,Utt,Utt_News.txt,29,31,109,high,Philippine Languages Database aligned prompt inventory,1773845964108-up-dsp-pld.tar.gz,pld_prompt_aligned_mt_candidates,needs_alignment_review
pldmt_f6052b95fb78,sentence,pam,fil,Asaang baba ing utang panglual ning Filipinas,Masusing pinag-aaralan ngayon ng lokal na pamahalaan ng lungsod ng Manila kung anu-anong kaso ang maaaring isampa laban sa mga kilalang personalidad na nagtayo ng negosyo sa baywalk sa kahabaan ng Roxas Blvd.,Utt,Utt_News.txt,30,30,109,high,Philippine Languages Database aligned prompt inventory,1773845964108-up-dsp-pld.tar.gz,pld_prompt_aligned_mt_candidates,needs_alignment_review
pldmt_b789e65471cf,sentence,pam,fil,Mangat ing economia king banuang aduang libu at apulu agpang kang Teves,Lalong pinalakas ang reporma ni PGMA,Utt,Utt_News.txt,31,5,109,high,Philippine Languages Database aligned prompt inventory,1773845964108-up-dsp-pld.tar.gz,pld_prompt_aligned_mt_candidates,needs_alignment_review
pldmt_234bc0dcf5da,sentence,pam,fil,Minuna neng migpasiag ing mesabing compania a itucnang ing centru ning carelang operacion king Subic pangaras ning Deciembre banuang aduang libu at walu nung nucarin paplanu da ing pamaglipat king China.,Tumaas ng dalawang porsiyento ang produkto ng mga pagawaan sa bansa sa pagpasok ng buwan ng Enero kumpara sa produksyon ng nakaraang taon.,Utt,Utt_News.txt,32,5,109,high,Philippine Languages Database aligned prompt inventory,1773845964108-up-dsp-pld.tar.gz,pld_prompt_aligned_mt_candidates,needs_alignment_review
pldmt_fb55dfbd1cda,sentence,pam,fil,Maragul ya rin ing asaup niti king pamaglacu ding ortelano king carelang producto,Samantalang umabot naman sa five hundred four point five na milyong dolyar ang naipon sa takbo ng negosyo kahapon sa merkado.,Utt,Utt_News.txt,33,5,109,high,Philippine Languages Database aligned prompt inventory,1773845964108-up-dsp-pld.tar.gz,pld_prompt_aligned_mt_candidates,needs_alignment_review
pldmt_67183b3f4890,sentence,pam,fil,Daracal la ding dayuhang mamuhunan king bansa,Una nang nagpahayag ang naturang kumpanya na ihinto ang sentro ng kanilang operasyon sa Subic pagdating ng Disyembre taong dalawang libo at walo kung saan pinaplano nila ang paglipat sa China.,Utt,Utt_News.txt,34,6,109,high,Philippine Languages Database aligned prompt inventory,1773845964108-up-dsp-pld.tar.gz,pld_prompt_aligned_mt_candidates,needs_alignment_review
pldmt_4332c59c37d6,sentence,pam,fil,Tuturing nang maragul a amun ning Palacio ing pamaging culelat ning economia ning Filipinas king Asia,Tumaas ng dalawang porsiyento ang produkto ng mga pagawaan sa bansa sa pagpasok ng buwan ng Enero kumpara sa produksyon ng nakaraang taon.,Utt,Utt_News.txt,35,5,109,high,Philippine Languages Database aligned prompt inventory,1773845964108-up-dsp-pld.tar.gz,pld_prompt_aligned_mt_candidates,needs_alignment_review
pldmt_709a6741f14b,sentence,pam,fil,E dapat micarugan ing memaleng Filipino king pangaina ning pesus contra dollar,"Umuwi ang pangulo mula sa Davos na dala ang mga magagandang balita para sa mga Pilipino, lalo na ang balak ng mga malalaking negosyante sa daigdig na mamuhunan dito sa ating bansa.",Utt,Utt_News.txt,36,5,109,high,Philippine Languages Database aligned prompt inventory,1773845964108-up-dsp-pld.tar.gz,pld_prompt_aligned_mt_candidates,needs_alignment_review
pldmt_6533662e54ae,sentence,pam,fil,"Bunga ning susulung a economia, aparas na caring taung balen","Inatasan ni PGMA ang TLRC, DOST na magtayo ng planta ng VCO sa mga lalawigang maraming niyog",Utt,Utt_News.txt,37,5,109,high,Philippine Languages Database aligned prompt inventory,1773845964108-up-dsp-pld.tar.gz,pld_prompt_aligned_mt_candidates,needs_alignment_review
pldmt_718291e117ca,sentence,pam,fil,Minuna neng migpasiag ing mesabing compania a itucnang ing centru ning carelang operacion king Subic pangaras ning Deciembre banuang aduang libu at walu nung nucarin paplanu da ing pamaglipat king China.,Plano ng Bangko Sentral ng Pilipinas na alisin sa sirkulasyon ang tinatayang limampung bilyong pisong labis na salapi.,Utt,Utt_News.txt,38,5,109,high,Philippine Languages Database aligned prompt inventory,1773845964108-up-dsp-pld.tar.gz,pld_prompt_aligned_mt_candidates,needs_alignment_review
pldmt_840358d309db,sentence,pam,fil,"Agpang caring trader, maragul a bage ing pag-lift king mesabing directiba uling dacal a negociante ing makipagsapalaran king mercado.",Naglaro naman ang palitan ng dolyar kahapon sa pagitan ng apatnapu't walong piso at animnapu't limang sentimo hanggang apatnapu't walong piso at pitumpu't limang sentimo.,Utt,Utt_News.txt,39,6,109,high,Philippine Languages Database aligned prompt inventory,1773845964108-up-dsp-pld.tar.gz,pld_prompt_aligned_mt_candidates,needs_alignment_review
pldmt_a82902afcc66,sentence,pam,fil,Titiyacan nang PGMA king yatu ing determinacion ding Filipino king pamisugpu caring terorista,Mga ahensyang dapat puntahan sa pagrerehistro ng negosyo,Utt,Utt_News.txt,40,6,109,high,Philippine Languages Database aligned prompt inventory,1773845964108-up-dsp-pld.tar.gz,pld_prompt_aligned_mt_candidates,needs_alignment_review
pldmt_776eddca9a9f,sentence,pam,fil,Ing e biasang melikid king penibatan e ya miras king puntalan.,"Tikatik man kung panay ang ulan, malalim mang ilog ay mapapaapaw.",Utt,Utt_Salawikain.txt,1,68,109,high,Philippine Languages Database aligned prompt inventory,1773845964108-up-dsp-pld.tar.gz,pld_prompt_aligned_mt_candidates,needs_alignment_review
pldmt_bde01054f229,sentence,pam,fil,Daig na ning maagap ing taung masipag.,"Ang gawa sa pagkabata, dala hanggang sa pagkamatanda.",Utt,Utt_Salawikain.txt,2,68,109,high,Philippine Languages Database aligned prompt inventory,1773845964108-up-dsp-pld.tar.gz,pld_prompt_aligned_mt_candidates,needs_alignment_review
pldmt_a7a19502ae77,sentence,pam,fil,"Ing matapat a caluguran, tune yang ayasaan.","Ang langaw na dumapo sa kalabaw, mataas pa sa kalabaw ang pakiramdam.",Utt,Utt_Salawikain.txt,3,68,109,high,Philippine Languages Database aligned prompt inventory,1773845964108-up-dsp-pld.tar.gz,pld_prompt_aligned_mt_candidates,needs_alignment_review
pldmt_a15e76b88a04,sentence,pam,fil,Nung macananu catas ing sulapo macanian mu rin ing lagapac ning pangabagsac.,Walang mahirap na gawa pag dinaan sa tiyaga.,Utt,Utt_Salawikain.txt,4,68,109,high,Philippine Languages Database aligned prompt inventory,1773845964108-up-dsp-pld.tar.gz,pld_prompt_aligned_mt_candidates,needs_alignment_review
pldmt_96e4aa88bc03,sentence,pam,fil,Nung ninu ing masalita yang culang king gaua.,"Kapag ang ilog ay matahimik, asahan mo at malalim. Kapag ang ilog ay maingay, asahan mo at mababaw.",Utt,Utt_Salawikain.txt,5,68,109,high,Philippine Languages Database aligned prompt inventory,1773845964108-up-dsp-pld.tar.gz,pld_prompt_aligned_mt_candidates,needs_alignment_review
pldmt_caff9fec51d8,sentence,pam,fil,Alang tinalan king paglutuan a e miulingan.,Mainam na ang pipit na nasa kamay kaysa lawing lumilipad.,Utt,Utt_Salawikain.txt,6,68,109,high,Philippine Languages Database aligned prompt inventory,1773845964108-up-dsp-pld.tar.gz,pld_prompt_aligned_mt_candidates,needs_alignment_review
pldmt_f912f5944d5b,sentence,pam,fil,"Ing kecang indam, isubli o libaian. Ban keng tutuki, e ca picadalan.","Pagkahaba-haba man ng prusisyon, sa simbahan din ang tuloy.",Utt,Utt_Salawikain.txt,7,68,109,high,Philippine Languages Database aligned prompt inventory,1773845964108-up-dsp-pld.tar.gz,pld_prompt_aligned_mt_candidates,needs_alignment_review
pldmt_b0a0cdfd7a6e,sentence,pam,fil,"Ing palu king damulag, king cabayu ing late.","Ako ang nagbayo, ako ang nagsaing, saka ng maluto'y iba ang kumain.",Utt,Utt_Salawikain.txt,8,68,109,high,Philippine Languages Database aligned prompt inventory,1773845964108-up-dsp-pld.tar.gz,pld_prompt_aligned_mt_candidates,needs_alignment_review
pldmt_40c92e3a42de,sentence,pam,fil,"Ing lalacad mabagal, nung masucsuc ya mababo. Ing lalacad mabilis, nung masucsuc ya malalam.","Kapag ang ilog ay matahimik, asahan mo at malalim. Kapag ang ilog ay maingay, asahan mo at mababaw.",Utt,Utt_Salawikain.txt,9,68,109,high,Philippine Languages Database aligned prompt inventory,1773845964108-up-dsp-pld.tar.gz,pld_prompt_aligned_mt_candidates,needs_alignment_review
pldmt_4b7233839cc0,sentence,pam,fil,Langi ne ing sapa dapot ali ing balita.,Ang hindi marunong lumingon sa pinanggalingan ay hindi makararatíng sa paroroonan.,Utt,Utt_Salawikain.txt,10,68,109,high,Philippine Languages Database aligned prompt inventory,1773845964108-up-dsp-pld.tar.gz,pld_prompt_aligned_mt_candidates,needs_alignment_review
pldmt_02a00626f9b0,sentence,pam,fil,"Acu ing mitanam, ing binayu at siniasat, saca niang melutu aliua ya ing mengan.","Tikatik man kung panay ang ulan, malalim mang ilog ay mapapaapaw.",Utt,Utt_Salawikain.txt,11,6,109,high,Philippine Languages Database aligned prompt inventory,1773845964108-up-dsp-pld.tar.gz,pld_prompt_aligned_mt_candidates,needs_alignment_review
pldmt_5e5858fd72ee,sentence,pam,fil,"Ing tau ustung macualta ya, dacal ya caluguran.",Ang hindî marunong lumingón sa pinanggalingan ay hindî makararatíng sa paroroonan.,Utt,Utt_Salawikain.txt,12,6,109,high,Philippine Languages Database aligned prompt inventory,1773845964108-up-dsp-pld.tar.gz,pld_prompt_aligned_mt_candidates,needs_alignment_review
pldmt_ae616406f0df,sentence,pam,fil,"Ing pamakyasaua e ya biru, e na calupa ning nasi, ilual mu nung mepali.","Kapag apaw na ang takalan, kailangan kalusan.",Utt,Utt_Salawikain.txt,13,6,109,high,Philippine Languages Database aligned prompt inventory,1773845964108-up-dsp-pld.tar.gz,pld_prompt_aligned_mt_candidates,needs_alignment_review
pldmt_df2301d3fa41,sentence,pam,fil,"Matibe ya ing palis, paulini ning pangabigkis.","Ang hindi lumingon sa pinanggalingan, hindi makakarating sa paruruonan.",Utt,Utt_Salawikain.txt,14,6,109,high,Philippine Languages Database aligned prompt inventory,1773845964108-up-dsp-pld.tar.gz,pld_prompt_aligned_mt_candidates,needs_alignment_review
pldmt_f55025e73b9e,sentence,pam,fil,"King kecaban man ning prucicion, king pisamban mu rin malaus.",Ang tunay na kaibigan karamay kailan man.,Utt,Utt_Salawikain.txt,15,6,109,high,Philippine Languages Database aligned prompt inventory,1773845964108-up-dsp-pld.tar.gz,pld_prompt_aligned_mt_candidates,needs_alignment_review
