row_index,mt_id,granularity,source_text,target_text,prompt_family,score,category,note,tier
1,pldmt_11968d0af1e0,phrase,Cayucut (end of the spinal column at the buttocks),balunbalunan,Iso,0,no_correspondence,Cayucut=tailbone/coccyx (dictionary gloss) vs balunbalunan=gizzard; unrelated body part.,D_no_correspondence
2,pldmt_77e4c4179cca,word,Balbas,galáng-galáng,Iso,0,no_correspondence,Balbas=beard vs galang-galang=bracelet/anklet; unrelated.,D_no_correspondence
3,pldmt_2061c84d53ae,phrase,Cayucut (end of the spinal column at the buttocks),palakingkingan,Iso,0,no_correspondence,Cayucut=tailbone vs palakingkingan=pinky-finger area; unrelated.,D_no_correspondence
4,pldmt_1e352e06388e,phrase,Cayucut (end of the spinal column at the buttocks),sakong,Iso,0,no_correspondence,Cayucut=tailbone vs sakong=heel; unrelated.,D_no_correspondence
5,pldmt_2f50f7a8a8d4,phrase,Cayucut (end of the spinal column at the buttocks),buto,Iso,1,same_domain_wrong_specific,"Cayucut=tailbone vs buto=bone; tailbone is a bone, but not the specific match.",C_same_domain_wrong_specific
6,pldmt_53f37532f262,phrase,Balat buntuc,palasingsingan,Iso,0,no_correspondence,Balat buntuc=scalp vs palasingsingan=ring-finger area; unrelated.,D_no_correspondence
7,pldmt_8743aa0d0c5a,phrase,Cayucut (end of the spinal column at the buttocks),alak-alakan,Iso,0,no_correspondence,Cayucut=tailbone vs alak-alakan=Adam's apple; unrelated.,D_no_correspondence
8,pldmt_ba6bc63e1b0c,word,Lilitid,balunbalunan,Iso,0,no_correspondence,Lilitid=tendon/sinew vs balunbalunan=gizzard; unrelated.,D_no_correspondence
9,pldmt_992c820fa6ea,word,tindaragul,talampakan,Iso,0,no_correspondence,tindaragul (uncertain gloss) vs talampakan=sole of foot; no clear correspondence identified.,D_no_correspondence
10,pldmt_38d174a534a0,word,Bucung-bucung,galáng-galangán,Iso,1,same_domain_wrong_specific,"USER-CORRECTED (2026-08-25): Bucung-bucung=ankle (malleolus) in Kapampangan, but galang-galangan denotes the wrist in Filipino (ankle is bukung-bukong); originally mis-scored 3/correct_translation on a wrong claim about Tagalog vocabulary. Same body-joint domain, wrong specific joint.",C_same_domain_wrong_specific
11,pldmt_b8cad809bc42,word,Buldit,pilikmata,Iso,0,no_correspondence,Buldit (uncertain gloss) vs pilikmata=eyelash; no clear correspondence identified.,D_no_correspondence
12,pldmt_26f205d454d8,phrase,Cayucut (end of the spinal column at the buttocks),bunganga,Iso,0,no_correspondence,Cayucut=tailbone vs bunganga=mouth/gaping opening; unrelated.,D_no_correspondence
13,pldmt_3fed9570c403,word,palakingkingan,kalingkingan,Iso,3,correct_translation,"palakingkingan and kalingkingan both denote the pinky finger (kingking root, Kapampangan/Tagalog cognate pair).",A_correct_translation
14,pldmt_7065190ed029,word,Malingmingan,talampakan,Iso,0,no_correspondence,Malingmingan (uncertain gloss) vs talampakan=sole of foot; no clear correspondence identified.,D_no_correspondence
15,pldmt_3dcfab4122d9,phrase,Cayucut (end of the spinal column at the buttocks),súso,Iso,0,no_correspondence,Cayucut=tailbone vs suso=breast; unrelated.,D_no_correspondence
16,pldmt_4e1e06fac9f5,word,Isku,itong,Iso,0,no_correspondence,Isku (uncertain gloss) vs itong=this; no clear correspondence identified.,D_no_correspondence
17,pldmt_6d5ba007e3a5,word,Casi,Maynila,Iso,0,no_correspondence,"Casi (uncertain gloss) vs Maynila=Manila; no clear correspondence identified, possibly noise.",D_no_correspondence
18,pldmt_d55a5ac20d15,word,Pilanduc,itlog,Iso,0,no_correspondence,Pilanduc=mouse-deer (folklore animal) vs itlog=egg; unrelated.,D_no_correspondence
19,pldmt_615a3a4c3e88,word,Rizal,Soliman,Iso,0,no_correspondence,"Rizal (proper name) vs Soliman (proper name); different historical entities, not a translation pair.",D_no_correspondence
20,pldmt_280a54a4f9dc,word,Cacung,parang,Iso,0,no_correspondence,"Cacung (possessive form, ""mine"") vs parang=field/like; unrelated.",D_no_correspondence
21,pldmt_455f204e771a,word,Cailangan,nagulat,Iso,0,no_correspondence,"Cailangan (resembles Tagalog ""kailangan""=need) vs nagulat=was surprised; unrelated.",D_no_correspondence
22,pldmt_a88dc70e3097,word,Gulisac,dumating,Iso,0,no_correspondence,Gulisac (uncertain gloss) vs dumating=arrived; no clear correspondence identified.,D_no_correspondence
23,pldmt_1455828b1c97,word,Pasibayung,Espanya,Iso,0,no_correspondence,Pasibayung (=renewed/again) vs Espanya=Spain; unrelated; likely shifted from a neighboring row (see row 24).,D_no_correspondence
24,pldmt_d08f052ae505,word,Espana,noong,Iso,0,no_correspondence,"Espana=Spain (source) vs noong=Tagalog past-time marker; unrelated pairing, though source itself is glossed ""Espanya"" one row up (row 23) -- suggests a one-row shift in this stretch.",D_no_correspondence
25,pldmt_51af96bb0ff9,word,Usman,nilang,Iso,0,no_correspondence,Usman (proper name) vs nilang=their; unrelated.,D_no_correspondence
26,pldmt_cea65cb7ed00,word,Meyakit,maraming,Iso,0,no_correspondence,Meyakit=sick/ill vs maraming=many; unrelated.,D_no_correspondence
27,pldmt_1d9946098a26,word,Anggang,minsan,Iso,0,no_correspondence,Anggang=until vs minsan=sometimes/once; unrelated.,D_no_correspondence
28,pldmt_4ce51956f978,word,Pangaratang,tulad,Iso,0,no_correspondence,Pangaratang (uncertain gloss) vs tulad=like/similar; no clear correspondence identified.,D_no_correspondence
29,pldmt_6da7ee4cfbba,word,Niti,dalawa,Iso,0,no_correspondence,Niti=of this vs dalawa=two; unrelated.,D_no_correspondence
30,pldmt_5e555c9ec6ee,word,Pangaratang,Soliman,Iso,0,no_correspondence,Pangaratang (uncertain gloss) vs Soliman (proper name); no clear correspondence identified.,D_no_correspondence
31,pldmt_026b7610fe52,word,Caluguran,bayaw,Iso,1,same_domain_wrong_specific,"Caluguran=friend/beloved vs bayaw=brother-in-law; both relational/kinship terms, wrong specific.",C_same_domain_wrong_specific
32,pldmt_1782e2699f40,phrase,Caca (matuang capatad),diko,Iso,2,plausible_partial_match,"Caca (self-glossed ""older sibling"") vs diko=Filipino term for second-eldest brother; both older-sibling kinship terms, partial specificity mismatch.",B_plausible_partial_match
33,pldmt_dc092e4e5352,phrase,Caca (matuang capatad),madrasta,Iso,1,same_domain_wrong_specific,"Caca=older sibling vs madrasta=stepmother; same kinship domain, wrong specific relation.",C_same_domain_wrong_specific
34,pldmt_27b4e5927969,phrase,Cabit (querida),manugang,Iso,1,same_domain_wrong_specific,"Cabit (self-glossed ""querida""/mistress) vs manugang=child-in-law; same relationship domain, wrong specific.",C_same_domain_wrong_specific
35,pldmt_0fd47868fe95,word,Capusu,pamangkin,Iso,1,same_domain_wrong_specific,"Capusu (uncertain gloss, kinship block) vs pamangkin=niece/nephew; same domain, unverified specific.",C_same_domain_wrong_specific
36,pldmt_8c2c0c9a3b57,phrase,Cabit (querida),balo,Iso,1,same_domain_wrong_specific,"Cabit=mistress vs balo=widow/widower; same relationship-status domain, wrong specific.",C_same_domain_wrong_specific
37,pldmt_d58c0687dd68,phrase,Tegauang lalaki,tiya,Iso,1,same_domain_wrong_specific,"Tegauang lalaki (male in-law term, kinship block) vs tiya=aunt; same domain, gender mismatch.",C_same_domain_wrong_specific
38,pldmt_215a399163a2,word,Capalsintan,kamag-anak,Iso,1,same_domain_wrong_specific,"Capalsintan (uncertain gloss) vs kamag-anak=relative (generic); same kinship domain, unverified specific.",C_same_domain_wrong_specific
39,pldmt_699b26f46f2f,word,Manuyang,katambal,Iso,1,same_domain_wrong_specific,"Manuyang (uncertain gloss) vs katambal=partner/companion; same relational domain, unverified specific.",C_same_domain_wrong_specific
40,pldmt_bc83bc4bcf05,phrase,Siping bale,manugang,Iso,0,no_correspondence,Siping bale=neighbor (next-door) vs manugang=child-in-law; different relation types.,D_no_correspondence
41,pldmt_7b1d4acc784b,word,Cacambal,kasintahan,Iso,1,same_domain_wrong_specific,"Cacambal=twin vs kasintahan=sweetheart; same relationship domain, wrong specific.",C_same_domain_wrong_specific
42,pldmt_8426d5b71155,phrase,kabud (adv. immediately) -- kabud (adj. only),bakas-bakás (financial partnership-footprint),Iso,NA,dictionary_gloss_pair,"Homonym/homograph illustration entry (two senses of ""kabud"" defined), not a sentence/phrase translation; target is an unrelated Filipino homonym pair.",E_dictionary_gloss_not_a_pair
43,pldmt_ec5cc8149385,phrase,pati (n. ganta) -- pati (prep. including),hapò-hapô (weariness-weary),Iso,NA,dictionary_gloss_pair,"Homonym illustration entry (""pati""), not a translation pair.",E_dictionary_gloss_not_a_pair
44,pldmt_013080463d37,phrase,palac (n. residue) -- palac (adj. much greater),dala-dalá-dalâ (net-take-taught by experience),Iso,NA,dictionary_gloss_pair,"Homonym illustration entry (""palac""), not a translation pair.",E_dictionary_gloss_not_a_pair
45,pldmt_44907440618c,phrase,"sepu (v. caught) -- sepu (adj. end, extremity)",kaka-kakâ (uncle/aunt-elder sister/brother),Iso,NA,dictionary_gloss_pair,"Homonym illustration entry (""sepu""), not a translation pair.",E_dictionary_gloss_not_a_pair
46,pldmt_c0c4c330b4b7,phrase,kabud (adv. immediately) -- kabud (adj. only),bulo-bulô (hairs (of fruits)-young carabao),Iso,NA,dictionary_gloss_pair,"Homonym illustration entry (""kabud""), not a translation pair.",E_dictionary_gloss_not_a_pair
47,pldmt_6f4bd178257a,phrase,baldug (v. fall) -- baldug (v. translate),sukat-sukát (measurement-measured),Iso,NA,dictionary_gloss_pair,"Homonym illustration entry (""baldug""), not a translation pair.",E_dictionary_gloss_not_a_pair
48,pldmt_d190dbd689ff,phrase,masakit (adj. difficult) -- masakit (adj. painful),nahuli-nahulí (was caught-arrived late),Iso,NA,dictionary_gloss_pair,"Homonym illustration entry (""masakit""), not a translation pair.",E_dictionary_gloss_not_a_pair
49,pldmt_50049d5436f1,phrase,piling (v. shake the head to say no) -- piling (n. bunch of bananas),pasò-pasô (scald/burn-flower pot),Iso,NA,dictionary_gloss_pair,"Homonym illustration entry (""piling""), not a translation pair.",E_dictionary_gloss_not_a_pair
50,pldmt_75b51b0c7d91,phrase,piling (v. shake the head to say no) -- piling (n. bunch of bananas),agáwan-agawán (to take by force-struggle),Iso,NA,dictionary_gloss_pair,"Homonym illustration entry (""piling""), not a translation pair.",E_dictionary_gloss_not_a_pair
51,pldmt_66f6d7e48d7f,phrase,Calabing apat,ikatatlumpu't pitong,Iso,0,no_correspondence,Calabing apat=14 (cardinal) vs ikatatlumpu't pitong=37th (ordinal); different values/forms.,D_no_correspondence
52,pldmt_72d020b95763,phrase,Caduampulu't apat,ikadalawampu't walong,Iso,0,no_correspondence,Caduampulu't apat=24 vs ikadalawampu't walong=28th; different values.,D_no_correspondence
53,pldmt_c0fbf6f508a6,phrase,Calabingpitu,ikadalawampu't pitong,Iso,0,no_correspondence,Calabingpitu=17 vs ikadalawampu't pitong=27th; different values.,D_no_correspondence
54,pldmt_2d1b9db84062,phrase,Catlumpulu't atlu,ikadalawampu't pitong,Iso,0,no_correspondence,Catlumpulu't atlu=33 vs ikadalawampu't pitong=27th; different values.,D_no_correspondence
55,pldmt_4cfdb6b8d5f7,phrase,Cawalumpulung,ikadalawampu't tatlo,Iso,0,no_correspondence,Cawalumpulung=~80 vs ikadalawampu't tatlo=23rd; different values.,D_no_correspondence
56,pldmt_81e47f0bcfba,phrase,Calabing metung,ikadalawampu't isang,Iso,0,no_correspondence,Calabing metung=11 vs ikadalawampu't isang=21st; different values.,D_no_correspondence
57,pldmt_d9cd2786908e,phrase,Caduampulu't pitung,ikadalawampu't tatlo,Iso,0,no_correspondence,Caduampulu't pitung=27 vs ikadalawampu't tatlo=23rd; different values.,D_no_correspondence
58,pldmt_09ab6afe2ed2,phrase,cadinalang,ikadalawampu't siyam,Iso,1,same_domain_wrong_specific,"cadinalang (uncertain, possibly garbled ""29"") vs ikadalawampu't siyam=29th; numeric domain, cardinal/ordinal form mismatch and uncertain source parse.",C_same_domain_wrong_specific
59,pldmt_1c23615a12e2,phrase,Catlumpulu't metung,ikatatlumpu't walong,Iso,0,no_correspondence,Catlumpulu't metung=31 vs ikatatlumpu't walong=38th; different values.,D_no_correspondence
60,pldmt_aae93cbfa36a,phrase,Catlumpulu't aduang,ikalawa,Iso,0,no_correspondence,Catlumpulu't aduang=32 vs ikalawa=2nd; different order of magnitude.,D_no_correspondence
61,pldmt_8203ca61f1f7,phrase,Catlumpulu't apat,ikadalawampu't walong,Iso,0,no_correspondence,Catlumpulu't apat=34 vs ikadalawampu't walong=28th; different values.,D_no_correspondence
62,pldmt_6fccfe1ef2a3,phrase,Caduampulu't atlu,ikatatlumpu't limang,Iso,0,no_correspondence,Caduampulu't atlu=23 vs ikatatlumpu't limang=35th; different values.,D_no_correspondence
63,pldmt_e31f95bb4c9f,word,Salucuiang,labinlimang,Iso,0,no_correspondence,"Salucuiang (time word, ""current"") vs labinlimang=15 (cardinal); domain mismatch (time-word vs number).",D_no_correspondence
64,pldmt_b6eb6a46f56b,word,nandin,Miyerkules,Iso,1,same_domain_wrong_specific,"nandin=earlier/just now vs Miyerkules=Wednesday; same time domain, wrong specific.",C_same_domain_wrong_specific
65,pldmt_7a133466b78a,word,cabang,dapithapon,Iso,1,same_domain_wrong_specific,"cabang=while/during vs dapithapon=late afternoon; same time domain, wrong specific.",C_same_domain_wrong_specific
66,pldmt_146d71d62725,word,Salucuiang,kinagabihan,Iso,1,same_domain_wrong_specific,"Salucuiang=current vs kinagabihan=that evening; same time domain, wrong specific.",C_same_domain_wrong_specific
67,pldmt_36da5b37f970,word,Salucuian,kasalukuyang,Iso,3,correct_translation,"Salucuian and kasalukuyang are the same cognate root meaning ""current/present"" in both languages.",A_correct_translation
68,pldmt_40b25135078d,phrase,potang bagia,dapit-tanghali,Iso,0,no_correspondence,potang bagia (uncertain gloss) vs dapit-tanghali=near noon; no clear correspondence identified.,D_no_correspondence
69,pldmt_cbf867983f28,word,capilanman,pagkatapos,Iso,1,same_domain_wrong_specific,"capilanman=ever/never vs pagkatapos=afterward; same time domain, wrong specific.",C_same_domain_wrong_specific
70,pldmt_77144c263409,word,panaun,kasalukuyang,Iso,1,same_domain_wrong_specific,"panaun=time/season/weather vs kasalukuyang=current; same time domain, wrong specific.",C_same_domain_wrong_specific
71,pldmt_cbdba8176746,phrase,anggang capilanman,bágo,Iso,1,same_domain_wrong_specific,"anggang capilanman=forever vs bago=before/new; same time domain, wrong specific.",C_same_domain_wrong_specific
72,pldmt_54057f379da0,phrase,anggang capilanman,segusegundo,Iso,1,same_domain_wrong_specific,"anggang capilanman=forever vs segusegundo=every second; same time domain, wrong specific.",C_same_domain_wrong_specific
73,pldmt_4793a170cb0a,phrase,anggang capilanman,mamaya,Iso,1,same_domain_wrong_specific,"anggang capilanman=forever vs mamaya=later; same time domain, wrong specific.",C_same_domain_wrong_specific
74,pldmt_1664d06e1663,word,capilanman,bágo,Iso,1,same_domain_wrong_specific,"capilanman=whenever/never vs bago=before/new; same time domain, wrong specific.",C_same_domain_wrong_specific
75,pldmt_298589971952,phrase,ganing aldo,kamakatlo,Iso,1,same_domain_wrong_specific,"ganing aldo=whole day vs kamakatlo=three days ago; same time domain, wrong specific.",C_same_domain_wrong_specific
76,pldmt_a43871bdc383,phrase,anggang capilanman,kalahati,Iso,0,no_correspondence,anggang capilanman=forever vs kalahati=half; time vs quantity domain mismatch.,D_no_correspondence
77,pldmt_1a972aa6cd7a,word,panaun,mamaya,Iso,1,same_domain_wrong_specific,"panaun=time vs mamaya=later; same time domain, wrong specific.",C_same_domain_wrong_specific
78,pldmt_f677eb71dc3e,word,Meyari,dati,Iso,1,same_domain_wrong_specific,"Meyari=finished/done vs dati=used to/before; loosely related past-reference domain, wrong specific.",C_same_domain_wrong_specific
79,pldmt_fd83ca885229,word,capilanman,dapit-umaga,Iso,1,same_domain_wrong_specific,"capilanman=whenever vs dapit-umaga=near dawn; same time domain, wrong specific.",C_same_domain_wrong_specific
80,pldmt_bc294df433eb,phrase,ganing aldo,minuminuto,Iso,1,same_domain_wrong_specific,"ganing aldo=whole day vs minuminuto=minute by minute; same time-increment domain, wrong specific.",C_same_domain_wrong_specific
81,pldmt_033a71cc2dc6,word,Salucuian,ngayong,Iso,2,plausible_partial_match,Salucuian=current and ngayong=now are close synonyms in the time domain.,B_plausible_partial_match
82,pldmt_497a033df9f4,word,Salucuian,Miyerkules,Iso,1,same_domain_wrong_specific,"Salucuian=current vs Miyerkules=Wednesday; same time domain, wrong specific.",C_same_domain_wrong_specific
83,pldmt_83da3d008f23,phrase,linabas a,kinagabihan,Iso,1,same_domain_wrong_specific,"linabas a=went out/past marker vs kinagabihan=that evening; loosely time-related, wrong specific.",C_same_domain_wrong_specific
84,pldmt_16a7a2bdfcd2,phrase,Madalumdum,El Nino,Iso,1,same_domain_wrong_specific,"Madalumdum=gloomy/overcast vs El Nino=drought-associated climate phenomenon; same weather domain, opposite specific connotation.",C_same_domain_wrong_specific
85,pldmt_470fc42f0b06,word,Banua,taglagas,Iso,1,same_domain_wrong_specific,"Banua=year vs taglagas=autumn/fall season; same time domain, wrong specific.",C_same_domain_wrong_specific
86,pldmt_35d75b6f2aa6,phrase,Tagsibul,biglaang pagbaha,Iso,1,same_domain_wrong_specific,"Tagsibul=spring season vs biglaang pagbaha=sudden flooding; same weather/season domain, wrong specific.",C_same_domain_wrong_specific
87,pldmt_5dbd7999b1e1,word,Panaun,maalinsángan,Iso,1,same_domain_wrong_specific,"Panaun=time/weather vs maalinsangan=humid/sultry; same weather domain, wrong specific.",C_same_domain_wrong_specific
88,pldmt_347b2982770a,word,Maialiualas,makulimlim,Iso,1,same_domain_wrong_specific,"Maialiualas (uncertain gloss) vs makulimlim=overcast/cloudy; weather-adjective domain, unverified specific.",C_same_domain_wrong_specific
89,pldmt_7f121a8aff52,phrase,Bugsu ning angin,halumigmig,Iso,1,same_domain_wrong_specific,"Bugsu ning angin=gust of wind vs halumigmig=humidity; same weather domain, wrong specific -- the correct target for this exact source text appears at row 91.",C_same_domain_wrong_specific
90,pldmt_1b1b214d5204,phrase,Maialumigmig,biglaang pagbaha,Iso,1,same_domain_wrong_specific,"Maialumigmig=humid vs biglaang pagbaha=sudden flooding; same weather domain, wrong specific -- this source's likely correct target (halumigmig) appears at row 89, evidence the 89/90/91/92 block is shifted by one position.",C_same_domain_wrong_specific
91,pldmt_b77992c7e0c7,phrase,Bugsu ning angin,bugso ng hangin,Iso,3,correct_translation,Bugsu ning angin = bugso ng hangin; exact gust-of-wind translation.,A_correct_translation
92,pldmt_c337aa78f132,phrase,Maialumigmig,bugso ng hangin,Iso,1,same_domain_wrong_specific,"Maialumigmig=humid vs bugso ng hangin=gust of wind; same weather domain, wrong specific.",C_same_domain_wrong_specific
93,pldmt_7c61d50042d8,sentence,Mayap a bengi pu kecayu.,Maraming salamat.,Utt,1,same_domain_wrong_specific,"Mayap a bengi pu kecayu=good evening to you vs Maraming salamat=thank you; both polite formulaic expressions, wrong specific.",C_same_domain_wrong_specific
94,pldmt_e5d908dc32e6,sentence,Nucarin cayu pu macatucnang?,Maligayang bati po sa inyo.,Utt,0,no_correspondence,Nucarin cayu pu macatucnang?=where do you live? vs Maligayang bati po sa inyo=congratulations to you; different speech act.,D_no_correspondence
95,pldmt_ca197f89b141,sentence,Nucarin cayu hu macatucnang?,Maligayang kaarawan po sa inyo.,Utt,0,no_correspondence,Nucarin cayu hu macatucnang?=where do you live? vs Maligayang kaarawan po sa inyo=happy birthday to you; different speech act.,D_no_correspondence
96,pldmt_90cda28253e2,phrase,Pacencia na pu kecayu.,Gusto niyo pong kumain?,Utt,0,no_correspondence,Pacencia na pu kecayu=please excuse me vs Gusto niyo pong kumain?=would you like to eat?; different speech act.,D_no_correspondence
97,pldmt_30ddbe883b59,sentence,Mayap a gatpanapun pu kecayu.,Ano hong pangalan ninyo?,Utt,0,no_correspondence,Mayap a gatpanapun pu kecayu=good afternoon to you vs Ano hong pangalan ninyo?=what is your name?; different speech act.,D_no_correspondence
98,pldmt_915656457f7b,phrase,Maligayang bati pu.,Wala pong anuman.,Utt,1,same_domain_wrong_specific,"Maligayang bati pu=congratulations vs Wala pong anuman=you're welcome; both polite formulaic expressions, wrong specific.",C_same_domain_wrong_specific
99,pldmt_c0a6319de854,sentence,Nucarin ya pu ing terminal ning bus?,Ilang taon na ho kayo?,Utt,0,no_correspondence,Nucarin ya pu ing terminal ning bus?=where is the bus terminal? vs Ilang taon na ho kayo?=how old are you?; different question content.,D_no_correspondence
100,pldmt_8f99957e4a6c,sentence,Mayap a bengi hu kecayu.,Magandang umaga po sa inyo.,Utt,2,plausible_partial_match,"Mayap a bengi hu kecayu=good evening to you vs Magandang umaga po sa inyo=good morning to you; same greeting formula, wrong time-of-day.",B_plausible_partial_match
101,pldmt_b4cb23f2cbf8,sentence,Mayap a abac pu kecayu.,Maligayang bati ho sa inyo.,Utt,1,same_domain_wrong_specific,"Mayap a abac pu kecayu=good morning to you vs Maligayang bati ho sa inyo=congratulations to you; both greetings, wrong specific.",C_same_domain_wrong_specific
102,pldmt_cec0f18a7668,sentence,E na co hu mangabala.,Maligayang kaarawan ho sa inyo.,Utt,0,no_correspondence,E na co hu mangabala=I won't bother you further vs Maligayang kaarawan ho sa inyo=happy birthday to you; different speech act.,D_no_correspondence
103,pldmt_cfa0b1f12439,sentence,Pilang na co pung banua?,Maligayang bati ho sa inyo.,Utt,0,no_correspondence,Pilang na co pung banua?=how many years [old]? vs Maligayang bati ho sa inyo=congratulations to you; different speech act.,D_no_correspondence
104,pldmt_a8364c94d910,sentence,Maligayang kebaitan hu kecayu.,Magkita na lang po tayo sa susunod.,Utt,0,no_correspondence,Maligayang kebaitan hu kecayu (uncertain occasion greeting) vs Magkita na lang po tayo sa susunod=see you next time; different speech act.,D_no_correspondence
105,pldmt_416c18aa4058,sentence,Bibilugan mucu yata?,Magandang umaga po sa inyo.,Utt,0,no_correspondence,Bibilugan mucu yata? (uncertain gloss) vs Magandang umaga po sa inyo=good morning to you; no clear correspondence identified.,D_no_correspondence
106,pldmt_8961d97f9f23,sentence,Nucarin ya hu ing terminal ning bus?,Marami ka bang gagawin?,Utt,0,no_correspondence,Nucarin ya hu ing terminal ning bus?=where is the bus terminal? vs Marami ka bang gagawin?=do you have a lot to do?; different question content.,D_no_correspondence
107,pldmt_045392a08c51,phrase,Maligayang kebaitan pu.,Maraming salamat po.,Utt,1,same_domain_wrong_specific,"Maligayang kebaitan pu (greeting formula) vs Maraming salamat po=thank you; both polite formulaic expressions, wrong specific.",C_same_domain_wrong_specific
108,pldmt_2f9023ea7fc9,phrase,Nanung pamangan tamu ngeni?,Maligayang bati po.,Utt,0,no_correspondence,Nanung pamangan tamu ngeni?=what shall we eat now? vs Maligayang bati po=congratulations; different speech act.,D_no_correspondence
109,pldmt_afabeed64d19,phrase,Calugurang caluguran daca.,Saan po kayo nakatira?,Utt,0,no_correspondence,Calugurang caluguran daca=term of endearment vs Saan po kayo nakatira?=where do you live?; different speech act.,D_no_correspondence
110,pldmt_dab7f3e78c50,sentence,Bibilugan mucu yata?,Magkita na lang po tayo sa susunod.,Utt,0,no_correspondence,Bibilugan mucu yata? (uncertain gloss) vs Magkita na lang po tayo sa susunod=see you next time; no clear correspondence identified.,D_no_correspondence
111,pldmt_3e1554828bcf,sentence,Linisan ing silid-pagaralan.,Itaas lang ang kamay 'wag nang magsabi ng Ma'am.,Utt,1,same_domain_wrong_specific,"Linisan ing silid-pagaralan=clean the classroom vs Itaas lang ang kamay...=just raise your hand...; both classroom-instruction domain, wrong specific.",C_same_domain_wrong_specific
112,pldmt_62256110e2a9,phrase,Agnan-agnan alang mumuna.,Tumahimik at makinig.,Utt,1,same_domain_wrong_specific,"Agnan-agnan alang mumuna (uncertain, classroom-order instruction) vs Tumahimik at makinig=be quiet and listen; same classroom-instruction domain.",C_same_domain_wrong_specific
113,pldmt_3d74d1f77885,sentence,Buclat ya ing aclat king pagina catlu.,Sino'ng hindi naintindihan?,Utt,1,same_domain_wrong_specific,"Buclat ya ing aclat king pagina catlu=open the book to page three vs Sino'ng hindi naintindihan?=who didn't understand?; same classroom domain, wrong specific.",C_same_domain_wrong_specific
114,pldmt_5fb04dc8559e,phrase,Dalan ya king opisina.,magpasa ng tahimik,Utt,0,no_correspondence,Dalan ya king opisina=he/she went to the office vs magpasa ng tahimik=submit quietly; different content.,D_no_correspondence
115,pldmt_545d9598c230,sentence,Mengan na cayu wari?,Lagyan ng cover ang aklat.,Utt,0,no_correspondence,Mengan na cayu wari?=have you all eaten? vs Lagyan ng cover ang aklat=cover the book; different content.,D_no_correspondence
116,pldmt_6e245c93594b,sentence,Iwasang makisabi king casiping.,Sino ang tutulong sa kanya para maiwasto ang sagot.,Utt,1,same_domain_wrong_specific,"Iwasang makisabi king casiping=avoid talking to your seatmate vs Sino ang tutulong sa kanya...=who will help him/her...; same classroom domain, wrong specific.",C_same_domain_wrong_specific
117,pldmt_96deffb8d5f4,sentence,Bilisan ing pamangan.,Tingnan ko nga kung sino ang mabait?,Utt,1,same_domain_wrong_specific,"Bilisan ing pamangan=hurry up eating vs Tingnan ko nga kung sino ang mabait?=let's see who is well-behaved; same classroom domain, wrong specific.",C_same_domain_wrong_specific
118,pldmt_f40c8a85fc24,sentence,Pakibatang tahimic ding cutang king pakibatang papil.,Sino ang dito kakain?,Utt,1,same_domain_wrong_specific,"Pakibatang tahimic ding cutang...=classroom crafts instruction vs Sino ang dito kakain?=who will eat here?; same classroom domain, wrong specific.",C_same_domain_wrong_specific
119,pldmt_c300a5e9851c,sentence,Makiramdam.,Sabihin sa nanay na may meeting.,Utt,0,no_correspondence,Makiramdam=pay attention/sense the mood vs Sabihin sa nanay na may meeting=tell mom there's a meeting; different content.,D_no_correspondence
120,pldmt_1da145b8e874,sentence,Cumang metung a mabilug a papil dinan yeng lagiu,Magpuputol ng kuko sa nanay kapag mahaba na ang mga kuko.,Utt,0,no_correspondence,Cumang metung a mabilug a papil...=classroom craft instruction vs Magpuputol ng kuko sa nanay...=will cut mom's nails; different content.,D_no_correspondence
121,pldmt_1c54db60932a,phrase,Dalan ya king opisina.,Sabay-sabay walang mauuna.,Utt,0,no_correspondence,"Dalan ya king opisina=he/she went to the office vs Sabay-sabay walang mauuna=all together, none goes first; different content.",D_no_correspondence
122,pldmt_98bd8b37748a,sentence,E co pupulayi king kilub ning cuarto.,Huwag palaging tasa ng tasa,Utt,1,same_domain_wrong_specific,"E co pupulayi king kilub ning cuarto=I won't run around in the room vs Huwag palaging tasa ng tasa (unclear FIL) vs same behavior-instruction domain, wrong specific.",C_same_domain_wrong_specific
123,pldmt_edf84bcda20f,sentence,E yu ulitan ing pamanyulud ning imalan yu.,Naiintindihan ba mga bata?,Utt,0,no_correspondence,E yu ulitan ing pamanyulud ning imalan yu=don't repeat wearing your clothes [wrong side] vs Naiintindihan ba mga bata?=do the children understand?; different content.,D_no_correspondence
124,pldmt_8f1166f074c7,sentence,"Lumacad mu, e pupulayi.",ilagay sa tamang lagayan ang basura,Utt,1,same_domain_wrong_specific,"Lumacad mu, e pupulayi=walk, don't run vs ilagay sa tamang lagayan ang basura=put garbage in its place; same classroom/behavior-instruction domain, wrong specific.",C_same_domain_wrong_specific
125,pldmt_af60689185a3,phrase,Magsane mamasa at mamilang.,Umupo ng maayos.,Utt,1,same_domain_wrong_specific,"Magsane mamasa at mamilang=practice reading and counting vs Umupo ng maayos=sit properly; same classroom-instruction domain, wrong specific.",C_same_domain_wrong_specific
126,pldmt_1702a00c8b24,sentence,"Melaus ya ing matsing king cayang maroc a gawa cabang king tauli, e na tipdan ing cayang pangacu at inatsa ne ing pau king danum.","Tangi pa rito, ang mga punong saging ay madalas na binubunot ng mga tao, gaya ng ginawa ng pangunang mga tauhan ng ating kuwento, itinatanim nila at pinipitas ang mga bunga (o ang pusong nagbibigay ng mga bunga) sa loob ng tatlo o apat na araw.",Utt,1,same_domain_wrong_specific,"Long narrative sentence (fable register, monkey/banana content) vs Long FIL narrative sentence (different fable content); same literary/fable register, different specific content -- this FIL target sentence recurs at rows 131/134/135 against different PAM sources, evidence of a shuffled narrative block.",C_same_domain_wrong_specific
127,pldmt_6a71eb242c5c,sentence,"Metung yang maingat a pamaniuri at pamipareu ing mituru kecatamu ing tune nang buud ding aduang cuentu ibat sa king Mauli ning Sumatra, Java, Mindanao o nung ali man caya king capuluang Filipinas, at caibat dela de ding tau o liping linipat king bandang Pangulu ban manucnangan caring Pulu ning Japon at Riu-kiu.","May nagsabi sa akin nang ako'y nasa Hapon na ang pagong sa mga tao roon ay isang tanda ng kawalang-hanggan o kaya'y tanda ng isang bagay na kagalang-galang, banal, at iba pa, na maaaring may kinalaman ang kabihasnang Intsik.",Utt,1,same_domain_wrong_specific,"Fable-register narrative sentence vs different fable-register FIL sentence about turtle symbolism in Japan; same register, wrong specific content.",C_same_domain_wrong_specific
128,pldmt_c9a04473b126,sentence,"Ing panakit da king pau metung yang macalunus, malati at alang male a bage, dapot maingat king capamaralan, migit yang calunusan kesa hangaan o igalang caya.","""Ngunit ang alimango'y hindi maaaring umakyat sa punongkahoy."" ang pariralang ito ay magiging lalong tama sa pagong; sa aming paniwala, ang alimangong may sipit at mga paa ay maaaring umakyat na katulad ng matsing; madaling naaakyat ng alimango ang alin mang bato, moog, at iba pa.",Utt,1,same_domain_wrong_specific,"Fable-register narrative about a crab vs different FIL fable-register sentence about a crab climbing trees; same register/topic-adjacent, wrong specific content.",C_same_domain_wrong_specific
129,pldmt_d47c30badb09,sentence,"Ing matsing caring aduang pabulang deti ginanap yang metung a papil, sakim, magaspang, maroc at mapag-iganti; ing king Japong mitmung kaki ya ing pun saging king Filipinas, saguling tumubu at mamunga kesa caring aliuang pun dutung.","Ito'y isang magandang puno, may malalaki't luntiang dahon, at may mga ugat pang wari'y kabubuwal lamang pagkatapos ng bagyo.",Utt,1,same_domain_wrong_specific,"Fable-register narrative (monkey/crab roles) vs unrelated-specific FIL sentence about a beautiful tree; same literary register, wrong specific content.",C_same_domain_wrong_specific
130,pldmt_f35b46a021c6,sentence,Malagua yang tinubu ing butul anggang meging metung yang matas a pun dutung.,"Ang matsing sa dalawang pabulang ito'y gumaganap ng isang papel, masakim, magaspang, balakyot at mapaghiganti; ang sa Hapong puno ng kaki ay siyang punong saging sa Pilipinas, madaling tumubo at mamunga kaysa ibang mga punongkahoy.",Utt,1,same_domain_wrong_specific,"Narrative sentence about a plant/tree growing vs FIL sentence describing monkey/crab roles (looks like a shifted match to a different row in this block); same register, wrong specific alignment.",C_same_domain_wrong_specific
131,pldmt_92ddb8110523,sentence,"Nung ding matsing migit lang masican kesa caring alimangong magnasang capayapan, ing bage iti e macapanamuyut king ari a lungub king lungga a alang cayabe, anting e da neman pinilit ning lalung mas masican a calaban; dapot ing maliari munta la ding alimango caring matsing ban makipagcasundu.","Tangi pa rito, ang mga punong saging ay madalas na binubunot ng mga tao, gaya ng ginawa ng pangunang mga tauhan ng ating kuwento, itinatanim nila at pinipitas ang mga bunga (o ang pusong nagbibigay ng mga bunga) sa loob ng tatlo o apat na araw.",Utt,1,same_domain_wrong_specific,"Fable-register narrative sentence vs the same recurring FIL target seen at rows 126/134/135; same register, wrong specific content, evidence of shuffled block.",C_same_domain_wrong_specific
132,pldmt_8b49a52bd72e,sentence,"Ing pamanyaup nang lusung, alu, bonbuan at ning ebun caring mimumuang alimango magpatune kecatamung malayang caisipan ding Japon.","Ang matsing sa dalawang pabulang ito'y gumaganap ng isang papel, masakim, magaspang, balakyot at mapaghiganti; ang sa Hapong puno ng kaki ay siyang punong saging sa Pilipinas, madaling tumubo at mamunga kaysa ibang mga punongkahoy.",Utt,1,same_domain_wrong_specific,"Fable-register narrative sentence vs FIL sentence about monkey/crab roles (also seen at row 130); same register, wrong specific alignment.",C_same_domain_wrong_specific
133,pldmt_b5383dd39b70,sentence,Miras ya king mainang pau ing bandang ilalam a king lawe matsura ya dapot magtagle nemang dacal a uyat.,"Sa kuwentong Pilipino, ang paghihiganti ng pagong kahit na may kaunting kamulalaan ay nagpapakilala ng una't pambihirang pamamaraan, ""may matutulis na susó"", samantalang sa kuwentong Hapon ay may bakas ng lalong maunlad na kalagayan ng kapisanan, gaya ng digmaan ng mga alimango at mga matsing.",Utt,1,same_domain_wrong_specific,"Fable-register narrative about a crab's revenge vs FIL sentence contrasting Philippine and Japanese story traditions; same register, wrong specific content.",C_same_domain_wrong_specific
134,pldmt_4b5e8057c84a,sentence,"E apaglinlangan sabian a ding aduang pabulang deti, agiang miyaliua la sepu atin lang metung a penibatan, o nung caya ating yang pamicatmu ing metung king metung.","Tangi pa rito, ang mga punong saging ay madalas na binubunot ng mga tao, gaya ng ginawa ng pangunang mga tauhan ng ating kuwento, itinatanim nila at pinipitas ang mga bunga (o ang pusong nagbibigay ng mga bunga) sa loob ng tatlo o apat na araw.",Utt,1,same_domain_wrong_specific,"Fable-register narrative sentence vs the same recurring FIL target seen at rows 126/131/135; same register, wrong specific content, evidence of shuffled block.",C_same_domain_wrong_specific
135,pldmt_af6f5eff89a8,sentence,"Ing panakit da king pau metung yang macalunus, malati at alang male a bage, dapot maingat king capamaralan, migit yang calunusan kesa hangaan o igalang caya.","May nagsabi sa akin nang ako'y nasa Hapon na ang pagong sa mga tao roon ay isang tanda ng kawalang-hanggan o kaya'y tanda ng isang bagay na kagalang-galang, banal, at iba pa, na maaaring may kinalaman ang kabihasnang Intsik.",Utt,1,same_domain_wrong_specific,"Fable-register narrative sentence (turtle characterization) vs FIL sentence about turtle symbolism in Japan (also seen at row 127); same register, wrong specific alignment.",C_same_domain_wrong_specific
136,pldmt_4d5c20ad3b81,sentence,"Samantala, magcasia tana pa king metung a pamaniuri at pamamunie mapilang casian manibat king metung a masusing pamipareu ding aduang cuentu.","Ang katotohanang, ang kuwentong ito ay alam kahit saan mang dako ng Pilipinas; sa bawat pulo, lalawigan, at nayon, ay nagpapakilalang ito'y minana sa isang naglahong kabihasnang karaniwan sa mga lahing nanirahan nang panahong iyon.",Utt,1,same_domain_wrong_specific,"Fable-register meta-commentary sentence vs FIL sentence about the story's wide circulation in the Philippines; same register, wrong specific content.",C_same_domain_wrong_specific
137,pldmt_f9798760161b,sentence,"""Mayap, atme cayapan!"" ing pakibat ning pau. "" E cu mu pin miukyat king pun at macapanagtal caring cayang bunga.""","Ang tingin nila sa pagong ay isang kaawa-awa, maliit at walang malay na bagay, ngunit maingat sa pamamaraan, higit na kinaaawaan kaysa hangaan o igalang kaya.",Utt,1,same_domain_wrong_specific,"Fable-register dialogue sentence (turtle's reply) vs FIL sentence describing sympathetic characterization of the turtle; same register, related content, wrong specific alignment.",C_same_domain_wrong_specific
138,pldmt_cec7e7510625,sentence,Mayalang galang na po.,Ipagpaumanhin po ninyo ang aking pagkakamali.,Utt,0,no_correspondence,Mayalang galang na po=very respectfully now (polite closing) vs Ipagpaumanhin po ninyo ang aking pagkakamali=please forgive my mistake; different speech act.,D_no_correspondence
139,pldmt_2bda4b86d598,sentence,Catutula cu pu ing akilala da cayu.,Tanggapin po ninyo ang aming taós pusong pasasalamat!,Utt,1,same_domain_wrong_specific,"Catutula cu pu ing akilala da cayu=delighted to have met you vs Tanggapin po ninyo ang aming taos pusong pasasalamat!=please accept our heartfelt thanks; both polite formulaic expressions, wrong specific.",C_same_domain_wrong_specific
140,pldmt_3aa2c70f8bcd,sentence,Tanggapan ye pu ing kecaming taus pusung pamipasalamat!,Magandang araw sa iyo.,Utt,1,same_domain_wrong_specific,"Tanggapan ye pu ing kecaming taus pusung pamipasalamat!=please accept our heartfelt thanks vs Magandang araw sa iyo=good day to you; both polite formulaic expressions, wrong specific -- the correct target for this exact source text appears at rows 151/153.",C_same_domain_wrong_specific
141,pldmt_7ed1cccb2850,sentence,Mapaling pamamuge keco ngan.,Ipagpaumanhin po ninyo ang aking pagkakamali.,Utt,0,no_correspondence,Mapaling pamamuge keco ngan (uncertain gloss) vs Ipagpaumanhin po ninyo ang aking pagkakamali=please forgive my mistake; no clear correspondence identified.,D_no_correspondence
142,pldmt_5d7025845357,sentence,Maligayang Pascu pu at masaplalang bayung banua.,Ipagpaumanhin po ninyo ang aking pagkakamali.,Utt,0,no_correspondence,Maligayang Pascu pu at masaplalang bayung banua=Merry Christmas and prosperous new year vs Ipagpaumanhin po ninyo ang aking pagkakamali=please forgive my mistake; different speech act -- the correct target for this exact source text appears at row 149.,D_no_correspondence
143,pldmt_3f320259ad37,sentence,Maligayang Pascu pu at masaplalang bayung banua.,Tanggapin po ninyo ang aming taós pusong pasasalamat!,Utt,1,same_domain_wrong_specific,"Maligayang Pascu pu at masaplalang bayung banua=Merry Christmas... vs Tanggapin po ninyo ang aming taos pusong pasasalamat!=please accept our heartfelt thanks; both festive/polite formulaic expressions, wrong specific.",C_same_domain_wrong_specific
144,pldmt_6e0fc2a3eb61,phrase,Mayap naman pu.,Isang taós pusong pasasalamat!,Utt,1,same_domain_wrong_specific,"Mayap naman pu=I'm fine, thank you vs Isang taos pusong pasasalamat!=a heartfelt thank you; both polite formulaic expressions, wrong specific.",C_same_domain_wrong_specific
145,pldmt_b467e2e40139,sentence,Maligayang puge king kecang kebaitan.,Maligayang Pasko po at manígong bagong taon.,Utt,2,plausible_partial_match,"Maligayang puge king kecang kebaitan (occasion-greeting formula) vs Maligayang Pasko po at manigong bagong taon=Merry Christmas and Happy New Year; same ""Maligayang X"" greeting-formula structure, uncertain exact occasion match.",B_plausible_partial_match
146,pldmt_0acdd29baf13,sentence,Anga keng pasibayung pamiikit.,Tanggapin mo ang aking pakikiramay.,Utt,1,same_domain_wrong_specific,"Anga keng pasibayung pamiikit (uncertain, possibly condolence-adjacent) vs Tanggapin mo ang aking pakikiramay=accept my condolences; plausibly same domain, low-confidence match.",C_same_domain_wrong_specific
147,pldmt_3a855207858f,sentence,Catutula cu pu ing akilala da cayu.,Maligayang bati sa iyong pagtatapos.,Utt,1,same_domain_wrong_specific,"Catutula cu pu ing akilala da cayu=delighted to have met you vs Maligayang bati sa iyong pagtatapos=congratulations on your graduation; both polite formulaic expressions, wrong specific.",C_same_domain_wrong_specific
148,pldmt_c84f01c8ea06,sentence,Ipagpaumahin yu pu ing cacung pamagcamali.,Ikinagagalak ko po kayong makilala.,Utt,0,no_correspondence,Ipagpaumahin yu pu ing cacung pamagcamali=please forgive my mistake vs Ikinagagalak ko po kayong makilala=pleased to meet you; different speech act.,D_no_correspondence
149,pldmt_b416078863a7,sentence,Maligayang Pascu at masaplalang bayung banua.,Maligayang Pasko po at manígong bagong taon.,Utt,3,correct_translation,Maligayang Pascu at masaplalang bayung banua = Maligayang Pasko po at manigong bagong taon; correct Merry-Christmas-and-prosperous-new-year translation.,A_correct_translation
150,pldmt_ab685eb40288,sentence,Tanggapan ye pu ing cacung pamakirame.,Maligayang Pasko at manígong bagong taon.,Utt,0,no_correspondence,"Tanggapan ye pu ing cacung pamakirame=please accept my condolences vs Maligayang Pasko at manigong bagong taon=Merry Christmas and Happy New Year; opposite tone (condolence vs celebratory), wrong pairing.",D_no_correspondence
151,pldmt_75a2cd9764f4,sentence,Tanggapan ye pu ing kecaming taus pusung pamipasalamat!,Tanggapin po ninyo ang aming taós pusong pasasalamat!,Utt,3,correct_translation,Tanggapan ye pu ing kecaming taus pusung pamipasalamat! = Tanggapin po ninyo ang aming taos pusong pasasalamat!; exact heartfelt-thanks translation.,A_correct_translation
152,pldmt_587f5fed1785,sentence,Maligayang puge king kecang pamamupus.,Maligayang Pasko po at manígong bagong taon.,Utt,1,same_domain_wrong_specific,"Maligayang puge king kecang pamamupus (occasion greeting, possibly graduation) vs Maligayang Pasko po at manigong bagong taon=Merry Christmas; same ""Maligayang X"" formula, wrong specific occasion.",C_same_domain_wrong_specific
153,pldmt_dc3e20690d5e,sentence,Tanggapan ye pu ing kecaming taus pusung pamipasalamat!,Tanggapin po ninyo ang aming taós pusong pasasalamat!,Utt,3,correct_translation,Tanggapan ye pu ing kecaming taus pusung pamipasalamat! = Tanggapin po ninyo ang aming taos pusong pasasalamat!; exact heartfelt-thanks translation (duplicate of row 151's correct pairing).,A_correct_translation
154,pldmt_9d4fefdb6348,sentence,"I Micahel wari ing magcanta, o i James?","Gusto mo bang sumáma, o hindi?",Utt,1,same_domain_wrong_specific,"I Micahel wari ing magcanta, o i James?=is it Michael who sings, or James? vs Gusto mo bang sumama, o hindi?=do you want to come along, or not?; both X-or-Y alternative questions, wrong specific content.",C_same_domain_wrong_specific
155,pldmt_b3746d1f51f2,sentence,Mawawala wari ing gamit na?,Nawawala ba ang gamit niya?,Utt,3,correct_translation,Mawawala wari ing gamit na? = Nawawala ba ang gamit niya?; matching yes/no question about a lost belonging.,A_correct_translation
156,pldmt_a1390e949d65,sentence,"Tigtig ya wari i Francisco, o magcanta?",Paano niya nahanap ang gamit ni James?,Utt,0,no_correspondence,"Tigtig ya wari i Francisco, o magcanta?=will Francisco play or sing? vs Paano niya nahanap ang gamit ni James?=how did he find James's things?; different question content -- the true match for this FIL target appears to be row 159's source text (see note there).",D_no_correspondence
157,pldmt_20ffe484ba11,sentence,"Munta ca wari king Menila, o king Baguiu?",Sinu-sino ang nagdala ng pagkain?,Utt,0,no_correspondence,"Munta ca wari king Menila, o king Baguiu?=will you go to Manila or Baguio? vs Sinu-sino ang nagdala ng pagkain?=who brought the food?; different question content.",D_no_correspondence
158,pldmt_999c11e6bb9a,sentence,"Filipinu ya wari I James, o Americanu?","Hindi siya kumain, 'no?",Utt,0,no_correspondence,"Filipinu ya wari I James, o Americanu?=is James Filipino or American? vs Hindi siya kumain, 'no?=he/she didn't eat, right?; different question content.",D_no_correspondence
159,pldmt_667dda570365,sentence,Macananu nang ikit ing gamit nang James?,Bibili ba siya ng pagkain?,Utt,0,no_correspondence,"Macananu nang ikit ing gamit nang James?=how did he find James's things? vs Bibili ba siya ng pagkain?=will he/she buy food?; different question content -- this source text is itself the likely correct match for the FIL target seen (wrongly) at rows 156 and 163, evidence of a shifted question block.",D_no_correspondence
160,pldmt_dcc97b53607a,sentence,Nucarin ya ing seli cung lapis nandin?,Nakanino ang susi ng bahay?,Utt,0,no_correspondence,"USER-CORRECTED (2026-08-25): PAM seli=bought (verb, from root sali, not ""susi""/key) and lapis=pencil, so the sentence means ""Where is the pencil I bought earlier?"" -- unrelated to FIL ""Nakanino ang susi ng bahay?"" (whose house key is it?). Originally mis-scored 2/plausible_partial_match on a misreading of seli as a ""key"" cognate.",D_no_correspondence
161,pldmt_a44e1f677ba8,phrase,Pilang banua na ca?,Tutugtog ba si Francisco?,Utt,0,no_correspondence,Pilang banua na ca?=how many years old are you? vs Tutugtog ba si Francisco?=will Francisco play [music]?; different content.,D_no_correspondence
162,pldmt_4d494b26a75e,sentence,Obat dela de king ospital I Maricel?,Kailan magkikita sa bahay sina Ronald?,Utt,0,no_correspondence,Obat dela de king ospital I Maricel?=why did they bring Maricel to the hospital? vs Kailan magkikita sa bahay sina Ronald?=when will Ronald and the others meet at the house?; different content.,D_no_correspondence
163,pldmt_0fb9578d4b54,sentence,I Michael wari ing mengan king mangga?,Paano niya nahanap ang gamit ni James?,Utt,0,no_correspondence,I Michael wari ing mengan king mangga?=will Michael eat the mango? vs Paano niya nahanap ang gamit ni James?=how did he find James's things?; different content -- see row 159's note for this FIL target's likely true source.,D_no_correspondence
164,pldmt_da15265fdbc3,sentence,Macananu casakit ing exam yu?,Mabait ba siya?,Utt,0,no_correspondence,Macananu casakit ing exam yu?=how hard was your exam? vs Mabait ba siya?=is he/she kind?; different content.,D_no_correspondence
165,pldmt_49ed11a8f482,sentence,Nanu ing gagawan ng Michael king bale?,"Tutugtog ba si Francisco, o kakanta?",Utt,0,no_correspondence,"Nanu ing gagawan ng Michael king bale?=what will Michael do at home? vs Tutugtog ba si Francisco, o kakanta?=will Francisco play or sing?; different content.",D_no_correspondence
166,pldmt_3f2d2a80f83d,sentence,"Bisa ca waring tuke, o ali?","Tutugtog si Francisco, 'di ba?",Utt,0,no_correspondence,"Bisa ca waring tuke, o ali?=do you want to [verb], or not? vs Tutugtog si Francisco, 'di ba?=Francisco will play, right?; different content.",D_no_correspondence
167,pldmt_a8844d5f57db,sentence,King bale la wari mikit di James?,"Tutugtog si Francisco, 'di ba?",Utt,0,no_correspondence,"King bale la wari mikit di James?=are James and the others at home? vs Tutugtog si Francisco, 'di ba?=Francisco will play, right?; different content.",D_no_correspondence
168,pldmt_74d7fd205d34,sentence,Nanu ing gagawan ng Michael king bale?,"Gusto mo bang kumain, o magpahinga?",Utt,0,no_correspondence,"Nanu ing gagawan ng Michael king bale?=what will Michael do at home? vs Gusto mo bang kumain, o magpahinga?=do you want to eat, or rest?; different content.",D_no_correspondence
169,pldmt_15b833934d67,sentence,"Ala nune purus catacsilan ing ganti king kecatamung pamagpala at pamanupad king carelang pengacung itamu lalung gisingan king cayapan bagus itamung bilagan da, inawa daca tamu king carelang amac a asal, pinilit a sinira ing mal at malagung ugali ning kecatamung Bal’yan; iminulat da catamu king metung a maling pamaniampalataya at bigsac king lubac ning carocan ing capurian ning kecatamung bal’yan; at nung itamu mangangas maniad agiang ditac a lingap, ing maging pakibat ya ing iyugse at ilaut king siping ding kecatamung pacamalan a anac, asaua at matuang pengari.",Ngayon panahon nang dapat simulan ang pagsisiwalat ng mga mahal at dakilang ani na magwawasak sa masinsing tabing na bumubulag sa ating kaisipan; panahon na ngayong dapat makilala ng mga Tagalog ang pinagbuhatan ng kanilang mga kahirapan.,Utt,1,same_domain_wrong_specific,"Long historical/patriotic-register sentence vs different historical/patriotic-register FIL sentence; same genre/register, wrong specific content -- part of a block (169-173) with a recurring long PAM source paired against multiple different FIL targets.",C_same_domain_wrong_specific
170,pldmt_b343ac73a8e5,sentence,"Ngeni ala nang aituring a capanatagan king kecatamung pamanucnangan; ngeni pane da nang gagambalan ing kecatamung catahimican ning mamalingongo a daing at tagulele, saldac pangisnaua at pagsalbat ding macapal a mengulila, balu’t ding pengari ding cabaleng pemanyira ding mapanyupil a Castila; ngeni malulumud tamu king mamalbug a lua ding Indu caring meyangu da bie anac, caring pamanangis ding bingut a pepangulila ning calupitan a ing balang patac calupa na ning metung a bubucal a tingga, a sasala king makirut a sugat ning kecatamung pusung manamdaman; ngeni lalu tamung macabilibid king tanicalang macapaglibac caring balang lalaking ating ingatang capurian.","Panahon na ngayong dapat na lumitaw ang liwanag ng katotohanan; panahon nang dapat nating ipakilala na tayo'y may sariling pagdaramdam, may puri, may hiya at pagdadamayan.",Utt,1,same_domain_wrong_specific,"Long historical/patriotic-register sentence vs different historical/patriotic-register FIL sentence; same genre, wrong specific content.",C_same_domain_wrong_specific
171,pldmt_15d93752da78,sentence,"Ngeni ala nang aituring a capanatagan king kecatamung pamanucnangan; ngeni pane da nang gagambalan ing kecatamung catahimican ning mamalingongo a daing at tagulele, saldac pangisnaua at pagsalbat ding macapal a mengulila, balu’t ding pengari ding cabaleng pemanyira ding mapanyupil a Castila; ngeni malulumud tamu king mamalbug a lua ding Indu caring meyangu da bie anac, caring pamanangis ding bingut a pepangulila ning calupitan a ing balang patac calupa na ning metung a bubucal a tingga, a sasala king makirut a sugat ning kecatamung pusung manamdaman; ngeni lalu tamung macabilibid king tanicalang macapaglibac caring balang lalaking ating ingatang capurian.","Itinuturo na katuwiran ang tayo'y magkaisang-loob, magkaisang isip at akala at nang tayo'y magkaisa na maihanap ng lunas ang naghaharing kasamaan sa ating Bayan.",Utt,1,same_domain_wrong_specific,"Same long historical-register PAM source as row 170/173 vs a third different FIL target; same genre, wrong specific content, evidence of a shuffled block.",C_same_domain_wrong_specific
172,pldmt_c246aadda9dd,sentence,"King mayap dang amuyut a ngara canu, acayan da catamu king lalung cayapan at lalung imulat ding kecatamung caisipan, ing miniabing magsipanibala miliaring melamukus king yumu ning carelang dila king pamaglinlang.",Ngayon panahon nang dapat simulan ang pagsisiwalat ng mga mahal at dakilang ani na magwawasak sa masinsing tabing na bumubulag sa ating kaisipan; panahon na ngayong dapat makilala ng mga Tagalog ang pinagbuhatan ng kanilang mga kahirapan.,Utt,1,same_domain_wrong_specific,"Historical/patriotic-register sentence vs FIL sentence resembling row 169's target; same genre, wrong specific content.",C_same_domain_wrong_specific
173,pldmt_20e8a05047b5,sentence,"Ngeni ala nang aituring a capanatagan king kecatamung pamanucnangan; ngeni pane da nang gagambalan ing kecatamung catahimican ning mamalingongo a daing at tagulele, saldac pangisnaua at pagsalbat ding macapal a mengulila, balu’t ding pengari ding cabaleng pemanyira ding mapanyupil a Castila; ngeni malulumud tamu king mamalbug a lua ding Indu caring meyangu da bie anac, caring pamanangis ding bingut a pepangulila ning calupitan a ing balang patac calupa na ning metung a bubucal a tingga, a sasala king makirut a sugat ning kecatamung pusung manamdaman; ngeni lalu tamung macabilibid king tanicalang macapaglibac caring balang lalaking ating ingatang capurian.",at yao'y inihalo't ininom nila kapwa tanda ng tunay at lubos na pagtatapat na di magtataksil sa pinagkayarian.,Utt,1,same_domain_wrong_specific,"Same long historical-register PAM source as row 170/171 vs a fourth different FIL target; same genre, wrong specific content, evidence of a shuffled block.",C_same_domain_wrong_specific
174,pldmt_7093c4aa8680,sentence,Posible ya pung lala nung e ya maagapan?,Pangalawang beses na siyang inatake sa puso.,Utt,1,same_domain_wrong_specific,"Posible ya pung lala nung e ya maagapan?=could it worsen if untreated? vs Pangalawang beses na siyang inatake sa puso=this is his second heart attack; same medical domain, wrong specific.",C_same_domain_wrong_specific
175,pldmt_3469a91ceead,sentence,Atin ca waring inumang panulu ngene?,Hindi siya makahinga ng ayos,Utt,1,same_domain_wrong_specific,"Atin ca waring inumang panulu ngene?=have you taken your medicine? vs Hindi siya makahinga ng ayos=he/she can't breathe properly; same medical domain, wrong specific.",C_same_domain_wrong_specific
176,pldmt_9a86ddef70c2,sentence,Macaroc keng calusugan ing sobrang pamaninum alac,Hindi po umeepekto ang gamot,Utt,1,same_domain_wrong_specific,"Macaroc keng calusugan ing sobrang pamaninum alac=excessive drinking harms health vs Hindi po umeepekto ang gamot=the medicine isn't working; same medical domain, wrong specific.",C_same_domain_wrong_specific
177,pldmt_63d8752c2093,sentence,Atin ca waring cakilala king pamilya mu a ating macanyan mu namang saket?,Isang linggo na po akong inuubo,Utt,1,same_domain_wrong_specific,"Atin ca waring cakilala king pamilya mu a ating macanyan mu namang saket?=do you know a relative with the same illness? vs Isang linggo na po akong inuubo=I've been coughing for a week; same medical domain, wrong specific.",C_same_domain_wrong_specific
178,pldmt_d494bd8bdfb8,sentence,Ala yang ganang mangan.,Nasa dugo niyo ba yung ganyang sakit?,Utt,1,same_domain_wrong_specific,"Ala yang ganang mangan=he/she has no appetite vs Nasa dugo niyo ba yung ganyang sakit?=is that illness in your blood?; same medical domain, wrong specific.",C_same_domain_wrong_specific
179,pldmt_5d4d6be59693,sentence,Pilang bulan ne pu ing bingut?,May kakilala ka ba sa pamilya mo na may ganyang sakit din?,Utt,1,same_domain_wrong_specific,"Pilang bulan ne pu ing bingut?=how many months has the cough been? vs May kakilala ka ba sa pamilya mo na may ganyang sakit din?=do you know a relative with that illness?; same medical domain, wrong specific.",C_same_domain_wrong_specific
180,pldmt_24aac7c33e4f,sentence,Atin ca waring camaganac a ating capareung saket?,May kakilala ka ba sa pamilya mo na may ganyang sakit din?,Utt,3,correct_translation,"Atin ca waring camaganac a ating capareung saket? = May kakilala ka ba sa pamilya mo na may ganyang sakit din?; matching ""do you know a relative with a similar illness"" question.",A_correct_translation
181,pldmt_153e25f9f462,sentence,Magcasakit ya pung macmul,Inumin mo itong gamot tatlong beses sa isang araw,Utt,1,same_domain_wrong_specific,"Magcasakit ya pung macmul (uncertain gloss) vs Inumin mo itong gamot tatlong beses sa isang araw=take this medicine three times a day; same medical-instruction domain, wrong specific.",C_same_domain_wrong_specific
182,pldmt_a48f2fb09035,sentence,Mayap a gatpanapun pu Doctor,May asthma po ako,Utt,1,same_domain_wrong_specific,"Mayap a gatpanapun pu Doctor=good afternoon, Doctor vs May asthma po ako=I have asthma; same medical-visit context, wrong specific (greeting vs statement).",C_same_domain_wrong_specific
183,pldmt_ba5b2ee88fdd,sentence,Tacpan me ing kailing mata mu at basan ding letra king dingding,May kakilala ka ba sa pamilya mo na may ganyang sakit din?,Utt,0,no_correspondence,Tacpan me ing kailing mata mu at basan ding letra king dingding=cover one eye and read the wall chart (eye exam instruction) vs May kakilala ka ba sa pamilya mo na may ganyang sakit din?=do you know a relative with a similar illness?; different content.,D_no_correspondence
184,pldmt_8123b2b9fa73,sentence,Atin ca waring cakilala king pamilya mu a ating macanyan mu namang saket?,Di po ako tumataba kahit anong gawin kong kain,Utt,0,no_correspondence,Atin ca waring cakilala king pamilya mu a ating macanyan mu namang saket?=do you know a relative with the same illness? vs Di po ako tumataba kahit anong gawin kong kain=I don't gain weight no matter what I eat; different content -- the correct match for this FIL target appears to be row 186's source text.,D_no_correspondence
185,pldmt_e158d7db0352,phrase,Mayap a gatpanapun Doc,Magandang gabi ho Dok,Utt,2,plausible_partial_match,"Mayap a gatpanapun Doc=good afternoon, Doc vs Magandang gabi ho Dok=good evening, Doc; same greeting-to-doctor formula, wrong time-of-day.",B_plausible_partial_match
186,pldmt_86846b4cb32d,sentence,E cu pu tataba agyang nanung gawan cung mangan,Wala siyang ganang kumain,Utt,1,same_domain_wrong_specific,"E cu pu tataba agyang nanung gawan cung mangan=I don't gain weight no matter what I eat vs Wala siyang ganang kumain=he/she has no appetite; same eating/appetite domain, wrong specific -- this source text is the likely correct match for the FIL target seen (wrongly) at row 184.",C_same_domain_wrong_specific
187,pldmt_fbf7c9cdebbd,sentence,Magcasakit cu pung pigilan ing pamani cu,Ano ba ang mabisang gamot diyan?,Utt,1,same_domain_wrong_specific,"Magcasakit cu pung pigilan ing pamani cu (uncertain, possibly breathing-related) vs Ano ba ang mabisang gamot diyan?=what's an effective medicine for that?; same medical domain, wrong specific.",C_same_domain_wrong_specific
188,pldmt_b6e25ebeb11e,sentence,Atiu king daya yu wari ing macaniang saket?,Magandang umaga po Doktor,Utt,0,no_correspondence,"Atiu king daya yu wari ing macaniang saket?=is that illness in your bloodline? vs Magandang umaga po Doktor=good morning, Doctor; different speech act.",D_no_correspondence
189,pldmt_a0916ef37f9a,sentence,Atiu king daya yu wari ing macaniang saket?,Nahihirapan ka bang huminga?,Utt,1,same_domain_wrong_specific,"Atiu king daya yu wari ing macaniang saket?=is that illness in your bloodline? vs Nahihirapan ka bang huminga?=are you having difficulty breathing?; same medical domain, wrong specific.",C_same_domain_wrong_specific
190,pldmt_96981b388044,sentence,Posible ya pung lala nung e ya maagapan?,Ano po ang gamot sa singaw ng bata?,Utt,1,same_domain_wrong_specific,"Posible ya pung lala nung e ya maagapan?=could it worsen if untreated? vs Ano po ang gamot sa singaw ng bata?=what's the medicine for the child's mouth sores?; same medical domain, wrong specific.",C_same_domain_wrong_specific
191,pldmt_f2a7b4ef593b,sentence,Sabian mu nung nucarin masakit,Gaano katagal na siyang nilalagnat?,Utt,1,same_domain_wrong_specific,"Sabian mu nung nucarin masakit=tell me where it hurts vs Gaano katagal na siyang nilalagnat?=how long has he/she had a fever?; same medical Q&A domain, wrong specific.",C_same_domain_wrong_specific
192,pldmt_921e157472df,sentence,Atin ca waring camaganac a ating capareung saket?,May kakilala ka ba sa pamilya mo na may ganyang sakit din?,Utt,3,correct_translation,"Atin ca waring camaganac a ating capareung saket? = May kakilala ka ba sa pamilya mo na may ganyang sakit din?; matching question, same correct pairing as row 180.",A_correct_translation
193,pldmt_ee86c728241e,sentence,Tucnang na co king pamaninum alac,Itigil mo na ang paninigarilyo,Utt,2,plausible_partial_match,"Tucnang na co king pamaninum alac=I've stopped drinking alcohol vs Itigil mo na ang paninigarilyo=stop smoking; same ""stop harmful habit"" sentence structure/domain, wrong specific habit.",B_plausible_partial_match
194,pldmt_7674f4c400a8,sentence,Alayu casi i Doctor ngeni,Di po ako tumataba kahit anong gawin kong kain,Utt,0,no_correspondence,Alayu casi i Doctor ngeni=the doctor is far away right now vs Di po ako tumataba kahit anong gawin kong kain=I don't gain weight no matter what I eat; different content.,D_no_correspondence
195,pldmt_3fe9e60c382d,sentence,Painawa co pa mu king bale king mapilan a aldo,Gaano katagal na siyang nilalagnat?,Utt,1,same_domain_wrong_specific,"Painawa co pa mu king bale king mapilan a aldo=let me rest at home a few more days vs Gaano katagal na siyang nilalagnat?=how long has he/she had a fever?; same medical domain, wrong specific.",C_same_domain_wrong_specific
196,pldmt_a8b811db801d,sentence,Binulusuc ing penakitan ning Del Monte Pacific,"Dahil sa mahusay na liderato ng mga pinuno ng bayan, nakabalik ito sa pang-unang pwesto nang umabot sa limampu't apat na milyong piso ang kita noong taong isang libo siyam na raan walumpu't siyam.",Utt,1,same_domain_wrong_specific,"Sentence about a Del Monte Pacific company issue vs FIL sentence about leadership/earnings figures; same business-news domain, wrong specific.",C_same_domain_wrong_specific
197,pldmt_d938ac1e0e52,sentence,Reforma king economia migresulta king pamibaba ning utang ning bansa,Patok sa mga dayuhang kapitalista ang kampanya ng gobyerno sa turismo,Utt,1,same_domain_wrong_specific,"Reforma king economia migresulta king pamibaba ning utang=economic reform reduced debt vs Patok sa mga dayuhang kapitalista ang kampanya...=foreign investors like the tourism campaign; same economic-news domain, wrong specific.",C_same_domain_wrong_specific
198,pldmt_73bcea02439e,sentence,Sinabi na namang Aspe a surian no ning agencia ding libru da ding mesabing establisimiento ban abalu nung ninu caring makibandi deti ing migdeclarang ustung panakitan ning carelang negocio.,Sinabi rin ni Aspe na susuriin ng ahensya ang libro ng naturang mga establisimyento para malaman kung sino sa mga may-ari nito ang nagdedeklara ng tamang kinikita ng kanilang negosyo.,Utt,3,correct_translation,"Sinabi na namang Aspe a surian no ning agencia ding libru da ding mesabing establisimiento... = Sinabi rin ni Aspe na susuriin ng ahensya ang libro ng naturang mga establisimyento...; matching sentence, near word-for-word correspondence.",A_correct_translation
199,pldmt_5d88f3c09ec4,sentence,Capagnasan ning presidente a adinang apulung milyong obra ding manintun obra anggang mayari ing cayang terminu king banuang aduang libu at apulu,Umabot sa apat na raan siyamnapu't tatlo at kalahating milyong dolyar ang nakalap sa palitan kahapon sa bansa.,Utt,0,no_correspondence,Sentence about hoped-for infrastructure completion by 2010 vs FIL sentence citing a $493.5M currency figure; different specific content.,D_no_correspondence
200,pldmt_318d5c51cb70,sentence,Gumastus labing atlung bilyong pesus ing gobierno king pamagbie king OPSF,Sinabi ni Baterina na matatapos ang proyekto sa taong dalawang libo at walo na matutulungan ang mga magsasaka sa anim na bayan sa unang distrito ng lalawigan.,Utt,0,no_correspondence,Gumastus labing atlung bilyong pesus ing gobierno king pamagbie king OPSF=govt spent 13B pesos on OPSF vs Sinabi ni Baterina na matatapos ang proyekto...=Baterina said the project will finish...; different specific content.,D_no_correspondence
201,pldmt_2ffb961a0680,sentence,"Mebalu a king saup ning cigar, mica atin na ring supply ning electricidad ding mangalating marangle king Batangas","Sa palitan kahapon, pumalo ito sa limampu't isang piso at pitumpu't isang sentimo kontra sa dolyar bago tuluyang magsara sa limampu't isang piso at animnapu't siyam na sentimo.",Utt,0,no_correspondence,Sentence about electricity supply help via cigar/Batangas vs FIL sentence about yesterday's currency exchange rate; different specific content.,D_no_correspondence
202,pldmt_2c9c9af5a0ee,sentence,Malati yamu ing efecto ning ayun king pambansang economia ning Indonesia,Samantalang umabot naman sa five hundred four point five na milyong dolyar ang naipon sa takbo ng negosyo kahapon sa merkado.,Utt,1,same_domain_wrong_specific,"Malati yamu ing efecto ning ayun king pambansang economia ning Indonesia=small effect on Indonesia's economy vs Samantalang umabot naman sa 504.5 milyong dolyar...=meanwhile reached $504.5M...; same economic-figures domain, wrong specific.",C_same_domain_wrong_specific
203,pldmt_6009f0e958ce,sentence,"Pauli niti, minta ya I Congressman Baterina king Malacanang ban pakisabian ing presidente dikil king pondu ning proyecto","Katunayan, sinabi ng BSP na kumpara noong mga nakaraang taon, bumaba ng mahigit isang dolyar ang singil sa pagpapadala ng dolyar.",Utt,1,same_domain_wrong_specific,"Sentence about Congressman Baterina and Malacanang re: project funding vs FIL sentence about BSP dollar remittance costs; same economic-news domain, wrong specific.",C_same_domain_wrong_specific
204,pldmt_1734087d0d49,sentence,Minuna neng migpasiag ing mesabing compania a itucnang ing centru ning carelang operacion king Subic pangaras ning Deciembre banuang aduang libu at walu nung nucarin paplanu da ing pamaglipat king China.,"Ayon kay Bunye, ihahayag ni PGMA sa kanyang SONA ang tungkol sa pagpapalago sa ekonomiya",Utt,0,no_correspondence,"Minuna neng migpasiag ing mesabing compania...=company announced Subic center relocation, planning China move vs Ayon kay Bunye, ihahayag ni PGMA sa kanyang SONA...=Bunye says PGMA will announce in SONA; different content -- this source text's likely correct match is the FIL target at row 229.",D_no_correspondence
205,pldmt_93116f3b0bfa,sentence,Isinup para king produccion ning mais ing walung dalan libong pesus ipautang ning ADB king Filipinas,"Sa kasalukuyan, matatagpuan sa Zamboanga Sibugay ang pinakamalawak na plantasyon ng mga puno ng goma, kasunod ang Basilan.",Utt,1,same_domain_wrong_specific,"Sentence about corn-production funding from ADB vs FIL sentence about a rubber plantation in Zamboanga Sibugay; same agriculture-economy domain, wrong specific.",C_same_domain_wrong_specific
206,pldmt_51b496fde546,sentence,Planu ning Banco Central ning Filipinas a ilaco king circulacion ing tantiang limampulung bilyung pesus labis a salapi,"Ayon kay Pangulong Arroyo, sa pakikipagpulong nito sa mga negosyante, sila umano'y pawang naghahangad na magbuhos ng puhunan sa Pilipinas ngayong paangat na ang ekonomiya ng bansa.",Utt,0,no_correspondence,"Planu ning Banco Central ning Filipinas a ilaco king circulacion ing tantiang limampulung bilyung pesus labis a salapi=BSP plans to remove ~50B excess pesos from circulation vs Ayon kay Pangulong Arroyo, sa pakikipagpulong nito sa mga negosyante...=according to President Arroyo, in meetings with businessmen...; different content -- this source text is a near word-for-word match for the FIL target that instead appears (wrongly) at row 233.",D_no_correspondence
207,pldmt_8f4dd7abaff2,sentence,"Agpang cang Presidente Arroyo, king pamakipagpulung niti caring negociante, ila canu paua lang magnasa a mibulus puhunan keti Filipinas ngening paangat na ing economia ning bansa",Diniskwento ng Bangko Sentral ang kakapusan ng dolyar,Utt,0,no_correspondence,"Agpang cang Presidente Arroyo, king pamakipagpulung niti caring negociante...=according to President Arroyo, in meeting with businessmen... vs Diniskwento ng Bangko Sentral ang kakapusan ng dolyar=BSP discounted the dollar shortage; different content -- note this source closely resembles the FIL text wrongly attached to row 206 (see row 206's note); together these three rows (206/207/233) show a shuffled block.",D_no_correspondence
208,pldmt_399956e1e75e,sentence,"E magobra caring babaual dang bansa, nganing POEA",Ipagpapatuloy ng administrasyon ang nasimulan nito upang mabayaran na ang lahat ng utang nito na siyang lalong nagpapahirap sa mga Pilipino para sa kabutihan ng sambayanang Pilipino.,Utt,1,same_domain_wrong_specific,"Sentence about overseas workers and POEA vs FIL sentence about the administration continuing debt repayment; same government/economy domain, wrong specific.",C_same_domain_wrong_specific
209,pldmt_8f040cc482c0,sentence,Makibat ya king pamangailangan ding memalen ing pamaglabung ning economia,Tiniyak naman ng gobyerno na walang magaganap na pagtaas ng presyo ng kuryente upang maibsan ang kasalukuyang paghihirap ng maraming mamamayan.,Utt,1,same_domain_wrong_specific,"Makibat ya king pamangailangan ding memalen ing pamaglabung ning economia=economic growth responds to people's needs vs Tiniyak naman ng gobyerno na walang magaganap na pagtaas ng presyo ng kuryente...=govt assured no electricity price hike; same economic-policy domain, wrong specific.",C_same_domain_wrong_specific
210,pldmt_38354c111e72,sentence,Resulta na canu niti ing balaus a pamibaba ning pesus laban king dollar,Sinabi ni Baterina na matatapos ang proyekto sa taong dalawang libo at walo na matutulungan ang mga magsasaka sa anim na bayan sa unang distrito ng lalawigan.,Utt,0,no_correspondence,Resulta na canu niti ing balaus a pamibaba ning pesus laban king dollar=result is continuing peso decline vs Sinabi ni Baterina na matatapos ang proyekto...=Baterina said the project will finish...; different specific content (also the FIL target reused at row 200).,D_no_correspondence
211,pldmt_99f3d2e6f7ef,sentence,Ipinilit na a alang pondung misadia ding mangalating cumpaniang iti ban dinan nang proteccion ing capaligiran a maliaring masira king carelang operacion,Ipinahayag rin ng pangulo na pagtutuunan ng pansin ng pamahalaan ngayong taon ang pagpapalakas ng burukrasya upang makapagbigay ito ng mabuting serbisyo sa bawat mamamayang Pilipino.,Utt,1,same_domain_wrong_specific,"Sentence about lack of funds for companies to protect the environment vs FIL sentence about the president focusing on strengthening bureaucracy; same government/economy domain, wrong specific.",C_same_domain_wrong_specific
212,pldmt_da1f4e61b1d3,sentence,Titiyacan nang PGMA king yatu ing determinacion ding Filipino king pamisugpu caring terorista,Ang paglakas ng piso ay posibleng magpatuloy hanggang matapos ang taong dalawang libo at anim,Utt,0,no_correspondence,Titiyacan nang PGMA king yatu ing determinacion ding Filipino king pamisugpu caring terorista=PGMA will assure Filipinos' resolve against terrorists vs Ang paglakas ng piso ay posibleng magpatuloy hanggang matapos ang taong 2006=peso strengthening may continue through 2006; unrelated topics (security vs currency).,D_no_correspondence
213,pldmt_aa441f885c46,sentence,Maingat ngening pagaralan ning local a capamalan ning lungsud ning Menila nung nanu-nanung caso ing maliaring isampa laban caring kilalang personalidad a mitalacad negocio king baywalk king kecaban ning Roxas Boulevard,Ipupursigi ng gobyerno ang pagtugis sa mga hindi nagbabayad ng tamang buwis.,Utt,0,no_correspondence,Maingat ngening pagaralan ning local a capamalan ning lungsud ning Menila...=Manila local govt carefully studying cases against baywalk business owners vs Ipupursigi ng gobyerno ang pagtugis sa mga hindi nagbabayad ng tamang buwis=govt will pursue tax evaders; different content -- this source text is a near word-for-word match for the FIL target that instead appears (wrongly) at row 225.,D_no_correspondence
214,pldmt_03b751ca30c7,sentence,Ipinilit na a alang pondung misadia ding mangalating cumpaniang iti ban dinan nang proteccion ing capaligiran a maliaring masira king carelang operacion,Mga peste ang numero unong dahilan kung bakit mahina ngayon ang produksyon ng saging sa bansa.,Utt,0,no_correspondence,Same source text as row 211/213 (lack of environmental-protection funds) vs FIL sentence about pests reducing banana production; different specific content.,D_no_correspondence
215,pldmt_a5ea2159ebe1,sentence,Masanting ing plataforma king economia,Sinabi rin ni Aspe na susuriin ng ahensya ang libro ng naturang mga establisimyento para malaman kung sino sa mga may-ari nito ang nagdedeklara ng tamang kinikita ng kanilang negosyo.,Utt,0,no_correspondence,Masanting ing plataforma king economia=the economic platform is good vs Sinabi rin ni Aspe na susuriin ng ahensya...=Aspe said the agency will review...; different content (also the FIL target correctly matched at row 198).,D_no_correspondence
216,pldmt_5ef75edf47ad,sentence,Maliaring e na mag-import asucal ing Filipinas king paniatang ning banuang aduang libu at pitu,Malaki rin ang naitutulong nito sa paglalako ng mga magsasaka sa kanilang mga produkto.,Utt,1,same_domain_wrong_specific,"Sentence about the Philippines possibly not importing sugar by 2007 vs FIL sentence about helping farmers sell their produce; same agriculture-economy domain, wrong specific.",C_same_domain_wrong_specific
217,pldmt_a1f1c99e5a36,sentence,Bagiang mibagsac ing alaga ning pesus king pangabuclat ning libayan napun,"Nagsara ang piso sa limampu't isang piso at labing walong sentimo kontra sa isang dolyar kahapon, ang pinakamataas na halaga nito simula noong Hulyo ng taong dalawang libo't dalawa.",Utt,2,plausible_partial_match,"Sentence about the peso's value dropping yesterday vs FIL sentence citing the peso closing at specific rates yesterday; same specific topic (peso exchange-rate movement ""yesterday""), exact figures not independently verified.",B_plausible_partial_match
218,pldmt_d169b566a92f,sentence,Mecatipid ya ing gobiernong maigit apat a pulung milyong pesus king pamamayad interes king utang,Dalawang milyong piso ang pondong ilalaan ng DA sa pag-angkat ng gulay mula sa mga lalawigan,Utt,1,same_domain_wrong_specific,"Sentence about government saving over 40M pesos on debt interest vs FIL sentence about DA allocating 2M pesos to import vegetables; same government-budget domain, wrong specific.",C_same_domain_wrong_specific
219,pldmt_64e3dbaae2a2,sentence,"King pamilibayan napun, binarug ya iti king limampulu’t metung a pesus at pitumpulu’t metung a centimus contra king dollar bayu balaus migsara king limapulu’t metung a pesus at anamapulu’t siam a centimus.","Ayon kay Teves, nais mabayaran ng pamahalaan ang mga pagkakautang",Utt,0,no_correspondence,Detailed sentence about peso trading at specific rates yesterday vs FIL sentence about Teves wanting government debts paid; different specific content (compare row 217's note -- this source is plausibly the true match for row 217's own FIL target).,D_no_correspondence
220,pldmt_50655c8e4b6d,sentence,"Para king banuang iti, asaang mabut king aduang dalan at limampulu anggang atlung dalang tonelada ing sagiuang manggang Filipinu ing ailuslus king Estados Unidos mu","Ayon kay Pangulong Arroyo, sa pakikipagpulong nito sa mga negosyante, sila umano'y pawang naghahangad na magbuhos ng puhunan sa Pilipinas ngayong paangat na ang ekonomiya ng bansa.",Utt,0,no_correspondence,"Sentence about exporting 250-300k tons of mango to the US vs Ayon kay Pangulong Arroyo, sa pakikipagpulong nito sa mga negosyante...=same FIL text reused (wrongly) at row 206; different content.",D_no_correspondence
221,pldmt_ea6c6aa32180,sentence,"Agpang caring negociante, resulta iti ning masican a inflows bunga naman ning kacabang vacacion king Semana Santa","Ayon kay Arroyo, dapat tiyakin ng pamahalaan na nakokolekta ang mga buwis.",Utt,1,same_domain_wrong_specific,"Sentence about strong Holy-Week-driven currency inflows per traders vs FIL sentence about Arroyo urging tax collection; same economic-policy domain, wrong specific.",C_same_domain_wrong_specific
222,pldmt_7096aa18946b,sentence,Bunga ya iti ning balaus a pamagtas ning alaga ning curudu king pangyatung palengki,Ipagpapatuloy ng administrasyon ang nasimulan nito upang mabayaran na ang lahat ng utang nito na siyang lalong nagpapahirap sa mga Pilipino para sa kabutihan ng sambayanang Pilipino.,Utt,0,no_correspondence,Sentence about crude-oil price drop's market effect vs FIL sentence about the administration continuing debt repayment (same FIL text as row 208); different specific content.,D_no_correspondence
223,pldmt_fa86476cc288,sentence,Meging matamle ing pesus contra dollar king pamaniara ning libayan king mercado,Ipinaliwanag ng pangulo na ibig niyang lumikha ng mga trabahong malaki ang suweldo sa Ilocos Norte upang hindi na mangibang bansa ang mga Pilipino para kumita lamang nang malaki.,Utt,1,same_domain_wrong_specific,"Sentence about the peso strengthening in market trading vs FIL sentence about the president wanting high-paying jobs in Ilocos Norte; same economic-news domain, wrong specific.",C_same_domain_wrong_specific
224,pldmt_3540becf6e9c,sentence,Mitas ing puhunan ning bansa king mumunang anam a bulan ning banua,Naglaro naman ang palitan ng dolyar kahapon sa pagitan ng apatnapu't walong piso at animnapu't limang sentimo hanggang apatnapu't walong piso at pitumpu't limang sentimo.,Utt,1,same_domain_wrong_specific,"Sentence about capital rising in the first six months vs FIL sentence citing yesterday's dollar exchange range; same currency/economic domain, wrong specific figures.",C_same_domain_wrong_specific
225,pldmt_f6052b95fb78,sentence,Asaang baba ing utang panglual ning Filipinas,Masusing pinag-aaralan ngayon ng lokal na pamahalaan ng lungsod ng Manila kung anu-anong kaso ang maaaring isampa laban sa mga kilalang personalidad na nagtayo ng negosyo sa baywalk sa kahabaan ng Roxas Blvd.,Utt,0,no_correspondence,Asaang baba ing utang panglual ning Filipinas=hoping the Philippines' external debt falls vs Masusing pinag-aaralan ngayon ng lokal na pamahalaan ng lungsod ng Manila...=Manila local govt studying baywalk cases; different content -- see row 213's note; this FIL text is a near word-for-word match for row 213's own source text.,D_no_correspondence
226,pldmt_b789e65471cf,sentence,Mangat ing economia king banuang aduang libu at apulu agpang kang Teves,Lalong pinalakas ang reporma ni PGMA,Utt,1,same_domain_wrong_specific,"Sentence about the economy improving by 2010 per Teves vs FIL sentence about PGMA's reforms being strengthened; same economic-news domain, wrong specific.",C_same_domain_wrong_specific
227,pldmt_234bc0dcf5da,sentence,Minuna neng migpasiag ing mesabing compania a itucnang ing centru ning carelang operacion king Subic pangaras ning Deciembre banuang aduang libu at walu nung nucarin paplanu da ing pamaglipat king China.,Tumaas ng dalawang porsiyento ang produkto ng mga pagawaan sa bansa sa pagpasok ng buwan ng Enero kumpara sa produksyon ng nakaraang taon.,Utt,0,no_correspondence,Same source text as rows 204/233 (company relocating center to Subic) vs FIL sentence about a 2% rise in factory output; different specific content.,D_no_correspondence
228,pldmt_fb55dfbd1cda,sentence,Maragul ya rin ing asaup niti king pamaglacu ding ortelano king carelang producto,Samantalang umabot naman sa five hundred four point five na milyong dolyar ang naipon sa takbo ng negosyo kahapon sa merkado.,Utt,0,no_correspondence,Sentence about assistance to produce vendors vs FIL sentence citing a $504.5M figure (same FIL text as row 202); different specific content.,D_no_correspondence
229,pldmt_67183b3f4890,sentence,Daracal la ding dayuhang mamuhunan king bansa,Una nang nagpahayag ang naturang kumpanya na ihinto ang sentro ng kanilang operasyon sa Subic pagdating ng Disyembre taong dalawang libo at walo kung saan pinaplano nila ang paglipat sa China.,Utt,0,no_correspondence,"Daracal la ding dayuhang mamuhunan king bansa=many foreign investors are coming to the country vs Una nang nagpahayag ang naturang kumpanya na ihinto ang sentro ng kanilang operasyon sa Subic...=the company earlier announced halting its Subic operations center...; different content -- this FIL text is a near word-for-word match for the source text at rows 204/227/233, evidence of a shifted block.",D_no_correspondence
230,pldmt_4332c59c37d6,sentence,Tuturing nang maragul a amun ning Palacio ing pamaging culelat ning economia ning Filipinas king Asia,Tumaas ng dalawang porsiyento ang produkto ng mga pagawaan sa bansa sa pagpasok ng buwan ng Enero kumpara sa produksyon ng nakaraang taon.,Utt,0,no_correspondence,Sentence about the Palace considering PH's economic position in Asia vs FIL sentence about a 2% rise in factory output (same FIL text as row 227); different specific content.,D_no_correspondence
231,pldmt_709a6741f14b,sentence,E dapat micarugan ing memaleng Filipino king pangaina ning pesus contra dollar,"Umuwi ang pangulo mula sa Davos na dala ang mga magagandang balita para sa mga Pilipino, lalo na ang balak ng mga malalaking negosyante sa daigdig na mamuhunan dito sa ating bansa.",Utt,1,same_domain_wrong_specific,"Sentence about Filipino workers' concern over the peso-dollar rate vs FIL sentence about the president returning from Davos with investor news; same economic-news domain, wrong specific.",C_same_domain_wrong_specific
232,pldmt_6533662e54ae,sentence,"Bunga ning susulung a economia, aparas na caring taung balen","Inatasan ni PGMA ang TLRC, DOST na magtayo ng planta ng VCO sa mga lalawigang maraming niyog",Utt,1,same_domain_wrong_specific,"Sentence about a growing economy benefiting rural people vs FIL sentence about PGMA directing a VCO plant in coconut provinces; same rural-economy domain, wrong specific.",C_same_domain_wrong_specific
233,pldmt_718291e117ca,sentence,Minuna neng migpasiag ing mesabing compania a itucnang ing centru ning carelang operacion king Subic pangaras ning Deciembre banuang aduang libu at walu nung nucarin paplanu da ing pamaglipat king China.,Plano ng Bangko Sentral ng Pilipinas na alisin sa sirkulasyon ang tinatayang limampung bilyong pisong labis na salapi.,Utt,0,no_correspondence,Same source text as rows 204/227 (company relocating center to Subic) vs Plano ng Bangko Sentral ng Pilipinas na alisin sa sirkulasyon...=BSP plans to remove excess pesos from circulation; different content -- see row 206's note; this FIL text is a near word-for-word match for row 206's own source text.,D_no_correspondence
234,pldmt_840358d309db,sentence,"Agpang caring trader, maragul a bage ing pag-lift king mesabing directiba uling dacal a negociante ing makipagsapalaran king mercado.",Naglaro naman ang palitan ng dolyar kahapon sa pagitan ng apatnapu't walong piso at animnapu't limang sentimo hanggang apatnapu't walong piso at pitumpu't limang sentimo.,Utt,0,no_correspondence,Sentence about traders viewing a directive-lifting favorably vs FIL sentence citing yesterday's dollar exchange range (same FIL text as row 224); different specific content.,D_no_correspondence
235,pldmt_a82902afcc66,sentence,Titiyacan nang PGMA king yatu ing determinacion ding Filipino king pamisugpu caring terorista,Mga ahensyang dapat puntahan sa pagrerehistro ng negosyo,Utt,0,no_correspondence,Same source text as row 212 (PGMA on Filipino resolve against terrorists) vs FIL sentence about business-registration agencies; unrelated topics.,D_no_correspondence
236,pldmt_776eddca9a9f,sentence,Ing e biasang melikid king penibatan e ya miras king puntalan.,"Tikatik man kung panay ang ulan, malalim mang ilog ay mapapaapaw.",Utt,0,no_correspondence,"Ing e biasang melikid king penibatan e ya miras king puntalan=one who doesn't know how to look back to their origin won't reach their destination (a well-known Rizal-associated proverb) vs Tikatik man kung panay ang ulan...=even steady rain won't overflow a deep river (different, unrelated proverb) -- the correct Filipino translation of this exact proverb appears (also mismatched) at rows 245 and 249.",D_no_correspondence
237,pldmt_bde01054f229,sentence,Daig na ning maagap ing taung masipag.,"Ang gawa sa pagkabata, dala hanggang sa pagkamatanda.",Utt,1,same_domain_wrong_specific,"Daig na ning maagap ing taung masipag=the prepared surpasses the merely industrious vs Ang gawa sa pagkabata, dala hanggang sa pagkamatanda=what's learned in childhood carries to adulthood; both proverbs, different figurative meaning.",C_same_domain_wrong_specific
238,pldmt_a7a19502ae77,sentence,"Ing matapat a caluguran, tune yang ayasaan.","Ang langaw na dumapo sa kalabaw, mataas pa sa kalabaw ang pakiramdam.",Utt,1,same_domain_wrong_specific,"Ing matapat a caluguran, tune yang ayasaan=a true friend is truly worth relying on vs Ang langaw na dumapo sa kalabaw...=the fly on the carabao feels taller than the carabao (a proverb about arrogance); both proverbs, different figurative meaning.",C_same_domain_wrong_specific
239,pldmt_a15e76b88a04,sentence,Nung macananu catas ing sulapo macanian mu rin ing lagapac ning pangabagsac.,Walang mahirap na gawa pag dinaan sa tiyaga.,Utt,1,same_domain_wrong_specific,"Proverb about consequences matching their cause (lightning/crash imagery) vs Walang mahirap na gawa pag dinaan sa tiyaga=nothing is difficult with perseverance; both proverbs, different figurative meaning.",C_same_domain_wrong_specific
240,pldmt_96e4aa88bc03,sentence,Nung ninu ing masalita yang culang king gaua.,"Kapag ang ilog ay matahimik, asahan mo at malalim. Kapag ang ilog ay maingay, asahan mo at mababaw.",Utt,2,plausible_partial_match,"Nung ninu ing masalita yang culang king gaua=whoever talks a lot lacks in action vs Kapag ang ilog ay matahimik...maingay, asahan mo't mababaw=still waters run deep, noisy river is shallow; different imagery but closely related figurative theme (talk/noise correlates with lack of substance).",B_plausible_partial_match
241,pldmt_caff9fec51d8,sentence,Alang tinalan king paglutuan a e miulingan.,Mainam na ang pipit na nasa kamay kaysa lawing lumilipad.,Utt,1,same_domain_wrong_specific,"Proverb about no cooking pot escaping char (nothing/no one is flawless) vs Mainam na ang pipit na nasa kamay kaysa lawing lumilipad=a bird in hand is worth two in the bush; both proverbs, different figurative meaning.",C_same_domain_wrong_specific
242,pldmt_f912f5944d5b,sentence,"Ing kecang indam, isubli o libaian. Ban keng tutuki, e ca picadalan.","Pagkahaba-haba man ng prusisyon, sa simbahan din ang tuloy.",Utt,1,same_domain_wrong_specific,"Proverb about experiencing consequences oneself vs Pagkahaba-haba man ng prusisyon, sa simbahan din ang tuloy=however long the procession, it ends at the church; both proverbs, different figurative meaning -- the likely correct Kapampangan source for this exact FIL proverb appears at row 250.",C_same_domain_wrong_specific
243,pldmt_b0a0cdfd7a6e,sentence,"Ing palu king damulag, king cabayu ing late.","Ako ang nagbayo, ako ang nagsaing, saka ng maluto'y iba ang kumain.",Utt,2,plausible_partial_match,"Ing palu king damulag, king cabayu ing late=the blow lands on the carabao but the horse feels it (misdirected consequence) vs Ako ang nagbayo, ako ang nagsaing, saka ng maluto'y iba ang kumain=I did all the work but someone else benefits; closely related figurative theme (effort/consequence misdirected to someone else), different imagery -- see row 246's note for this exact FIL proverb's likely true source.",B_plausible_partial_match
244,pldmt_40c92e3a42de,sentence,"Ing lalacad mabagal, nung masucsuc ya mababo. Ing lalacad mabilis, nung masucsuc ya malalam.","Kapag ang ilog ay matahimik, asahan mo at malalim. Kapag ang ilog ay maingay, asahan mo at mababaw.",Utt,2,plausible_partial_match,"Ing lalacad mabagal...malalam=walking slow/fast correlates with shallow/deep piercing vs Kapag ang ilog ay matahimik...maingay...mababaw=still/noisy river correlates with deep/shallow; closely parallel rhetorical structure (quality-A implies depth-1, quality-B implies depth-2), different literal imagery.",B_plausible_partial_match
245,pldmt_4b7233839cc0,sentence,Langi ne ing sapa dapot ali ing balita.,Ang hindi marunong lumingon sa pinanggalingan ay hindi makararatíng sa paroroonan.,Utt,0,no_correspondence,"Langi ne ing sapa dapot ali ing balita (uncertain proverb, stream/news imagery) vs Ang hindi marunong lumingon sa pinanggalingan ay hindi makararating sa paroroonan=one who doesn't look back to their origin won't reach their destination; this FIL proverb is the correct translation of the source text at row 236, not this row's own source.",D_no_correspondence
246,pldmt_02a00626f9b0,sentence,"Acu ing mitanam, ing binayu at siniasat, saca niang melutu aliua ya ing mengan.","Tikatik man kung panay ang ulan, malalim mang ilog ay mapapaapaw.",Utt,0,no_correspondence,"Acu ing mitanam, ing binayu at siniasat, saca niang melutu aliua ya ing mengan=I planted, pounded and inspected it, but someone else ate it when cooked vs Tikatik man kung panay ang ulan...=even steady rain won't overflow a deep river; different proverb -- this source text is a close, near word-for-word match for the FIL proverb correctly appearing at row 243 as its own (mismatched) target, i.e. this row's source belongs with row 243's target.",D_no_correspondence
247,pldmt_5e5858fd72ee,sentence,"Ing tau ustung macualta ya, dacal ya caluguran.",Ang hindî marunong lumingón sa pinanggalingan ay hindî makararatíng sa paroroonan.,Utt,0,no_correspondence,"Ing tau ustung macualta ya, dacal ya caluguran=a person with money has many friends (fair-weather-friends theme) vs Ang hindi marunong lumingon sa pinanggalingan...=same recurring FIL proverb as rows 236/245/249; unrelated figurative meaning.",D_no_correspondence
248,pldmt_ae616406f0df,sentence,"Ing pamakyasaua e ya biru, e na calupa ning nasi, ilual mu nung mepali.","Kapag apaw na ang takalan, kailangan kalusan.",Utt,1,same_domain_wrong_specific,"Ing pamakyasaua e ya biru...=marriage is not a joke, can't be undone if it turns out badly vs Kapag apaw na ang takalan, kailangan kalusan=when the measure overflows, it needs leveling; both proverbs, different figurative meaning.",C_same_domain_wrong_specific
249,pldmt_df2301d3fa41,sentence,"Matibe ya ing palis, paulini ning pangabigkis.","Ang hindi lumingon sa pinanggalingan, hindi makakarating sa paruruonan.",Utt,0,no_correspondence,"Matibe ya ing palis, paulini ning pangabigkis (uncertain proverb) vs Ang hindi lumingon sa pinanggalingan, hindi makakarating sa paruruonan=same recurring FIL proverb as rows 236/245/247 (spelling variant); this row's source is not its correct match either.",D_no_correspondence
250,pldmt_f55025e73b9e,sentence,"King kecaban man ning prucicion, king pisamban mu rin malaus.",Ang tunay na kaibigan karamay kailan man.,Utt,0,no_correspondence,"King kecaban man ning prucicion, king pisamban mu rin malaus=however long the procession, it still ends at the church vs Ang tunay na kaibigan karamay kailan man=a true friend is always a companion; different proverb -- this source text is a close, near word-for-word match for the FIL proverb wrongly appearing as row 242's own (mismatched) target, i.e. this row's source belongs with row 242's target.",D_no_correspondence
