pair_id,story_num,story_title,pam_text,fil_text
story_0001,1,Muli Ya i Sally,"""Muli ya ngeni i Sally!"" anang Ima.","""Uuwi na ngayon si Sally!"" sabi ni Ina."
story_0002,1,Muli Ya i Sally,Tinuki yang sinagana i Ben kari Tatang na at Ima.,Sinamahan ni Ben sa paghahanda sina Itay at Ina.
story_0003,1,Muli Ya i Sally,Melakwan ya king bale i Darang Rosa para magsadyang pamangan.,Pumunta sila sa bahay ni Darang Rosa para maghanda ng pagkain.
story_0004,1,Muli Ya i Sally,Paboritu nang Sally ing bibingka at sabo buku.,Paborito ni Sally ang bibingka at sabaw na buko.
story_0005,1,Muli Ya i Sally,"""Kasaya ko,"" anang Ben.","""Ang saya ko,"" sabi ni Ben."
story_0006,1,Muli Ya i Sally,"""Malambat ne murin e makauli i atsi king obra na.","""Matagal na siyang hindi umuuwi dahil sa trabaho niya, ang ate ko."
story_0007,1,Muli Ya i Sally,"Nanu kaya ing pasalubung na kanaku?"" anang sinabi.","Ano kaya ang pasalubong niya sa akin?"" sabi niya."
story_0008,1,Muli Ya i Sally,"""Karakal da nang bus a dinatang.","""Marami nang bus ang dumating."
story_0009,1,Muli Ya i Sally,"Bakit alayupa i Sally?"" kutang ng Tatang.","Bakit hindi pa dumarating si Sally?"" tanong ni Itay."
story_0010,1,Muli Ya i Sally,"""Malapit neng dalumdum ing aldo.","""Malapit nang dumilim."
story_0011,1,Muli Ya i Sally,Panayan taya ing tutuking bus.,Hintayin natin ang susunod na bus.
story_0012,1,Muli Ya i Sally,"Pot atyu ne karin, migaganakang sabi ng Ima.","Basta dumating na siya, masaya na tayo,"" sabi ni Ina."
story_0013,1,Muli Ya i Sally,Minum ya king boti nang danum i Ben bayu ya megsalita.,Uminom ng tubig sa bote si Ben bago siya nagsalita.
story_0014,1,Muli Ya i Sally,Migaganaka yamu naman.,Masaya rin sila.
story_0015,1,Muli Ya i Sally,"""Datang ne pu kanyan i atsi,"" anang Ben kang Ima na.","""Dumating na po siguro ang ate,"" sabi ni Ben kay Ina."
story_0016,1,Muli Ya i Sally,"""Oyni na ing bus, yapin na ing talwing dating ini.","""Nandito na ang bus, ito na ang ika-tatlumpung dumating."
story_0017,1,Muli Ya i Sally,"Atyu ne sana keni i Sally,"" sabi nang Tatang.","Baka nandito na si Sally,"" sabi ni Itay."
story_0018,1,Muli Ya i Sally,Kabuklat ning pasbul ning bus mabilis yang tinipa i Sally.,"Nang mabuksan ang pinto ng bus, mabilis na sumugod si Sally."
story_0019,1,Muli Ya i Sally,Masaya nalang pengawul ding pamilya na.,Masaya ang pagsalubong ng kanyang pamilya.
story_0020,1,Muli Ya i Sally,"""Ima, Tatang, salamat namu at miras naku,"" anang sinabi.","""Ina, Itay, salamat at nakauwi ako,"" sabi niya."
story_0021,1,Muli Ya i Sally,"""Migaganaka kami keka,"" sabi nang tatang.","""Masaya kami para sa'yo,"" sabi ni Itay."
story_0022,1,Muli Ya i Sally,"""Tara na bale manaya ing paborito mung pamangan,"" sabi ng Ima.","""Halika na sa bahay, ihahanda natin ang paborito mong pagkain,"" sabi ni Ina."
story_0023,1,Muli Ya i Sally,Sinopan deng memwat di Ben at Tatang I atsi na.,Sina Ben at Itay ang bumuhat ng bagahe ng kanyang ate.
story_0024,2,Ing Panabilin kang Roy,Minta ya king tindaan i Roy.,Pumunta si Roy sa tindahan.
story_0025,2,Ing Panabilin kang Roy,Sali yang asin para king lulutu nang Ima na.,Bibili siya ng asin para sa niluluto ng kanyang Ina.
story_0026,2,Ing Panabilin kang Roy,Ikit ne king tindaan i Cris.,Nakita niya sa tindahan si Cris.
story_0027,2,Ing Panabilin kang Roy,Pepakit ne kang Cris ing bayu nang piyalungang robot.,Ipinakita ni Cris kay Roy ang bago niyang laruang robot.
story_0028,2,Ing Panabilin kang Roy,Melibang ya king piyalungan i Roy.,Naaliw si Roy sa laruan.
story_0029,2,Ing Panabilin kang Roy,Mebigla ya anyang kutnan neng Aling Belen.,Nagulat siya nang tanungin siya ni Aling Belen.
story_0030,2,Ing Panabilin kang Roy,"""Nanu ing salwan mu?""","""Ano ang bibilhin mo?"""
story_0031,2,Ing Panabilin kang Roy,E mekapakibat i Roy.,Hindi agad nakasagot si Roy.
story_0032,2,Ing Panabilin kang Roy,Akalingwan na ing sasalwan na.,Nakalimutan niya kung ano ang bibilhin niya.
story_0033,2,Ing Panabilin kang Roy,Kitnan neng Aling Belen nung nanu ing gagawan ng Ima na.,Tinanong siya ni Aling Belen kung ano ang ginagawa ng kanyang Ina.
story_0034,2,Ing Panabilin kang Roy,"Mayli nang pekibat Roy, ""Maglutu yapo. Sali ke pong asin.""","Naalala ni Roy at sumagot, ""Nagluluto po siya. Bibili po ako ng asin."""
story_0035,2,Ing Panabilin kang Roy,Pepasalamat ya i Roy kang Aling Belen uling ikwa nang aganaka ing dapat nang salwan.,Nagpasalamat si Roy kay Aling Belen dahil natulungan siya na maalala kung ano talaga ang dapat niyang bilhin.
story_0036,3,Anting Palis Tingting,Pemawas nala sangang Tatang ding tanaman.,Pinutol ni Itay ang mga sanga ng puno.
story_0037,3,Anting Palis Tingting,Kakuldas na piglako na la bulung ding sangang pemutut na.,Nadumihan ang paligid ng mga dahon ng mga sangang pinutol niya.
story_0038,3,Anting Palis Tingting,Mitambak ing dakal a bulung.,Natambak ang maraming dahon.
story_0039,3,Anting Palis Tingting,"""Marita, Eddie sopan yu kaming Ima yu,"" anang tatang.","""Marita, Eddie, tulungan ninyo ang inyong Ina,"" sabi ni Itay."
story_0040,3,Anting Palis Tingting,"""Dapat tamung ayaring linisan ini ngeni.","""Dapat na natin itong linisin ngayon."
story_0041,3,Anting Palis Tingting,Lunis na bukas.,Lunes na bukas.
story_0042,3,Anting Palis Tingting,"Magaral kayu at aku magobra ku,"" anang sinabi.","Mag-aaral kayo at magtatrabaho ako,"" sabi niya."
story_0043,3,Anting Palis Tingting,Mabilis lang sinawup.,Mabilis silang nagtulungan.
story_0044,3,Anting Palis Tingting,Memalis ya i Marita.,Nagwalis si Marita.
story_0045,3,Anting Palis Tingting,Tinipun ng Ima ing bulung.,Tinipon ng Ina ang mga dahon.
story_0046,3,Anting Palis Tingting,Menyaluk neman bulung at sukal i Eddie.,Naghakot naman ng dahon at sanga si Eddie.
story_0047,3,Anting Palis Tingting,Binwat ng Tatang ing atipun dang sukal at bulung.,Binuhat ni Itay ang tinipong sanga at dahon.
story_0048,3,Anting Palis Tingting,Inugse na ini king kulkul.,Inilagay niya ito sa basurahan.
story_0049,3,Anting Palis Tingting,"""Lawen yu na, istung sawup-sawup tamu agad mayayari ing obra,"" anang Tatang.","""Tingnan ninyo, kung magtutulungan tayo, agad matatapos ang trabaho,"" sabi ni Itay."
story_0050,3,Anting Palis Tingting,Kinwa ne ing palis tingting.,Kinuha niya ang walis tingting.
story_0051,3,Anting Palis Tingting,"""Lawen ye ining palis.","""Tingnan ninyo ang walis na ito."
story_0052,3,Anting Palis Tingting,Nung ing metung mung tingting ing gamitan siguradung eya agad mayari ing obra.,"Kung isang tingting lang ang gagamitin, tiyak na hindi ito agad makakapaglinis."
story_0053,3,Anting Palis Tingting,"Pero nung piyabe-abe la atitaling matigik ring tingting siguradung mayari agad ing obra.""","Pero kung pinagsama-sama at itinali ang maraming tingting, tiyak na madaling matatapos ang gawain."""
story_0054,3,Anting Palis Tingting,"""Anti tamu naman palis tingting,"" anang Ima.","""Tulad tayo ng walis tingting,"" sabi ni Ina."
story_0055,3,Anting Palis Tingting,"""Uling misaup-saup tamu, agad meyari ing kekatamung gagawan a obra.""","""Dahil nagtutulungan tayo, agad natatapos ang gawaing kailangan nating gawin."""
story_0056,4,I Anette Mapamyalung,"""Anette..Anette.. Aneeeeete!"" gulisak ng Aling Sion.","""Anette... Anette... Aneeeeete!"" sigaw ni Aling Sion."
story_0057,4,I Anette Mapamyalung,Alus buung Baranggay Virgen Delos Remedios daramdaman de.,Halos maririnig siya sa buong Baranggay Virgen Delos Remedios.
story_0058,4,I Anette Mapamyalung,Pero anggang anino na mung Anette ala yang ikit.,Pero kahit anino man lang ni Anette ay wala siyang nakita.
story_0059,4,I Anette Mapamyalung,"""Nukarin ne naman kaya minta ing anak kung ini,"" anag sinabi.","""Saan naman kaya pumunta ang anak ko?"" sabi niya."
story_0060,4,I Anette Mapamyalung,Parati na mung anti kanini ing malilyari.,Palagi na lamang ganito ang nangyayari.
story_0061,4,I Anette Mapamyalung,Apanugalyan ng Anette ing mamyalung anggang sisilim.,Sanay na si Anette na maglaro hanggang gumabi.
story_0062,4,I Anette Mapamyalung,Ali ya muli anggang ali la minuli ding kayang kakyalung.,Hindi siya umuuwi hanggang hindi umuuwi ang kanyang mga kalarong kaibigan.
story_0063,4,I Anette Mapamyalung,Ing pamamyalung yang sikasu na.,Ang paglalaro ang una niyang inaalala.
story_0064,4,I Anette Mapamyalung,"Anggang ali ya mangan, mamyalung ya sana.","Hanggang hindi siya kumakain, maglalaro pa rin siya."
story_0065,4,I Anette Mapamyalung,Atin pang pamitagun na pati pamandilu akalingwan na.,"May mga gawain pa siyang dapat gawin, pati na ang paghuhugas ng kamay na nakalimutan na niya."
story_0066,4,I Anette Mapamyalung,"""Ima mangan tana po. Danupan nakung danupan,"" anang megmakalunus Anette kang Ima na at diniretsu yang minta king lamesa.","""Ina, kakain na po tayo. Gutom na gutom na po ako,"" sabi ng pagod na si Anette sa kanyang Ina habang dumederetso siya sa hapag-kainan."
story_0067,4,I Anette Mapamyalung,"""Saguli,"" anang ima na.","""Sandali,"" sabi ng kanyang Ina."
story_0068,4,I Anette Mapamyalung,"""Wasan mula pa ding gamat mu, sobra la karinat,"" anang Ima na.","""Marumi pa ang iyong mga kamay, napakadumi nila,"" sabi ng kanyang Ina."
story_0069,4,I Anette Mapamyalung,Pero aline pekiramdaman i Ima na at mengan yang marinat gamat.,Pero hindi pinansin ito ni Anette at kumain siya na may maruming kamay.
story_0070,4,I Anette Mapamyalung,"Kaybat nang mengan, linwal ne naman para mamyalung anggang disoras na at penintun na la pa ding kayang kakyalung.","Pagkatapos kumain, lumabas na naman siya para maglaro hanggang sa oras na, at hinanap niya ang kanyang mga kalarong kaibigan."
story_0071,4,I Anette Mapamyalung,"Kaybat na nita, minuli yang kikyak i Anette, ""Ima, ana, sobra ya kasakit ing kakung atyan.""","Pagkatapos noon, umuwi si Anette na umiiyak, ""Ina, ang sakit ng tiyan ko."""
story_0072,4,I Anette Mapamyalung,"""King malumane boses, anang Ima na kaya,"" Yan ing maralas kung sasabyan keka.","Sa mahinang tinig, sinabi sa kanya ng kanyang Ina, ""Iyan ang madalas kong sinasabi sa iyo."
story_0073,4,I Anette Mapamyalung,Ali ka maglakto keng pamamangan.,Huwag kang magpabaya sa pagkain.
story_0074,4,I Anette Mapamyalung,Kaylangan mula ring linisan ding gamat mu bayu mangan at kaylangan ding paynawa ka.,"Kailangan mong linisin ang iyong mga kamay bago kumain, at kailangan mong magpahinga."""
story_0075,5,"Reduce, Reuse, Recycle","King kerakalan da ring klasi king Delos Remedios Elementary School, ing Grade III Seksyun I yang pasibayung miparangalang, ""Most Environment Friendly"" a klasi ngening banwang ini.","Sa lahat ng klase sa Delos Remedios Elementary School, ang Grade III Seksyon 1 ang muling nagwagi bilang ""Most Environment Friendly"" na klase ngayong taon."
story_0076,5,"Reduce, Reuse, Recycle","Anyakitnan da la ring karelang sikretu nung bakit ila parati ing manyambut kilub ning tuki-tuking limang banwa, pelino de ing karelang paralan.","Ibinunyag nila ang kanilang sikreto kung bakit sila palaging nananalo sa loob ng limang magkakasunod na taon, at ibinahagi nila ang kanilang paraan."
story_0077,5,"Reduce, Reuse, Recycle","I Gng. Manipon, ing karelang mestra, sinabi nang patupad na king kayang klasi ing, ""Ibulsa ing Sariling Basura"" kilub ning pabanwa, susubay-bayan na la ring anak king kayang klasi anggang medisiplina la.","Sinabi ni Gng. Manipon, ang kanilang guro, na ipinapatupad niya sa kanyang klase ang ""Ibulsa ang Sariling Basura"" sa buong taon, at sinusubaybayan niya ang mga bata sa kanyang klase hanggang sila ay maging disiplinado."
story_0078,5,"Reduce, Reuse, Recycle",Pagawa na rin ini kareng karelang pibale-bale.,Ginagawa rin nila ito sa kani-kanilang mga bahay.
story_0079,5,"Reduce, Reuse, Recycle","Ngenim banwang ini, ing pekamaragul dang proyektu iyapin ing ""Gamitan Pasibayu ing Bage Megamit"".","Ngayong taon, ang pinakamalaking proyekto nila ay ang ""Muling Gamitin ang mga Nagamit na Bagay."""
story_0080,5,"Reduce, Reuse, Recycle",Tungkul ya ini king pamagrecycle kareng megamit nang bage.,Ito ay tungkol sa pag-recycle ng mga nagamit na bagay.
story_0081,5,"Reduce, Reuse, Recycle","Sinabi da reng anak na mekakolekta lang marakal a bage kalupa ning lumang diaryu, kartun, boti at aliwa pa.","Sinabi ng mga bata na nangongolekta sila ng maraming bagay tulad ng lumang diyaryo, karton, boti, at iba pa."
story_0082,5,"Reduce, Reuse, Recycle","Ibat kareng akolekta rang gamit, mekagawa lang plorera a Paper Mache, mangalating animalis at dukanan lapis na karelang penakitan ginamit dala para makapagpagawa lang sariing banyu king karelang kwartu.","Mula sa mga nakolektang gamit, nakagawa sila ng plorera na gawa sa paper mache, iba't ibang hugis-hayop, at lalagyan ng lapis, na ang naipong benta ay ginagamit nila para makagawa ng sarili nilang pondo sa kanilang klase."
story_0083,5,"Reduce, Reuse, Recycle",Asahan nang Gng. Ramos na pakyapusada ing gewa da ring aliwa pa.,Umaasa si Gng. Ramos na matatapos ang iba pa nilang ginagawa.
story_0084,5,"Reduce, Reuse, Recycle","Agkatan na lang mag ""Reduce, Reuse, at Recycle"".","Hinihikayat niya ang lahat na mag-""Reduce, Reuse, at Recycle."""
story_0085,5,"Reduce, Reuse, Recycle","Ana pin, ""Manakitan na ka, Makasaup ka pa king kapaligiran.""","Sabi pa niya, ""Kikita ka pa, at makakatulong ka pa sa kapaligiran."""
story_0086,5,"Reduce, Reuse, Recycle","King Bunduk Arayat king Pampanga ating makatuknang metung a engkantada, i Mariang Sinukwan.","Sa Bundok Arayat sa Pampanga, may naninirahang isang engkantada, si Mariang Sinukwan."
story_0087,5,"Reduce, Reuse, Recycle","Tune yang malagu i Maria, matas ya at talagang makaenganyung lalawen.","Talagang maganda si Maria, matangkad siya at talagang kahali-halinang tingnan."
story_0088,5,"Reduce, Reuse, Recycle",Deng tau karin lalawen de anti mong metung a diyosa.,Ang mga taong nakakakita sa kanya doon ay iniisip na siya ay isang diyosa.
story_0089,5,"Reduce, Reuse, Recycle","Uling talagang maganaka ya, sosopan na lang Maria deng taung manuknangan king palibut ning bunduk.","Dahil talagang mapagbigay siya, sinusuportahan ni Maria ang mga taong naninirahan sa paligid ng bundok."
story_0090,5,"Reduce, Reuse, Recycle","Mamili yang miyayaliwang prutas, gule at aliwa pang apangan da reng tau kareng tarangkahan da reng balang bale.","Namimili siya ng iba't ibang prutas, gulay, at iba pang pagkain para sa mga tao sa may tarangkahan ng bawat bahay."
story_0091,5,"Reduce, Reuse, Recycle",Palagad-lagad papakit ya rin i Maria kareng taung kayang dirinan.,"Paminsan-minsan, nagpapakita rin si Maria sa mga taong malapit sa kanyang tinitirhan."
story_0092,5,"Reduce, Reuse, Recycle","Ban ipakit da ring tau ing karelang pamipasalamat kang Maria, mengaku la na ali mukyat king bunduk nang Mariang Sinukwan.","Upang ipakita ng mga tao ang kanilang pasasalamat kay Maria, nangako sila na hindi aakyat sa bundok ni Mariang Sinukwan."
story_0093,5,"Reduce, Reuse, Recycle",Pengaku da murin na alila mandakap animals at manag tal karetang sampaga at aliwa pang bungang tanaman king bunduk.,Nangako rin sila na hindi manghuhuli ng mga hayop at pipitas ng sampagita at iba pang bungang tanim sa bundok.
story_0094,5,"Reduce, Reuse, Recycle",Pero ating bayung sibul a kayanakan a meging mapangahas at meging makasarili.,Ngunit may bagong lipi ng mga kabataang naging pangahas at naging makasarili.
story_0095,5,"Reduce, Reuse, Recycle","Misan a aldo, minukyat la king bunduk at megdala lang dakal a saku.","Isang araw, umakyat sila sa bundok at nagdala ng maraming sako."
story_0096,5,"Reduce, Reuse, Recycle",Kitmu dala ngan deng karelang saku karetang miyayaliwang bungang gule at prutas akit da king bunduk.,Pinuno nila ang kanilang mga sako ng iba't ibang prutas at gulay na nakita nila sa bundok.
story_0097,5,"Reduce, Reuse, Recycle",Pati animales dekap da la at dinatuk keng saku.,Pati mga hayop ay hinuli nila at itinali sa sako.
story_0098,5,"Reduce, Reuse, Recycle","Ulina nita, mimwa ya i Mariang Sinukwan at perusan na la detang mapangahas menako king bunduk at ali nala mekapagbalik pa kareng kare-karelang pibale-bale.","Dahil dito, nagpakita si Mariang Sinukwan at pinarusahan ang mga pangahas na iyon na nagnakaw sa bundok, at hindi na sila nakabalik pa sa kani-kanilang tahanan."
story_0099,5,"Reduce, Reuse, Recycle","Agyang anti kanita na ing milyari, alilapa mu rin medala ding aliwa king pamanako king bunduk.","Kahit ganito ang nangyari, mayroon pa ring iba na nangahas manakaw sa bundok."
story_0100,5,"Reduce, Reuse, Recycle","Ding aliwa naman ala lang pakundangan king pamanyira king bunduk bilang parusa, tinuknang neng mamye prutas, gule at animali kareng tau i Maria.","Ang iba naman ay walang paggalang sa pananakit sa bundok; bilang parusa, tumigil si Maria sa pagbibigay ng prutas, gulay, at hayop sa mga tao."
story_0101,5,"Reduce, Reuse, Recycle",Ali dane mu rin ikit manibat kanita i Mariang Sinukuan uling minukyat ne king tuktuk ning bunduk at aline tinipa pa kapilan man.,Wala nang nakakita kay Mariang Sinukwan mula noon dahil umakyat na siya sa tuktok ng bundok at hindi na siya nakita kahit kailan.
story_0102,7,King Iskwela,Bayu yang lipat i Rowean king Sta. Ana Elementary School.,Bago lumipat si Rowena sa Sta. Ana Elementary School.
story_0103,7,King Iskwela,Kakabag ya salu kabang palub lang Ima na king iskwela.,Kinakabahan siya habang papasok sila ng kanyang Ina sa paaralan.
story_0104,7,King Iskwela,Ikit nala ring anak a mamyalung antimong pakabulus a ayup king playground ning iskwela.,Nakita nila ang mga batang naglalaro na parang mga malayang ibon sa playground ng paaralan.
story_0105,7,King Iskwela,Mumuna reng pintalan ing opisina na ning principal.,Una nilang pinuntahan ang opisina ng principal.
story_0106,7,King Iskwela,Biglang milako ing kabag ng salu anyang selubungan nala ning principal a makimalwalas a lupa.,Biglang nawala ang kaba niya nang salubungin sila ng principal na may mabait na mukha.
story_0107,7,King Iskwela,Sinabi ra king principal ing sangkan kung bakit lilipat ya i Rowena ibat king Bulacan.,Sinabi nila sa principal ang dahilan kung bakit lilipat si Rowena mula sa Bulacan.
story_0108,7,King Iskwela,Tiki nala ning principal king kayang maging mestra at lalu yang mipasno anyang akit nala rin ding kayang kaklasi na balamu maamung tupa.,"Isinama sila ng principal sa magiging guro niya, at lalo siyang natuwa nang makita niya ang kanyang mga kaklase na parang maaamong tupa."
story_0109,7,King Iskwela,Agad yang ating akaluguran at meging masaya ing mumuna nang aldo king kayang bayung pipagaralang kwartu.,"Agad siyang nagkaroon ng kaibigan, at naging masaya ang unang araw niya sa kanyang bagong silid-aralan."
story_0110,7,King Iskwela,Pinasyal ne mu rin ning principal karing miyayaliwang lugar/parti ning iskwela.,Pinasyal din siya ng principal sa iba't ibang bahagi ng paaralan.
story_0111,8,"Ing kekaming Komunidad, Kanita at Ngeni","Ing Sta. Maria, ing kekaming baryun keragulan.","Ang Sta. Maria, ang aming bayan, ay dati nang masaya."
story_0112,8,"Ing kekaming Komunidad, Kanita at Ngeni",Dati yang simpli mung komunidad.,Noon ito ay simple lamang na komunidad.
story_0113,8,"Ing kekaming Komunidad, Kanita at Ngeni",Deng memaryu mikikilala la ngan at mipapanyaup.,Ang mga kapitbahay ay magkakakilala at nagtutulungan.
story_0114,8,"Ing kekaming Komunidad, Kanita at Ngeni",Kuntentu na la nung atin lang radyu kareng kare-karelang pibale-bale at makikiramdam balita.,Kontento na sila kung mayroon lang silang radyo sa kani-kanilang bahay at nakakapakinig ng balita.
story_0115,8,"Ing kekaming Komunidad, Kanita at Ngeni",Den namang anak mamyalung lang sabatan ampong salikutan king dalan neng bengi.,Ang mga bata naman ay naglalaro lamang ng sabatan at salikutan sa daan tuwing gabi.
story_0116,8,"Ing kekaming Komunidad, Kanita at Ngeni",Ala lang pigaganakang malaparis uling deng saken kanita gareta lamung kukulyutan damulag.,Wala nang katulad na kasayahan dahil ang mga sasakyan noon ay mga kariton lamang na hila ng kalabaw.
story_0117,8,"Ing kekaming Komunidad, Kanita at Ngeni","Ngeni, pauli na ning modernung Teknolohiya, deng tau king kekaing baranggay alus ali nala mikikilala uling mas buri da pa ing manalbe telebisyun o kaya mamyalung libangan king kompyuter.","Ngayon, dahil sa modernong teknolohiya, ang mga taong nasa aming baranggay ay halos hindi na nagkakakilala dahil mas gusto na nila ang manood ng telebisyon o kaya maglaro sa kompyuter."
story_0118,8,"Ing kekaming Komunidad, Kanita at Ngeni",Deng anak ali nala rin makapamyalung king dalan pauli na ning merakal nla rin deng saken alalabas a mangabilis kabang makaragdag lapa keng problemang polusyun king angin.,"Ang mga bata ay hindi na rin nakakapaglaro sa daan dahil sa pagdami ng mga sasakyang mabilis dumaan, habang dumaragdag din ang problema sa polusyon ng hangin."
story_0119,8,"Ing kekaming Komunidad, Kanita at Ngeni",At makanyan mu rin mas buri dapa ring anak ing makaarap king telebisyun kaysa king makyalung karing kalupa rang anak.,"At dahil dito, mas gusto na ng mga bata na manood ng telebisyon kaysa maglaro kasama ang kapwa nila mga bata."
story_0120,9,Arti Sta. Rita,"Ing Arti Sta. Rita ning Balen Sta.Rita, Pampanga metung ya organisasyun ding kakanta, kompositor, at musikeru keng entabladu na mebuu anyang Disyembri 2001.","Ang Arti Sta. Rita ng Bayan ng Sta. Rita, Pampanga ay isang organisasyon ng mga mang-aawit, kompositor, at musikero sa entablado na itinatag noong Disyembre 2001."
story_0121,9,Arti Sta. Rita,"Ila deng grupu a pakilala kareng miaaliwang klasi ning arti e mu king aldo ning pamag-kanta nunge pati na keng marangle ning biswal, arti, at panliteratura.","Sila ang grupong kilala sa iba't ibang uri ng sining, hindi lamang sa larangan ng pag-awit kundi pati na rin sa larangan ng biswal na sining, teatro, at panitikan."
story_0122,9,Arti Sta. Rita,"Ini bubuuan da ring grupu da ring artista na atin malablab a malasakit at lugud para king musika, kultura at pamagpalabas na atin tutuk king Kapampangan.","Binubuo ito ng grupo ng mga artistang may malalim na pagmamalasakit at pagmamahal para sa musika, kultura, at mga palabas na nakaugat sa Kapampangan."
story_0123,9,Arti Sta. Rita,Deng menimuna keti ila ri Andy Alviz at Recita...,Kabilang sa mga nangunguna rito sina Andy Alviz at Recita...
story_0124,10,Kuraldal,"Ing Kuraldal, terak yang menibatan king Balen Sasmuan, Pampanga nung nokarin pagselebran de balang Ineru 6 angang 10 neng Piesta ning Atlung Ari bilang pamamye puge king karelang patrun i Apung Lucia.","Ang Kuraldal ay isang sayaw na nagmula sa Bayan ng Sasmuan, Pampanga, na ipinagdiriwang tuwing ika-6 hanggang ika-10 ng Enero sa Piyesta ng Tatlong Hari, bilang pagpupugay sa kanilang patron na si Apung Lucia."
story_0125,10,Kuraldal,"Anyang mumunang panaun, ing terak ini para yamu kareng miasawang mamanata ban mipagkaluban lang anak.","Noong unang panahon, ang sayaw na ito ay para lamang sa mga mag-asawang nananata upang magkaroon ng anak."
story_0126,10,Kuraldal,"Oneng ngening kasalukuyan ding tau mipagkural-dal la naman para king masanting a bie, pamikakatawan at kabyayan.","Ngunit sa kasalukuyan, sumasayaw na rin ng Kuraldal ang mga tao para sa magandang buhay, kalusugan, at kasaganaan."
story_0127,10,Kuraldal,Ding kerakalan kareng babai manyulud lang imalan o bulaklakan a makikule rosa at ding lalaki naman magdala lang instrument pangmusika.,"Karamihan sa mga babae ay nagsusuot ng kasuotan o bulaklak na kulay rosas, at ang mga lalaki naman ay nagdadala ng mga instrumentong pangmusika."
story_0128,10,Kuraldal,"Atin mu rin mapilan kareng tau a magdalang malating banderang ating litratru nang Sta. Lucia a ating makasulat a ""Viva Apu Lucia, Pwera Sakit!"" kabang ala lang patugut teterak king dalan at mumunta kareng balang bale at manyad donasyun.","May ilan ding tao ang nagdadala ng maliliit na banderang may larawan ni Sta. Lucia na may nakasulat na ""Viva Apu Lucia, Pwera Sakit!"" habang walang tigil na sumasayaw sa daan at pumupunta sa bawat bahay para humingi ng donasyon."
story_0129,10,Kuraldal,Ing mesabing terak makanyan de mu naman pagmasusyan karing balen ning Sta. Ana at balen king Bataan anti king Hermosa at Orani.,Ginagaya rin ngayon ang nasabing sayaw sa bayan ng Sta. Ana at sa mga bayan sa Bataan tulad ng Hermosa at Orani.
story_0130,11,Kebaytan nang Imang Lily,Dakal a tau king kekaming balen a manenaya king kebaytan ng Imang Lily.,Maraming tao sa aming bayan ang umaasa sa kaarawan ni Imang Lily.
story_0131,11,Kebaytan nang Imang Lily,Pekamagaling yang maglutu i Imang Lily king kekaming lugal.,Si Imang Lily ang pinakamagaling magluto sa aming lugar.
story_0132,11,Kebaytan nang Imang Lily,Maralas yang mag Sadyang makayaliwa at makaganang pamangan.,Bihira siyang magsagawa ng espesyal at masarap na pagkain.
story_0133,11,Kebaytan nang Imang Lily,Ing balang subu tutukyan na pa ning marakal a subu.,Ang bawat lutuin niya ay hinihintay pa ng maraming tao.
story_0134,11,Kebaytan nang Imang Lily,Balang banwa kukum-biran nala ding kaluguran na king karelang bale ban pagselebran ing aldo na.,"Tuwing taon, tinatawag niya ang kanyang mga mahal sa buhay sa kanilang bahay para ipagdiwang ang kanyang kaarawan."
story_0135,11,Kebaytan nang Imang Lily,"Para king kayang ika-60 nang kebaytan, megsadya yang pamangan kalupa ning sisig babi, biringhi, betuteng tugak, adobung kamaru at chicharun.","Para sa kanyang ika-60 na kaarawan, naghanda siya ng mga pagkaing tulad ng sisig ng baboy, biringhi, betuteng palaka, adobong kamaru, at chicharon."
story_0136,11,Kebaytan nang Imang Lily,"Megsadya ya ring manga-nyaman a pamangan para kareng anak kalupa ning pritung manuk, pancit luglug, tidtad, putu at kutsinta.","Naghanda rin siya ng mga masarap na pagkain para sa mga bata tulad ng pritong manok, pancit luglog, tidtad, puto, at kutsinta."
story_0137,11,Kebaytan nang Imang Lily,"Menapag ya ring suman bulagta, kalame duman at pulburun bilang pagmayumu.","Nagdagdag pa sila ng suman bulagta, kalamay duman, at pulburon bilang panghimagas."
story_0138,11,Kebaytan nang Imang Lily,Mesaya la ngan ding tau king kebaytan nang Imang Lily.,Masaya ang mga tao sa kaarawan ni Imang Lily.
story_0139,12,Transportasyun king Pilipinas,Ing dyip ing pekasikat a pampublikung saken king Pilipinas at ini ing meging simbulu na ning kulturang Pilipino king buung yatu.,"Ang jeep ang pinakasikat na pampublikong sasakyan sa Pilipinas, at ito ang naging simbolo ng kulturang Pilipino sa buong mundo."
story_0140,12,Transportasyun king Pilipinas,"Aliwa pang kilalang pampublikung saken keng bansa ing traysikel, a karaniwang sasaken da reng pasaherus lalu na kareng baryu.","Isa pang kilalang pampublikong sasakyan sa bansa ang traysikel, na karaniwang sinasakyan ng mga pasahero lalo na sa mga baryo."
story_0141,12,Transportasyun king Pilipinas,Ding tren makikilala nala rin bilang pampublikung saken king bansa lalu na king siyudad king Manila.,"Kilala rin ang mga tren bilang pampublikong sasakyan sa bansa, lalo na sa lungsod ng Maynila."
story_0142,12,Transportasyun king Pilipinas,"Ing Pilipinas, atin yang atlung riles tren: ding LRT at MRT nung nokarin magagamit la king Manila at ing Philippine National Railways, a magagamit mu rin king Manila at aliwang lugal king Luzon.","Sa Pilipinas, mayroong tatlong riles ng tren: ang LRT at MRT na ginagamit sa Maynila, at ang Philippine National Railways, na ginagamit din sa Maynila at ibang lugar sa Luzon."
story_0143,12,Transportasyun king Pilipinas,"Ding taxi ampong bus, maulaga la mu ring pampublikung saken king Pilipinas.",Ang taxi at bus ay mahalaga ring pampublikong sasakyan sa Pilipinas.
story_0144,13,Kaluguran da ka Ima,"Anyang adwa yang banwa i Dave, likwan neng ima na kang tatang na.","Nang dalawang taon si Dave, iniwan siya ng kanyang ina sa kanyang ama."
story_0145,13,Kaluguran da ka Ima,Sinese de ri apu at dara na kayabe ra ding pisan na.,Inalagaan siya ng kanyang mga lolo't lola kasama ang kanilang pamilya.
story_0146,13,Kaluguran da ka Ima,Pamag-tindang uling ing kabyayan da.,Nagtinda sila para sa kanilang ikabubuhay.
story_0147,13,Kaluguran da ka Ima,Tataguyud de i Dave agyang magkasakit la.,Inalagaan nila si Dave kahit sila mismo ay may sakit.
story_0148,13,Kaluguran da ka Ima,Potang atin yang sakit i Dave ila ing kayantabe na.,"Kapag may sakit si Dave, sila ang laging kasama niya."
story_0149,13,Kaluguran da ka Ima,"Misan aldo, kitnan de ring kaluguran na, ""Dave, nukarin ya i Ima mu?""","Isang araw, tinanong siya ng mga taong mahal niya, ""Dave, nasaan ang iyong Ina?"""
story_0150,13,Kaluguran da ka Ima,"""Mete ne,"" pakibat nang Dave.","""Namatay na siya,"" sagot ni Dave."
story_0151,13,Kaluguran da ka Ima,Mebigla la ngan king meging pakibat ng Dave uling balu da ala naman sinabi o mituru kaya.,Nagulat sila sa naging sagot ni Dave dahil hindi nila alam kung ano ang sinabi o itinuro sa kanya tungkol dito.
story_0152,13,Kaluguran da ka Ima,Migaganaka la ding pamilya na anya megdesisyun lang pakisabyan de.,Nag-alala ang kanyang pamilya kaya nagpasya silang kausapin siya.
story_0153,13,Kaluguran da ka Ima,"Misan aldong atin klasi, tiki nening dara nang adwang bulang mabuktut a tatalakad bilang ima na.","Isang araw na may pasok, isinama siya ng kanyang lola sa isang matandang babaeng paralisado, na nagpanggap na parang ina niya."
story_0154,13,Kaluguran da ka Ima,"Kabang pauli la, kitnan neng dara na, ""Kaluguran mu ko?""","Habang umuuwi sila, tinanong siya ng kanyang lola, ""Mahal mo ba ako?"""
story_0155,13,Kaluguran da ka Ima,"""Syempre, Ima,"" pakibat ng Dave.","""Syempre po, Lola,"" sagot ni Dave."
story_0156,13,Kaluguran da ka Ima,"""Nung talagang kaluguran mu ku dapat mas luguran me i Ima mu.","""Kung talagang mahal mo ako, dapat mas mahalin mo ang iyong Ina."
story_0157,13,Kaluguran da ka Ima,Eka sasabing marok amanu laban kaya uling nung alayu ali daka kayabe ngeni.,"Huwag kang magsalita ng masama laban sa kanya, dahil kung wala siya, wala ka sanang kasama ngayon."
story_0158,13,Kaluguran da ka Ima,"Datang ing panaun, akit me murin at ipalino na keka bakit likwan naka ampo i Tatang mu,"" mipagagang sabi nang dara na.","Darating ang panahon na mauunawaan mo rin at maliliwanagan ka kung bakit ka niya iniwan kasama ng iyong Itay,"" mahinahong sabi ng kanyang lola."
story_0159,13,Kaluguran da ka Ima,"Manibat kanita, balang kukutnan de i Dave nung nukarin ya i Ima na, mayli ya ta sabyan ng, ""Kaluguran daka pa rin Ima, at buri dakang akit.""","Mula noon, tuwing tinatanong si Dave kung nasaan ang kanyang Ina, gusto niyang sabihin, ""Mahal pa rin kita, Ina, at gusto na kitang makita."""
story_0160,14,Ing Anak a Masabal,"Abak ning Lunis, maranun yang linub i Rodel king iskwela.","Umaga ng Lunes, maaga pumasok si Rodel sa paaralan."
story_0161,14,Ing Anak a Masabal,Masaya yang lalakad papunta king paradahan da reng saken.,Masaya siyang naglalakad papunta sa paradahan ng mga sasakyan.
story_0162,14,Ing Anak a Masabal,"Karas na Karin, ikit ne i Juan, ing anak a ating kapansanan.","Sa daan patungo doon, nakita niya si Juan, ang batang may kapansanan."
story_0163,14,Ing Anak a Masabal,"""Mayap a abak keka, Rodel!"" ing sabi nang Juan.","""Magandang umaga, Rodel!"" sabi ni Juan."
story_0164,14,Ing Anak a Masabal,"""Mayap a abak mu naman!"" ing pakibat nang Rodel.","""Magandang umaga rin sa'yo!"" sagot ni Rodel."
story_0165,14,Ing Anak a Masabal,"Anyang dintang ne ing dyip a saken da papunta iskwela, inantabayanan neng Rodel i Juan king pamanyake angga na king milukluk ya kilub ning saken.","Nang dumating ang jeep na sasakyan nila papuntang paaralan, hinintay ni Rodel si Juan hanggang sa makaupo siya sa loob ng sasakyan."
story_0166,14,Ing Anak a Masabal,"""Dakal a salamat keka, Rodel,"" ing agad nang sinabing Juan.","""Maraming salamat, Rodel,"" agad na sinabi ni Juan."
story_0167,14,Ing Anak a Masabal,"""Alai ta,"" pakibat na namang Rodel.","""Walang anuman,"" sagot naman ni Rodel."
story_0168,14,Ing Anak a Masabal,"Anyang miras nala king arap ning iskwela, inantabayanan neng pasibayu i Juan king pamanguldas king dyip, king pamaglub da iskwela angga king kwartung pipagaralan.","Nang makarating sila sa harap ng paaralan, muling hinintay ni Rodel si Juan habang bumababa siya sa jeep, hanggang sa pagpasok nila sa paaralan patungo sa silid-aralan."
story_0169,14,Ing Anak a Masabal,Migpasalamat yang ustu i Juan kang Rodel uli na ning pepakit nang masabal at ganaka kaya.,Taos- pusong nagpasalamat si Juan kay Rodel dahil sa pagpapakita niya ng malasakit at pag-aalaga sa kanya.
story_0170,15,Ing Anak a Mapanyaup,"King kilub ning kwartung pipagaralan, tahimik lang magobra ring anak king pamagsane king Filipino.","Sa loob ng silid-aralan, tahimik na gumagawa ang mga bata ng kanilang gawain sa Filipino."
story_0171,15,Ing Anak a Mapanyaup,"Apansinan nang Lita i Lawaan, ing bayu rang kaklasing Aeta a e mipaindatun king kayang luklukan.","Napansin ni Lita si Lawaan, ang kanilang bagong kaklaseng Aeta na hindi makasunod sa kanyang upuan."
story_0172,15,Ing Anak a Mapanyaup,Ala yang lapis ampong papil a gagamitan.,Wala siyang lapis at papel na magagamit.
story_0173,15,Ing Anak a Mapanyaup,Agad-agad kinangwang yang aliwa na pang lapis ampong papil king kayang bag at peparam ne kang Lawaan.,Agad-agad kumuha si Lita ng dagdag na lapis at papel mula sa kanyang bag at ipinahiram ito kay Lawaan.
story_0174,15,Ing Anak a Mapanyaup,Misadan ya at pesalamat kang Lita at meging matalik lang mikaluguran.,"Natuwa si Lawaan at nagpasalamat kay Lita, at sila ay naging matalik na magkaibigan."
