item_num,pam_text,fil_text,n_tokens,n_attested,pct_attested,unattested_tokens
1,E ku linub king obra napun uling masakit ing pakiramdam ku.,Hindi ako pumasok sa trabaho kahapon dahil masama ang pakiramdam ko.,11,11,100.0,
2,E mu kalingwan patdan ing sulu bayu ka mako king bale.,Huwag mong kalimutang patayin ang ilaw bago ka umalis ng bahay.,11,11,100.0,
3,Ala nang melabing pamangan king lamesa para king hapunan.,Wala nang natirang pagkain sa mesa para sa hapunan.,9,8,88.9,melabing
4,Aliwa i Juan ing kinalap king salapi king bag nune ing kapatad na.,Hindi si Juan ang kumuha ng pera sa bag kundi ang kapatid niya.,13,12,92.3,kinalap
5,"Agang e ya mekibat king tawag, mituloy tana mu rin king planu tamu.","Kahit hindi siya sumagot sa tawag, tutuloy pa rin tayo sa ating plano.",13,12,92.3,mituloy
6,E pa miras ing order tamu ibat king online shop.,Hindi pa nakakarating ang order natin mula sa online shop.,10,10,100.0,
7,"Ali ya buri mangan gule inyang anak pa ya, pero mamangan na ya ngeni.","Ayaw niyang kumain ng gulay noong bata pa siya, pero kumakain na siya ngayon.",14,14,100.0,
8,Ali naman masakit ing pagsusulit nung meg-aral kang masanting.,Hindi naman mahirap ang pagsusulit kung nag-aral ka nang mabuti.,9,7,77.8,"pagsusulit, meg-aral"
9,Ala ku natanggap a mensahe ibat kaya kilub ning buung aldo.,Wala akong natanggap na mensahe mula sa kanya buong araw.,11,10,90.9,natanggap
10,E pa kumpleto ding dokumentong kailangan para king aplikasyon.,Hindi pa kumpleto ang mga dokumentong kailangan para sa aplikasyon.,9,7,77.8,"dokumentong, aplikasyon"
11,E ka sana mimwa nung e ku makadalo king party mu.,Huwag ka sanang magalit kung hindi ako makakadalo sa party mo.,11,10,90.9,makadalo
12,E ku akalain muran nang makantini kasikan ngening gatpanapun.,Hindi ko akalaing uulan nang ganito kalakas ngayong hapon.,9,7,77.8,"akalain, makantini"
13,Ala nang bakanteng luklukan king bus kaya tinalakad na kami mu.,Wala nang bakanteng upuan sa bus kaya tumayo na lang kami.,11,10,90.9,bakanteng
14,E tamu malyaring balewalain ing payo ning doktor.,Hindi natin pwedeng balewalain ang payo ng doktor.,8,7,87.5,balewalain
15,E pa rin tutuknang ing ingay ibat king sumangid bale.,Hindi pa rin tumitigil ang ingay mula sa kabilang bahay.,10,9,90.0,ingay
16,Ala siyang sinabing masakit laban keka.,Wala siyang sinabing masama laban sa iyo.,6,6,100.0,
17,E malyaring lumub king gusali nang alang identification card.,Hindi pwedeng pumasok sa gusali nang walang identification card.,9,8,88.9,lumub
18,Ali ya buri ning pusa ing makaligu kaya mabilis yang minulayi.,Ayaw ng pusa na naliligo kaya mabilis itong tumakbo.,11,9,81.8,"makaligu, minulayi"
19,E megpaliwa ing desisyon ning pamunuan tungkul king bayung patakaran.,Hindi nagbago ang desisyon ng pamunuan tungkol sa bagong patakaran.,10,8,80.0,"megpaliwa, desisyon"
20,Ala ka waring melabing gamit king kilub ning saskyan?,Wala ka bang naiwan na gamit sa loob ng sasakyan?,9,7,77.8,"melabing, saskyan"
21,E tamu balu ing resulta anggang e mayayari ing pamagsuri.,Hindi natin malalaman ang resulta hangga't hindi natatapos ang pagsusuri.,10,9,90.0,pamagsuri
22,E mu lalagpan nakabuklat ing gripo pagka-yari mung maghugas.,Huwag mong iiwang nakabukas ang gripo pagkatapos mong maghugas.,9,4,44.4,"lalagpan, nakabuklat, gripo, pagka-yari, maghugas"
23,E ku sigurado nung buklat ing bangko ngening Sabadu.,Hindi ako sigurado kung bukas ang bangko ngayong Sabado.,9,9,100.0,
24,Ala nang oras para magbalik pa tamu king bale.,Wala nang oras para bumalik pa tayo sa bahay.,9,9,100.0,
25,E a-atag matutunan ing bayung software king kilub mu ning panying aldo.,Hindi madaling matutunan ang bagong software sa loob lamang ng isang araw.,12,9,75.0,"a-atag, matutunan, panying"
26,Kapangan ku pa mu inyang dumatang la ding bisita king bale.,Kakakain ko lang nang dumating ang mga bisita sa bahay.,11,10,90.9,dumatang
27,Maglutu ya i Ima king kusina kabang maglinis ya i Tatang king mula.,Nagluluto si Nanay sa kusina samantalang naglilinis si Tatay ng bakuran.,13,13,100.0,
28,Muna kami king palengke bukas abak ban sumali king sariwang asan.,Pupunta kami sa palengke bukas nang maaga upang bumili ng sariwang isda.,11,11,100.0,
29,Yari da ne ing proyekto bayu pa man dumatang ing huling aldo ning submission.,Natapos na nila ang proyekto bago pa man dumating ang huling araw ng submission.,14,12,85.7,"dumatang, huling"
30,Kamako na pa mu ning bus inyang miras kami king terminal.,Kaaalis lang ng bus nang makarating kami sa terminal.,11,10,90.9,kamako
31,Manalbe la pang telebisyon inyang bigla yang mepatda ing kuryente.,Nanonood sila ng telebisyon nang biglang mamatay ang kuryente.,10,9,90.0,mepatda
32,Gawan ku ing kakung takdang-aralin potang bengi pagka-yari ning hapunan.,Gagawin ko ang aking takdang-aralin mamayang gabi pagkatapos ng hapunan.,10,8,80.0,"takdang-aralin, pagka-yari"
33,Mekaligu na i Ben bayu pa man dumatang ding kayang kaluguran.,Naligo na si Ben bago pa man dumating ang kanyang mga kaibigan.,11,9,81.8,"mekaligu, dumatang"
34,"Kabang maglakad ku king dalan, mekapakit kung lumang larawan king labuad.","Habang naglalakad ako sa kalsada, nakakita ako ng lumang larawan sa lupa.",11,10,90.9,mekapakit
35,Patuloy yang mag-aral i Maria para king kayang licensure exam ngening bulan.,Patuloy na nag-aaral si Maria para sa kanyang licensure exam ngayong buwan.,12,11,91.7,patuloy
36,Karas na pa mu ning ima ku ibat king makabang biyahe ibat probinsya.,Kakarating lang ng nanay ko mula sa mahabang biyahe galing probinsya.,13,13,100.0,
37,Sali kaming bayung laptop nung makakua na kaming bonus.,Bibili kami ng bagong laptop kapag nakakuha na kami ng bonus.,9,9,100.0,
38,Mag-obra ya king kumpanyang iyan manibat pa inyang panying banua.,Nagtatrabaho siya sa kumpanyang iyan simula pa noong isang taon.,10,9,90.0,panying
39,Kabait ku pa mu king ospital para king kakung taunang medical check-up.,Kagagaling ko lang sa ospital para sa aking taunang medical check-up.,12,11,91.7,taunang
40,Maglutu ya i Kapatad a Lalaki king manyaman a hapunan para king kealdawan ni Kapatad a Babai.,Magluluto si Kuya ng masarap na hapunan para sa kaarawan ni Ate.,17,16,94.1,kealdawan
41,Naisipan dang magbakasyon king Baguio king daratang a bulan ning Disyembre.,Naisipan nilang magbakasyon sa Baguio sa darating na buwan ng Disyembre.,11,10,90.9,magbakasyon
42,Kalinis pa mu ning kuwarto inyang linub la ding anak a makasapatos.,Kakalinis pa lang ng kuwarto nang pumasok ang mga bata nang nakasapatos.,12,10,83.3,"kuwarto, makasapatos"
43,Balang aldo yang mag-ehersisyo bayu muna king opisina.,Araw-araw siyang nag-eehersisyo bago pumunta sa opisina.,8,7,87.5,mag-ehersisyo
44,Yarian tamu ing ulat a ini bayu mag-alas singko ning gatpanapun.,Tatapusin natin ang ulat na ito bago mag-alas singko ng hapon.,11,11,100.0,
45,"Inyang meputok ing gulong ning kotse, agad kaming tinabi king dalan.","Nang pumutok ang gulong ng kotse, agad kaming tumabi sa kalsada.",11,9,81.8,"meputok, gulong"
46,Magpadala kung salapi king kakung pamilya king tutuntung a linggu.,Magpapadala ako ng pera sa aking pamilya sa susunod na linggo.,10,9,90.0,tutuntung
47,Kabasa ku pa mu ning balita tungkul king pagtaas ning presyo ng bilihin.,Kababasa ko lang ng balita tungkol sa pagtaas ng presyo ng bilihin.,13,11,84.6,"pagtaas, bilihin"
48,Magsalaysay ya i Lelu kabang makiramdam nang tahimik ding apo.,Nagsasalaysay ang lolo habang nakikinig nang tahimik ang mga apo.,10,10,100.0,
49,Ihanda ku ding gagamitan tamu para king seminar bukas.,Ihahanda ko ang mga gagamitin natin para sa seminar bukas.,9,8,88.9,ihanda
50,Kayari pa mu ning uran kaya basa pa ing labuad king kilwal.,Katatapos pa lang ng ulan kaya basa pa ang lupa sa labas.,12,12,100.0,
51,"Uling minuran nang masikan napun bengi, minalbug ing kekaming dalan.","Dahil umulan nang malakas kagabi, bumaha ang aming kalsada.",10,9,90.0,minalbug
52,"Inyang meyari ing pulung, agad silang muli ding sablang empleyado.","Nang matapos ang pulong, agad na umuwi ang lahat ng empleyado.",10,10,100.0,
53,"Nung yari mu ing kekang gawaing-bahay, makapagliyal ka king kilwal.","Kung matatapos mo ang iyong gawaing-bahay, makakapaglaro ka sa labas.",10,8,80.0,"gawaing-bahay, makapagliyal"
54,"Maski mabayat ing trapiko king dalan, miras kami pa rin king takdang oras.","Bagama't mabigat ang trapiko sa daan, nakarating pa rin kami sa oras.",13,12,92.3,trapiko
55,"Ing lalaking makisabi keka nandin, ya ing bayu tamung kapitbahay.",Ang lalaking nakipag-usap sa iyo kanina ay ang bago nating kapitbahay.,10,9,90.0,kapitbahay
56,"Ban makatipid king gastusin, magbabaon na kami mu pang apagto king opisina.","Para makatipid sa gastusin, nagbabaon na lang kami ng tanghalian sa opisina.",12,9,75.0,"gastusin, magbabaon, apagto"
57,"Kabang maghintay kami king bus, naisipan ming minum kape.","Habang naghihintay kami sa bus, naisipan naming uminom ng kape.",9,8,88.9,maghintay
58,"Maski na pagud na pagud i Ana, tinapos ne pa rin ing kayang ulat.","Kahit na pagod na pagod si Ana, tinapos pa rin niya ang kanyang ulat.",14,12,85.7,"pagud, pagud"
59,"Ban maiwasan ing malate king klase, maaga yang meko king bale.","Upang maiwasan ang huli sa klase, maaga siyang umalis ng bahay.",11,9,81.8,"maiwasan, maaga"
60,"Nung sakaling magbago ing kekang isip, tawagan mu ku agad.","Kung sakaling magbago ang iyong isip, tawagan mo agad ako.",10,9,90.0,magbago
61,"Uling e ya nakatanto king leksyon, nahirapan ya king pagsusulit.","Dahil hindi siya nakatanto sa leksyon, nahirapan siya sa pagsusulit.",10,6,60.0,"nakatanto, leksyon, nahirapan, pagsusulit"
62,Ing librong sinali mu king mall ay napakaganda at kapaki-pakinabang.,Ang librong binili mo sa mall ay napakaganda at kapaki-pakinabang.,10,7,70.0,"librong, napakaganda, kapaki-pakinabang"
63,"Kabang maglutu ya i Ima, manalbe balita ing kakung tata.","Habang nagluluto si Ina, nanonood ng balita ang aking ama.",10,10,100.0,
64,"Maski ditak mu ing kekaming handa, meging masaya ing kekaming pagdiriwang.","Bagama't kaunti lamang ang aming handa, naging masaya ang aming pagdiriwang.",11,11,100.0,
65,"Nung mayari na ing uran, lalabas tamu para maglakad-lakad.","Kapag natapos na ang ulan, lalabas tayo para maglakad-lakad.",9,9,100.0,
66,Ing gurong magturo matematika ay napakatiyaga kadagting kayang mag-aral.,Ang gurong nagtuturo ng matematika ay napakatiyaga sa kanyang mga mag-aaral.,9,6,66.7,"gurong, napakatiyaga, kadagting"
67,"Uling king kawalan ning signal, e kami nakapagpadala ning mensahe.","Dahil sa kawalan ng signal, hindi kami nakapagpadala ng mensahe.",10,9,90.0,nakapagpadala
68,"Maski mabilis yang minulayi, e ne pa rin naabutan ing tren.","Kahit mabilis siyang tumakbo, hindi pa rin niya naabutan ang tren.",11,9,81.8,"minulayi, naabutan"
69,"Bayu mu simulan ing pagsusulit, basan mu mu muna nang masanting ing panuto.","Bago mo simulan ang pagsusulit, basahin mo muna nang maigi ang panuto.",13,12,92.3,pagsusulit
70,"Nung magkaroon tamung libreng oras ngening linggu, bisitahan tamu i lelu/lelang.","Kung magkakaroon tayo ng libreng oras ngayong linggo, bibisita tayo sa lola.",11,10,90.9,lelu/lelang
71,Ing gusaling makatayo king kanto ay meging bayung ospital.,Ang gusaling itinayo sa kanto ay magiging isang bagong ospital.,9,7,77.8,"makatayo, kanto"
72,"Kabang mag-aral ku napun bengi, bigla yang mepatda ing sulu king kekaming kuwarto.","Habang nag-aaral ako kagabi, biglang namatay ang ilaw sa aming kuwarto.",13,11,84.6,"mepatda, kuwarto"
73,"Ban e maligaw king lungsod, gumamit kaming mapa king kekaming telepono.","Para hindi maligaw sa lungsod, gumamit kami ng mapa sa aming telepono.",11,10,90.9,maligaw
74,"Maski bayu pa mu ya king kumpanya, dakal na siyang naibagay.","Bagama't bago pa lamang siya sa kumpanya, marami na siyang naibagay.",11,10,90.9,naibagay
75,"Inyang akit ne ing kayang lumang kaluguran, e ne napigilang ngumiti.","Nang makita niya ang kanyang lumang kaibigan, hindi niya napigilang ngumiti.",11,9,81.8,"napigilang, ngumiti"
76,Mas mabilis yang mulayi i Pedro kesa kay Jose.,Mas mabilis tumakbo si Pedro kaysa kay Jose.,9,9,100.0,
77,I Maria ing pekamatilid a mag-aral king buung klase tamu.,Si Maria ang pinakamatalinong mag-aaral sa aming buong klase.,10,9,90.0,pekamatilid
78,Mipante la katas ding mikapatad a sina Ana at Elsa.,Magkasingtangkad ang magkapatid na sina Ana at Elsa.,10,9,90.0,elsa
79,Mas manyaman ing lutung-bale kesa king pamangan king restawran.,Mas masarap ang lutong-bahay kaysa sa pagkain sa restawran.,9,8,88.9,lutung-bale
80,Ali kasinglayu ning Pampanga ing Bulacan ibat Maynila.,Hindi kasinglayo ng Pampanga ang Bulacan mula sa Maynila.,8,7,87.5,kasinglayu
81,Mas mahal ing bayung modelo ning telepono kesa king lumang modelo.,Mas mahal ang bagong modelo ng telepono kaysa sa lumang modelo.,11,11,100.0,
82,I Baguio ing pekamarim a lungsod a mebisita ku king Pilipinas.,Si Baguio ang pinakamalamig na lungsod na nabisita ko sa Pilipinas.,11,9,81.8,"pekamarim, mebisita"
83,Mipante la kaganda ding aduang imalan a ibinigay kaku ni Ima.,Magkasingganda ang dalawang damit na ibinigay sa akin ni Nanay.,11,10,90.9,kaganda
84,Mas malawak ing bayung opisina kesa king sadya tamung inuupahan.,Mas malawak ang bagong opisina kaysa sa dating inuupahan natin.,10,9,90.0,inuupahan
85,Ini ing pekamasakit a pagsubok a kinaharap ning kekaming pamilya.,Ito ang pinakamahirap na pagsubok na kinaharap ng aming pamilya.,10,8,80.0,"pagsubok, kinaharap"
86,Mas maaga yang miras ngeni kesa napun.,Mas maaga siyang dumating ngayon kaysa kahapon.,7,6,85.7,maaga
87,Mipante la kadakal ing natanggap dang regalo inyang Pasko.,Magkasingdami ang natanggap nilang regalo noong Pasko.,9,8,88.9,natanggap
88,Mas malinaw ing kuha ning bayung kamera kesa king lumang telepono.,Mas malinaw ang kuha ng bagong kamera kaysa sa lumang telepono.,11,9,81.8,"malinaw, kuha"
89,Ya ing pekamahusay a tagapagsalita king ginanap a kumperensya.,Siya ang pinakamahusay na tagapagsalita sa ginanap na kumperensya.,9,8,88.9,pekamahusay
90,Ali kasing-masakit ning inakala ku ing bayung asignatura.,Hindi kasingmahirap ng inakala ko ang bagong asignatura.,8,6,75.0,"kasing-masakit, asignatura"
91,Mas malakay ing bale ning kakung Bapa kesa king kekaming tirahan.,Mas malaki ang bahay ng aking tiyo kaysa sa aming tirahan.,11,10,90.9,malakay
92,Ini ing pekamanyaman a mangga a nakain ku ngening tag-araw.,Ito ang pinakamasarap na mangga na nakain ko ngayong tag-araw.,10,8,80.0,"nakain, tag-araw"
93,Mipante la mung edad ding aduang mikakaluguran maski magkaiba ing antas da.,Magkasing-edad lamang ang dalawang magkaibigan kahit magkaiba ang antas.,12,12,100.0,
94,Mas tahimik ing bie king probinsya kesa king maingay a lungsod.,Mas tahimik ang buhay sa probinsya kaysa sa maingay na lungsod.,11,11,100.0,
95,Ya ing pekamatua miyembro ning kekaming samahan.,Siya ang pinakamatandang miyembro ng aming samahan.,7,6,85.7,samahan
96,Mas mabilis ing biyahe nung sumakay ka king tren kesa bus.,Mas mabilis ang biyahe kapag sumakay ka ng tren kaysa bus.,11,10,90.9,sumakay
97,Mipante la kalinis ding aduang silid pagka-yari ming mag-ayos.,Magkasinglinis ang dalawang silid pagkatapos naming mag-ayos.,9,7,77.8,"pagka-yari, mag-ayos"
98,Mas matindi ing trapiko ngening Biyernes kesa inyang Lunes.,Mas matindi ang trapiko ngayong Biyernes kaysa noong Lunes.,9,8,88.9,trapiko
99,Ini ing pekakamura bilihin a matagpuan mu king pamilihan.,Ito ang pinakamurang bilihin na matatagpuan mo sa pamilihan.,9,6,66.7,"pekakamura, bilihin, matagpuan"
100,Ali kasingbasa ing dalan ngeni kumpara king milabas a bagyo.,Hindi kasingbasa ang daan ngayon kumpara sa nakaraang bagyo.,10,9,90.0,kasingbasa
101,Maaga kung magising balang aldo ban maghanda king abakan ning pamilya.,Maaga akong gumigising araw-araw para maghanda ng almusal ng pamilya.,11,10,90.9,maaga
102,Kalipat mi pa mu king bayung bale inyang milabas a bulan.,Kakalipat lang namin sa bagong bahay noong nakaraang buwan.,11,11,100.0,
103,Minta ya i Ima king palengke ban sumali king gule at karne.,Pumunta si Nanay sa palengke para bumili ng gulay at karne.,12,12,100.0,
104,Saupan mu kung maglinis king sala kabang maglaba ya ing kapatad mu.,Tulungan mo akong maglinis ng sala habang naglalaba ang kapatid mo.,12,11,91.7,maglaba
105,Mangan na kaming hapunan kaya usuk ka na king kilub.,Kakain na kami ng hapunan kaya pumasok ka na sa loob.,10,10,100.0,
106,Balang aldo kung didiligan ding halaman king kekaming hardin.,Araw-araw kong dinidiligan ang mga halaman sa aming hardin.,9,9,100.0,
107,Meghugas ya i Kapatad a Lalaki king plato pagka-yari tamung mangan.,Naghugas si Kuya ng mga plato pagkatapos nating kumain.,11,9,81.8,"meghugas, pagka-yari"
108,Inayos ne i Kapatad a Babai ing kayang silid bayu ya linub king paaralan.,Inayos ni Ate ang kanyang silid bago siya pumasok sa paaralan.,14,13,92.9,paaralan
109,Sali kaming bayung kurtina para king kekaming bintana king sala.,Bumili kami ng bagong kurtina para sa aming bintana sa sala.,10,9,90.0,bintana
110,Meglutu ya i Lelang king manyaman a sopas uling marim ing panahon.,Nagluto si Lola ng masarap na sopas dahil malamig ang panahon.,12,10,83.3,"meglutu, marim"
111,Pinakain ku ing kekaming alagang aso bayu ku meko king bale.,Pinakain ko ang aming alagang aso bago ako umalis ng bahay.,11,9,81.8,"pinakain, aso"
112,Iniyus ne i Tatang ding gamit king kilub ning bodega.,Inilagay ni Tatay ang mga gamit sa loob ng bodega.,10,9,90.0,iniyus
113,Magtitipon ing buung pamilya balang bengi para magkuwentuhan.,Nagtitipon ang buong pamilya tuwing gabi para magkuwentuhan.,8,6,75.0,"magtitipon, magkuwentuhan"
114,Kailangan tamung alilan ing pundidong bombilya king kusina.,Kailangan nating palitan ang pundi na bombilya sa kusina.,8,6,75.0,"pundidong, bombilya"
115,Pinalang mi ding labada sa lalam ning pali ning aldo.,Pinatuyo namin ang mga labada sa ilalim ng init ng araw.,10,9,90.0,pinalang
116,Magwalis ya i Ima king mula balang abak.,Nagwawalis si Nanay sa bakuran tuwing umaga.,8,7,87.5,magwalis
117,Manalbe kaming pelikula king sala nung Sabadu ning bengi.,Nanonood kami ng pelikula sa sala kapag Sabado ng gabi.,9,9,100.0,
118,Naghanda ya i Kapatad a Babai king meryenda para kadagting bisitang dumatang.,Naghanda si Ate ng meryenda para sa mga bisitang dumating.,12,9,75.0,"naghanda, kadagting, dumatang"
119,Inayos ne i Kapatad a Lalaki ing sirang pasbul ning kekaming garahe.,Inayos ni Kuya ang sirang pintuan ng aming garahe.,12,11,91.7,garahe
120,Inalilan mi ing palaman ning unan king kekaming kuwarto.,Pinalitan namin ang palaman ng unan sa aming silid-tulugan.,9,8,88.9,kuwarto
121,Inihain na ing pamangan king lamesa kaya maghugas ka na gamat.,Inihain na ang pagkain sa mesa kaya maghugas ka na ng kamay.,11,9,81.8,"inihain, maghugas"
122,Magtapon kaming basura king tamang lalagyan balang aldo.,Nagtatapon kami ng basura sa tamang lalagyan araw-araw.,8,6,75.0,"magtapon, lalagyan"
123,Inilock mu ne wari ing pangunahing pasbul bayu ka matudtud?,Inilock mo ba ang pangunahing pinto bago ka natulog?,10,9,90.0,inilock
124,Magliyal la ding anak king mula kabang magpaynawa la ding matua.,Naglalaro ang mga bata sa bakuran habang nagpapahinga ang mga matatanda.,11,10,90.9,magliyal
125,Meglutu kaming kape para kadagting kapitbahay a sumaup kekami.,Nagluto kami ng kape para sa mga kapitbahay na tumulong sa amin.,9,6,66.7,"meglutu, kadagting, kapitbahay"
126,Mipadala mu na wari ing email king kliyente tungkul king kekatamung panukala?,Naipadala mo na ba ang email sa kliyente tungkol sa ating panukala?,12,11,91.7,panukala
127,Mag-obra ku ibat king bale bukas uling atin lang ipag-ayos king kotse ku.,Magtatrabaho ako mula sa bahay bukas dahil may aayusin sa aking kotse.,13,12,92.3,ipag-ayos
128,Pakisabi mu na mu kaya na tumawag ya kaku nung libre na ya.,Pakisabi na lang sa kanya na tumawag siya sa akin kapag libre na siya.,13,12,92.3,tumawag
129,Mawalan kuryente king kekaming barangay kaya e ku nakadalo king online meeting.,Nawalan ng kuryente sa aming barangay kaya hindi ako nakadalo sa online meeting.,12,10,83.3,"mawalan, nakadalo"
130,E na pesibatan ing telepono uling atiu ya king kalibudtaran ning pamagmaneho.,Hindi niya sinagot ang telepono dahil nasa gitna siya ng pagmamaneho.,12,10,83.3,"pesibatan, pamagmaneho"
131,I-save mu ing file king USB drive bayu mu patdan ing kompyuter.,I-save mo ang file sa USB drive bago mo patayin ang kompyuter.,12,12,100.0,
132,Nagkaroon problem king koneksyon ning internet kaya nabitin ing kekaming presentasyon.,Nagkaroon ng problema sa koneksyon ng internet kaya nabitin ang aming presentasyon.,11,8,72.7,"nagkaroon, nabitin, presentasyon"
133,Kailangan tamung i-update ing software ning kekatamung laptop ngening linggu.,Kailangan nating i-update ang software ng ating mga laptop ngayong linggo.,10,10,100.0,
134,Nakatanggap kung abiso tungkul king bayung iskedyul ning kekatamung pagsusulit.,Nakatanggap ako ng abiso tungkol sa bagong iskedyul ng ating pagsusulit.,10,7,70.0,"nakatanggap, iskedyul, pagsusulit"
135,Magpadala ing HR kopya ning kontrata king kekang email address.,Magpapadala ang HR ng kopya ng kontrata sa iyong email address.,10,10,100.0,
136,Naka-mute ing kekang mikropono kaya e ka mi naririnig.,Naka-mute ang iyong mikropono kaya hindi ka namin naririnig.,9,7,77.8,"naka-mute, mikropono"
137,Inilipat ing oras ning kekaming pagpupulong king ganap a alas tres ning gatpanapun.,Inilipat ang oras ng aming pagpupulong sa ganap na alas tres ng hapon.,13,11,84.6,"inilipat, pagpupulong"
138,Gagamitan tamu ing bayung aplikasyon para king pamagsubaybay king kekaming proyekto.,Gagamitin natin ang bagong aplikasyon para sa pagsubaybay sa aming mga proyekto.,11,9,81.8,"aplikasyon, pamagsubaybay"
139,E gagana ing printer king ikatlong palapag kaya king lalam ku nagpalimbag.,Hindi gumagana ang printer sa ikatlong palapag kaya sa baba ako nagpalimbag.,12,11,91.7,nagpalimbag
140,Paki-attach ing resume at cover letter king kekang aplikasyon.,Paki-attach ang resume at cover letter sa iyong aplikasyon.,9,6,66.7,"paki-attach, resume, aplikasyon"
141,Megpadala ya i boss paalala tungkul king deadline ning kekatamung proyekto.,Nagpadala si boss ng paalala tungkol sa deadline ng ating proyekto.,11,10,90.9,megpadala
142,Mabilis ing internet speed king bayung opisina kumpara king sadya gusali.,Mabilis ang internet speed sa bagong opisina kumpara sa dating gusali.,11,11,100.0,
143,I-download mu muna ing aplikasyon bayu ka magrehistro ning account.,I-download mo muna ang aplikasyon bago ka magrehistro ng account.,10,8,80.0,"aplikasyon, magrehistro"
144,Kalingwan ku ing password ning kakung email kaya kailangan ku itong i-reset.,Nakalimutan ko ang password ng aking email kaya kailangan ko itong i-reset.,12,11,91.7,i-reset
145,Nagkaroon kaming maikling oryentasyon para kadagting bayung empleyado.,Nagkaroon kami ng maikling oryentasyon para sa mga bagong empleyado.,8,4,50.0,"nagkaroon, maikling, oryentasyon, kadagting"
146,Masanting ing ibinigay a feedback ning kliyente king kekatamung huling ulat.,Maganda ang ibinigay na feedback ng kliyente sa ating huling ulat.,11,10,90.9,huling
147,Pakisara ing laptop pagka-yari mung gamitan ban makatipid king baterya.,Pakisara ang laptop pagkatapos mong gamitin para makatipid sa baterya.,10,8,80.0,"pagka-yari, baterya"
148,Naka-record ing buung online conference para kadagting e nakadalo.,Naka-record ang buong online conference para sa mga hindi nakadalo.,9,6,66.7,"naka-record, kadagting, nakadalo"
149,Kailangan tamung linawin ding probisyon king kontrata bayu tamu ini pirmahan.,Kailangan nating linawin ang mga probisyon sa kontrata bago natin ito pirmahan.,11,9,81.8,"linawin, pirmahan"
150,Inayos ning IT team ing problema king server king kilub mu ning panying oras.,Inayos ng IT team ang problema sa server sa loob lamang ng isang oras.,14,13,92.9,panying
151,Magkanu ing pamasahe ibat keni anggang SM Pampanga?,Magkano ang pamasahe mula rito papuntang SM Pampanga?,8,7,87.5,pamasahe
152,Sumakay kami king jeep papuntang palengke ban sumali king prutas.,Sumakay kami ng jeep papuntang palengke para bumili ng mga prutas.,10,9,90.0,sumakay
153,Nukarin ing sakayan ning bus papuntang Maynila?,Saan ang sakayan ng bus papuntang Maynila?,7,6,85.7,sakayan
154,Lumiko ka king kaili pagdatang mu king tutuntung kanto.,Lumiko ka sa kaliwa pagdating mo sa kasunod na kanto.,9,6,66.7,"lumiko, tutuntung, kanto"
155,Malapit ya mu ing istasyon ning tren ibat king kekaming opisina.,Malapit lang ang istasyon ng tren mula sa aming opisina.,11,10,90.9,istasyon
156,Nalate kami king biyahe uling king matindi trapiko king express way.,Nalate kami sa biyahe dahil sa matinding trapiko sa express way.,11,9,81.8,"nalate, trapiko"
157,Mag-ingat ka king pamagtawid king dalan lalo na nung bengi.,Mag-ingat ka sa pagtawid sa kalsada lalo na kapag gabi.,10,8,80.0,"mag-ingat, pamagtawid"
158,Pilang oras ing biyahe ibat Angeles papuntang Baguio?,Ilang oras ang biyahe mula Angeles papuntang Baguio?,8,8,100.0,
159,Pumara ka king tabi ning gasolinahan pagdatang tamu karin.,Pumara ka sa tabi ng gasolinahan pagdating natin doon.,9,7,77.8,"pumara, gasolinahan"
160,Kalingwan ku ing kakung pamasahe king bale kaya nagbalik ku.,Nakalimutan ko ang aking pamasahe sa bahay kaya bumalik ako.,10,8,80.0,"pamasahe, nagbalik"
161,Sumakay kaming tricycle uling masyadong malayu nung lalakaran.,Sumakay kami ng tricycle dahil masyadong malayo kung lalakarin.,8,6,75.0,"sumakay, malayu"
162,Diretsuwan mu ing dalan a ini anggang akit mu ing simbahan.,Diretsuhin mo ang daang ito hanggang makita mo ang simbahan.,11,10,90.9,diretsuwan
163,Atiu king arap ning pampublikong palengke ing paradahan ning jeep.,Nasa harap ng pampublikong palengke ang paradahan ng jeep.,10,9,90.0,pampublikong
164,Na-delay ing lipad ning kekaming eroplano uling king masakit a panahon.,Na-delay ang lipad ng aming eroplano dahil sa masamang panahon.,11,8,72.7,"na-delay, lipad, eroplano"
165,Kailangan tamung sumali tiket bayu lumub king istasyon ning tren.,Kailangan nating bumili ng tiket bago pumasok sa istasyon ng tren.,10,8,80.0,"lumub, istasyon"
166,Meg-book kung saskyan gamit ing ride-hailing app king kakung telepono.,Nag-book ako ng sasakyan gamit ang ride-hailing app sa aking telepono.,10,7,70.0,"meg-book, saskyan, ride-hailing"
167,Atin gaganapan a dalan kaya mabagal ing daloy ning saskyan.,May ginagawang kalsada kaya mabagal ang daloy ng mga sasakyan.,10,8,80.0,"daloy, saskyan"
168,Nukarin ing pekamalapit a gasoline station king lugar a ini?,Saan ang pinakamalapit na gasoline station sa lugar na ito?,10,10,100.0,
169,Sumakay la king huling biyahe ning bus napun bengi ban makamuli.,Sumakay sila sa huling biyahe ng bus kagabi para makauwi.,11,8,72.7,"sumakay, huling, makamuli"
170,Mawala ing kakung pitaka kabang sasakay king pampublikong saskyan.,Nawala ang aking pitaka habang sumasakay sa pampublikong sasakyan.,9,6,66.7,"sasakay, pampublikong, saskyan"
171,Ihanda mu ing kekang barya para king pamasahe bayu sumakay.,Ihanda mo ang iyong barya para sa pamasahe bago sumakay.,10,7,70.0,"ihanda, pamasahe, sumakay"
172,Atin alternatibong dalan wari ban maiwasan ing trapiko king highway?,May alternatibong daan ba upang maiwasan ang trapiko sa highway?,10,7,70.0,"alternatibong, maiwasan, trapiko"
173,Miras kami king kekaming destinasyon nang ligtas at maayos.,Nakarating kami sa aming destinasyon nang ligtas at maayos.,9,8,88.9,destinasyon
174,Lumawe ka king kaili at wanan bayu ka tumawid king dalan.,Tumingin ka sa kaliwa at kanan bago ka tumawid sa kalsada.,11,10,90.9,tumawid
175,Mas mabilis ing lakad nung gumamit kang shortcut king looban.,Mas mabilis ang lakad kapag gumagamit ka ng shortcut sa looban.,10,9,90.0,looban
176,Minum kang dakal a danum at magpaynawa ka ban kumayap ing lagnat mu.,Uminom ka ng maraming tubig at magpahinga ka para gumaling ang lagnat mo.,13,13,100.0,
177,Masyadong mapali ing panahon ngeni kaya mas masanting manatili king kilub bale.,Sobrang init ng panahon ngayon kaya mas magandang manatili sa loob ng bahay.,12,12,100.0,
178,"Baka muran potang gatpanapun, kaya magdala kang payung.","Baka umulan mamayang hapon, kaya magdala ka ng payong.",8,8,100.0,
179,Minta ya king ospital inyang milabas a linggu ban magpacheck-up.,Pumunta siya sa ospital noong isang linggo para magpacheck-up.,10,9,90.0,magpacheck-up
180,Manyaman maglakad-lakad king parke nung maaliwalas ing banua.,Masarap maglakad-lakad sa parke kapag maaliwalas ang kalangitan.,8,8,100.0,
181,Kailangan tamung mangan masustansyang pamangan ban lumakas ing kekatamung katawan.,Kailangan nating kumain ng masustansyang pagkain upang lumakas ang ating katawan.,10,8,80.0,"masustansyang, lumakas"
182,Minum yang gamot pagka-yari mangan apagto.,Uminom siya ng gamot pagkatapos kumain ng tanghalian.,6,4,66.7,"pagka-yari, apagto"
183,Napakamarim ning angin ibat king bundok balang maagang abak.,Napakalamig ng hangin mula sa bundok tuwing maagang umaga.,9,7,77.8,"napakamarim, maagang"
184,Meglinis kaming mula ban maiwasan ing pagdami ning lamok.,Naglinis kami ng bakuran upang maiwasan ang pagdami ng lamok.,9,6,66.7,"maiwasan, pagdami, lamok"
185,Magdala kang jacket uling marim king kilub ning silid-aralan.,Magdala ka ng jacket dahil malamig sa loob ng silid-aralan.,9,8,88.9,marim
186,Masustansya ding sariwang gule a nabili tamu king pamilihan.,Masustansya ang mga sariwang gulay na nabili natin sa pamilihan.,9,8,88.9,nabili
187,Sumakit ing kayang atyan uling king kinain niyang maanghang a pamangan.,Sumakit ang kanyang tiyan dahil sa kinain niyang maanghang na pagkain.,11,9,81.8,"kinain, maanghang"
188,Magsuot silang raincoat uling king masikan a buhos ning uran.,Nagsuot sila ng raincoat dahil sa malakas na buhos ng ulan.,10,7,70.0,"magsuot, raincoat, buhos"
189,Ipinayo ning doktor na mag-ehersisyo kami ng tatlong beses king panying linggu.,Ipinayo ng doktor na mag-ehersisyo kami ng tatlong beses sa isang linggo.,12,9,75.0,"ipinayo, mag-ehersisyo, panying"
190,Megtanim kaming punong-kahoy king gilid ning bundok ban maiwasan ing albug.,Nagtanim kami ng mga punong-kahoy sa gilid ng bundok upang maiwasan ang baha.,11,8,72.7,"megtanim, punong-kahoy, maiwasan"
191,Mabango ing amoy ning bulaklak a namumukadkad king hardin.,Mabango ang amoy ng mga bulaklak na namumukadkad sa hardin.,9,7,77.8,"mabango, namumukadkad"
192,Kailangan mung matudtud walong oras balang bengi para king kekang kalusugan.,Kailangan mong matulog nang walong oras bawat gabi para sa iyong kalusugan.,11,10,90.9,walong
193,Maliwanag ing sikat ning aldo kaya mabilis dang natuyo ding imalan.,Maliwanag ang sikat ng araw kaya mabilis na natuyo ang mga damit.,11,10,90.9,natuyo
194,Iwasan ing masyadong matatamis a inumin ban e tumaas ing sugar level.,Iwasan ang masyadong matatamis na inumin para hindi tumaas ang sugar level.,12,10,83.3,"matatamis, tumaas"
195,Masanting magpa-checkup king dentista aduang beses king panying banua.,Magandang magpa-checkup sa dentista dalawang beses sa isang taon.,9,7,77.8,"magpa-checkup, panying"
196,Umihip ing masikan a angin bayu dumatang ing bagyo.,Umihip ang malakas na hangin bago dumating ang bagyo.,9,7,77.8,"umihip, dumatang"
197,Manyaman minum mainit a tsokolate nung maulan ing panahon.,Masarap uminom ng mainit na tsokolate kapag maulan ang panahon.,9,8,88.9,maulan
198,Meglagay kaming sunscreen bayu muna king dalampasigan.,Naglagay kami ng sunscreen bago pumunta sa dalampasigan.,7,5,71.4,"meglagay, sunscreen"
199,Inalilan ning doktor ing reseta ning kayang gamot king mata.,Pinalitan ng doktor ang reseta ng kanyang gamot sa mata.,10,9,90.0,reseta
200,Ing malinis a angin king lalawigan ay nakakatulong king mabilis a pamagkayap.,Ang malinis na hangin sa lalawigan ay nakakatulong sa mabilis na paggaling.,12,10,83.3,"nakakatulong, pamagkayap"
201,E ku makatipa king pamiantabe bukas uling atin kung mahalagang kailangang ayari.,Hindi ako makakadalo sa pagpupulong bukas dahil may mahalaga akong kailangang tapusin.,12,10,83.3,"makatipa, pamiantabe"
202,Ikit me ba ing susi a lewan ku king babaw ning lamesa?,Nakita mo ba ang susi na iniwan ko sa ibabaw ng lamesa?,12,10,83.3,"lewan, babaw"
203,"Bayu linub ing guro, manalon la ring estudyante king video king karelang cellphone.","Bago pumasok ang guro, nanonood ang mga estudyante ng video sa kanilang cellphone.",13,11,84.6,"guro, manalon"
204,Alang kuryente king kekaming barangay ketang metung a bengi inya e kami nakapagaral.,Walang kuryente sa aming barangay noong isang gabi kaya hindi kami nakapag-aral.,13,12,92.3,nakapagaral
205,"Nung atin kang kailangan, sabyan mu agad kanaku ba daka asopan.","Kung may kailangan ka, sabihin mo agad sa akin para matulungan kita.",11,11,100.0,
206,Ing kotse a sinali ning kapatad ku matipid ya king gasolina.,Ang kotse na binili ng kapatid ko ay napakatipid sa gasolina.,11,11,100.0,
207,Ali mu bubuksan ing awang kabang muran nang masikan.,Huwag mong buksan ang bintana habang umuulan nang malakas.,9,8,88.9,bubuksan
208,E ne pekibatan ing telepono agyang limang beses kung tinawag.,Hindi niya sinagot ang telepono kahit limang beses akong tumawag.,10,10,100.0,
209,Mas bisa kung maglakad pauli kaysa sumakai king bus nung gatpanapun.,Mas gusto kong maglakad pauwi kaysa sumakay ng bus kapag hapon.,11,10,90.9,sumakai
210,Ila ring taung sinopa kekami nang masira ing sasakyan mi.,Sila ang mga taong tumulong sa amin nang masira ang aming sasakyan.,10,8,80.0,"sinopa, sasakyan"
211,Kailangan tamung mako nang maaga ba tayung e abutanan ning trapik.,Kailangan nating umalis nang maaga upang hindi tayo maabutan ng trapik.,11,9,81.8,"maaga, abutanan"
212,Magluto ya i Maria ning apunan samantalang maglinis ya king bakuran i Juan.,Nagluluto si Maria ng hapunan samantalang naglilinis ng bakuran si Juan.,13,12,92.3,magluto
213,Atin bang makatagung pera king lalam ning palaman a yan?,May nakatagong pera ba sa ilalim ng unan na iyan?,10,9,90.0,makatagung
214,Kabud ku pa mengan tanghali nang dinatang ing bisita.,Kakakain ko lang ng tanghalian nang dumating ang bisita.,9,8,88.9,tanghali
215,E ku atandanan nung nukarin ke inabili ing salamin ku.,Hindi ko maaalala kung saan ko nailagay ang aking salamin.,10,9,90.0,inabili
216,Ing proyektong gewa tamu ketang metung a duminggu na-approban ne ning boss.,Ang proyektong ginawa natin noong nakaraang linggo ay naapprobahanan na ng boss.,12,10,83.3,"proyektong, na-approban"
217,"Kaibat nang mininum gamut, nakaramdam yang kabawasan.","Matapos niyang makainom ng gamot, nakaramdam siya ng ginhawa.",7,6,85.7,kabawasan
218,Obakit e ka pa rin magpadala mensahe king keka mong pamilya?,Bakit hindi ka pa rin nagpapadala ng mensahe sa iyong pamilya?,11,11,100.0,
219,Isalikut mu ring babasaging basu ba silang e mabasa kareng anak.,Itago mo ang mga babasaging baso para hindi mabasag ng mga bata.,11,10,90.9,babasaging
220,"Agyang napagal kami king biyahe, me-enjoy kami pa rin king bakasyon.","Kahit na napagod kami sa biyahe, nag-enjoy pa rin kami sa bakasyon.",11,8,72.7,"napagal, me-enjoy, bakasyon"
221,Ninu ing lalaking makatalakad king lele ning pasbul?,Sino ang lalaking nakatayo sa tabi ng pintuan?,8,8,100.0,
222,Alang ninuman ing makabalu nung kapilan mayari ing kumpuni king dalan.,Walang sinuman ang nakakaalam kung kailan matatapos ang kumpuni sa kalye.,11,10,90.9,kumpuni
223,Mas mabilis yang maglakad i Pedro kaysa kay Juan uling kayaba ring binti na.,Mas mabilis maglakad si Pedro kaysa kay Juan dahil mahaba ang kanyang binti.,14,12,85.7,"kayaba, binti"
224,E pa nabayaran ing bill king kuryente inya naputulan silang sulu.,Hindi pa nababayaran ang bill sa kuryente kaya naputulan sila ng ilaw.,11,9,81.8,"nabayaran, naputulan"
225,Salian daka ng bagong sapatos potang makapasa ka king eksamen.,Bibilhan kita ng bagong sapatos kapag nakapasa ka sa eksamen.,10,7,70.0,"sapatos, makapasa, eksamen"
226,Akalingwan ning drayber ing magkarga gasulino bayu bumyahe.,Nakalimutan ng drayber na magkarga ng gasolina bago bumyahe.,8,5,62.5,"magkarga, gasulino, bumyahe"
227,Ing kompyuter a gagamitan ku king obra mabilis ya at bayu.,Ang kompyuter na ginagamit ko sa trabaho ay mabilis at bago.,11,11,100.0,
228,Ali ka lulumwal king bale kabang e pa titila ing uran.,Huwag kang lalabas ng bahay habang hindi pa tumitila ang ulan.,11,9,81.8,"lulumwal, titila"
229,Magaral yang Ingles aldo-aldo ba yang makapanintun magandang obra.,Nag-aaral siya ng Ingles araw-araw upang makahanap ng magandang trabaho.,9,8,88.9,makapanintun
230,Dakal a taung maghintay king kilwal ning bangko bayu pa ya mambukas.,Maraming taong naghihintay sa labas ng bangko bago pa ito magbukas.,12,10,83.3,"maghintay, mambukas"
231,E ku atanggap ing inaluk dang sweldo uling masyadong mababa.,Hindi ko matanggap ang inalok nilang sweldo dahil masyadong mababa.,10,9,90.0,sweldo
232,Ninu-ninu ring kayabe mung munta king palengke bukas king abak?,Sino-sino ang mga kasama mong pupunta sa palengke bukas ng umaga?,10,10,100.0,
233,"Bagaman mauran ing panahon, tinuloy pa rin ing palaro king barangay.","Bagaman maulan ang panahon, nagpatuloy pa rin ang palaro sa barangay.",11,8,72.7,"bagaman, tinuloy, palaro"
234,Inutos ning doktor a mininum siyang dakal a danum aldo-aldo.,Ipinag-utos ng doktor na uminom siya ng maraming tubig araw-araw.,10,9,90.0,inutos
235,Alang makapigil kekaming magkakaluguran a matupad ing kekaming pangarap.,Walang makakapigil sa aming magkaibigan na matupad ang aming mga pangarap.,9,7,77.8,"makapigil, magkakaluguran"
236,Binuksan ku ing radyo ba kung makiramdam balita tungkol king bagyo.,Binuksan ko ang radyo upang makinig ng balita tungkol sa bagyo.,11,11,100.0,
237,"Nung e ka mag-ingat, baka mawala ing pitaka mu.","Kung hindi ka mag-iingat, baka mawala ang iyong pitaka.",9,8,88.9,mag-ingat
238,Ing kaining inihanda ning apu manyaman ya sadyang-sadya.,Ang pagkaing inihanda ng lola ay napakasarap at malinamnam.,8,5,62.5,"kaining, inihanda, sadyang-sadya"
239,E pa rin daratang ing inorder kung kakanan ibat king restawran.,Hindi pa rin nakakarating ang inorder kong pagkain mula sa restawran.,11,11,100.0,
240,"Kaibat maglinis plato, manalon yang telebisyon king sala.","Matapos maghugas ng plato, nanood siya ng telebisyon sa sala.",8,7,87.5,manalon
241,Isanung sapatos ing gagamitan mu para king kasal king Sabado?,Aling sapatos ang gagamitin mo para sa kasal sa Sabado?,10,9,90.0,sapatos
242,Bisa kaming magpasalamat king sablang minabut tulong.,Nais naming magpasalamat sa lahat ng nag-abot ng tulong.,7,7,100.0,
243,Ali mu ipagkalat ing secret a ipinagkatiwala ku keka.,Huwag mong ipagkalat ang lihim na ipinagkatiwala ko sa iyo.,9,8,88.9,ipagkalat
244,"Kabang magluto ya i Inda, mag-ayos naman ing lamesa i Tata.","Habang nagluluto si Nanay, nag-aayos naman ng hapag-kainan si Tatay.",11,9,81.8,"magluto, mag-ayos"
245,E kami na nakapanood sine uling naubusan na ng tiket.,Hindi na kami nakapanood ng sine dahil naubusan na ng tiket.,10,8,80.0,"nakapanood, naubusan"
246,Atin kung ikit a asung gala a maglakad king arapan ning kekaming gate.,May nakita akong asong gala na naglalakad sa harap ng aming gate.,13,13,100.0,
247,"Nung bisitahan mu kami king Linggo, ipagluto daka ng paborito mung ulam.","Kung bibisitahin mo kami sa Linggo, ipagluluto kita ng paborito mong ulam.",12,11,91.7,ipagluto
248,E tamu pwedeng balewalain ing payu ring kekatamung pengari.,Hindi natin pwedeng balewalain ang payo ng ating mga magulang.,9,8,88.9,balewalain
249,Ing librung iniram ku king aklatan kailangang isubli bukas.,Ang librong hiram ko sa aklatan ay kailangang isauli bukas.,9,8,88.9,iniram
250,"Bayu mayari ing banwa, nagplano silang maglakbay king aliwang bansa.","Bago matapos ang taon, nagplano silang maglakbay sa ibang bansa.",10,9,90.0,nagplano
251,Sanay ne gumising nang maaga uling marayo ing kekang obran.,Sanay na siyang gumising nang maaga dahil malayo ang kanyang pinapasukan.,10,7,70.0,"sanay, maaga, marayo"
252,Obakit e me tinanggap ing aus ibat king bangko kanian abak?,Bakit hindi mo tinanggap ang tawag mula sa bangko kaninang umaga?,11,11,100.0,
253,"Sa tuwing muran, magluto ya i Apu ng mapaling sopas para kekami.","Sa tuwing umuulan, nagluluto si Lola ng mainit na sopas para sa amin.",12,11,91.7,magluto
254,Ala nang natagung kakanan king lamesa uling mengan na ring sabla.,Wala nang natirang pagkain sa mesa dahil kumain na ang lahat.,11,10,90.9,natagung
255,"Agyang nanung kasakit ing pagsusulit, subukan ke pa rin ipasa.","Kahit gaano kahirap ang pagsusulit, susubukan ko pa ring ipasa ito.",10,9,90.0,pagsusulit
256,Ipinasara ning kapitan ing dalan ba lang iwasan ring aksidente.,Ipinasara ng kapitan ang kalsada upang iwasan ang aksidente.,10,9,90.0,ipinasara
257,Mas bisa kung mininum tsaa kaysa magkape potang bengi.,Mas gusto kong uminom ng tsaa kaysa magkape kapag gabi.,9,9,100.0,
258,Ing lalaking mag-ayos sasakyan ya ing tata ning kakuluguran ku.,Ang lalaking nag-aayos ng sasakyan ay ang tatay ng aking kaibigan.,10,7,70.0,"mag-ayos, sasakyan, kakuluguran"
259,Ali mu tatalanan ing kalan uling mapali ya pa.,Huwag mong hawakan ang kalan dahil mainit pa ito.,9,9,100.0,
260,Atin kung ikit a magandang sapatos pero ala kung sapat a pera.,May nakita akong magandang sapatos pero wala akong sapat na pera.,12,11,91.7,sapatos
261,"Bayu ka munta king tindahan, gawan mu pa nung nanu ing kulang.","Bago ka pumunta sa tindahan, tingnan mo muna kung ano ang kulang.",12,12,100.0,
262,E ku namalayan a nakatutok na pala ing camera kanaku.,Hindi ko namalayan na nakatutok na pala ang camera sa akin.,10,9,90.0,namalayan
263,Ninu-ninu ring imbitado king keburitan ning kapatad mu king Linggo?,Sinu-sino ang mga imbitado sa kaarawan ng iyong kapatid sa Linggo?,10,8,80.0,"imbitado, keburitan"
264,Kailangan mung magpahinga nang mayap ba ka gumaling agad.,Kailangan mong magpahinga nang maayos upang gumaling ka agad.,9,7,77.8,"magpahinga, gumaling"
265,Ring anak a maglaro king dalan inaus la ning karelang ima.,Ang mga batang naglalaro sa kalye ay tinawag ng kanilang ina.,11,11,100.0,
266,Alang ninuman ing pwedeng lumub king kwarto nang alang pahintulot.,Walang sinuman ang pwedeng pumasok sa silid nang walang pahintulot.,10,7,70.0,"lumub, kwarto, pahintulot"
267,"Kaibat kung maglinis kotse, maglinis naman kung kwarto.","Pagkatapos kong maghugas ng kotse, naglinis naman ako ng kwarto.",8,7,87.5,kwarto
268,"Nung e sumikan ing uran, tuloy pa rin ing biyahe tamu.","Kung hindi lalakas ang ulan, tutuloy pa rin ang ating biyahe.",11,10,90.9,sumikan
269,E pa rin mayari ning tindero ing mag-ayos kareng paninda.,Hindi pa rin natatapos ng tindero ang pag-aayos ng mga paninda.,10,8,80.0,"tindero, mag-ayos"
270,Nukarin la ring dokumentong kailangan tamung pirmaan ngening gatpanapun?,Nasaan ang mga dokumentong kailangan nating lagdaan ngayong hapon?,9,7,77.8,"dokumentong, pirmaan"
271,Ali ka mag-alala uling sopalan daka king keka mong takdang-aralin.,Huwag kang mag-alala dahil tutulungan kita sa iyong takdang-aralin.,10,8,80.0,"sopalan, takdang-aralin"
272,Ila ring nagdala ng manyaman a kakanan para king salo-salo tamu.,Sila ang nagdala ng masarap na pagkain para sa ating salo-salo.,11,9,81.8,"nagdala, salo-salo"
273,Baka e ku makakayabe king panonood sine king Sabado.,Baka hindi ako makasama sa panonood ng sine sa Sabado.,9,8,88.9,panonood
274,Ing pusa a makakera king sofa mataba ya at matudtud.,Ang pusa na nakahiga sa sofa ay napakataba at matulugin.,10,9,90.0,sofa
275,"Bayu tamu magsimula, pakipatda mu pa ing kekayong cellphone.","Bago tayo magsimula, pakipatay muna ang inyong mga cellphone.",9,7,77.8,"pakipatda, kekayong"
276,Alang makakilala king lalaking linub king opisina kanian.,Walang nakakakilala sa lalaking pumasok sa opisina kanina.,8,8,100.0,
277,"Nung magaral kang mayap, tiyak a makapasa ka king eksamen.","Kung mag-aaral kang mabuti, tiyak na makakapasa ka sa eksamen.",10,8,80.0,"makapasa, eksamen"
278,E ku maibye ing hiningi mu uling ala ku kanini.,Hindi ko maibibigay ang hiningi mo dahil wala ako nito.,10,8,80.0,"maibye, hiningi"
279,"Kabang maghintay bus, magbasa ya i Ana ng libro king phone na.","Habang naghihintay ng bus, nagbabasa si Ana ng libro sa kanyang phone.",12,11,91.7,maghintay
280,Ninu ing meg-wan ng basung danum king babaw ning laptop?,Sino ang nag-iwan ng baso ng tubig sa ibabaw ng laptop?,10,8,80.0,"meg-wan, babaw"
281,Ipinagluto kami ni Inda ng paborito ming meryenda panaktak mi.,Ipinagluto kami ni Nanay ng paborito naming meryenda pagdating namin.,10,8,80.0,"ipinagluto, panaktak"
282,Mas maganda ing tanawin keni kaysa king kabilang bundok.,Mas maganda ang tanawin dito kaysa sa kabilang bundok.,9,8,88.9,tanawin
283,Ali mu kakalingwan magdala ng pambayad king kuryente bukas.,Huwag mong kalimutang magdala ng pambayad sa kuryente bukas.,9,8,88.9,pambayad
284,E pa sasagot ing kliyente king email a ipinadala ku nabang bengi.,Hindi pa sumasagot ang kliyente sa email na ipinadala ko kagabi.,12,10,83.3,"ipinadala, nabang"
285,"Kaibat nang akua ing lisensya na, sinali agad yang motor.","Matapos niyang makuha ang kanyang lisensya, bumili agad siya ng motor.",10,10,100.0,
286,Nukarin mung bisang mangan apunan kaibat ning obra?,Saan mo gustong kumain ng hapunan pagkatapos ng trabaho?,8,8,100.0,
287,Alang masyadong tau king mall uling maaga pa.,Walang masyadong tao sa mall dahil maaga pa.,8,7,87.5,maaga
288,"Nung atin kang kutan, ali ka mag-atubiling magkutan king guro.","Kung may katanungan ka, huwag kang mag-atubiling magtanong sa guro.",10,6,60.0,"kutan, mag-atubiling, magkutan, guro"
289,Ring imalan a ini para kareng naapektuhan ning bagyo.,Ang mga damit na ito ay para sa mga naapektuhan ng bagyo.,9,8,88.9,naapektuhan
290,E tamu matayari ing obra nung e tamu magtulungan.,Hindi natin matatapos ang gawain kung hindi tayo magtutulungan.,9,7,77.8,"matayari, magtulungan"
291,Obakit e ka pa magsalita king manager mu tungkol king sweldo?,Bakit hindi ka pa nakikipag-usap sa iyong manager tungkol sa sweldo?,11,10,90.9,sweldo
292,"Bayu lumub king opisina, kailangang magpa-temperature check ing sabla.","Bago pumasok sa opisina, kailangang magpa-temperature check ang lahat.",9,7,77.8,"lumub, magpa-temperature"
293,Dakal a manyaman a kakanan king lele ning kekaming eskwelahan.,Maraming masasarap na kainan sa tabi ng aming eskwelahan.,10,10,100.0,
294,Ali mu lalewan ing anak nang alang kayabe king bale.,Huwag mong iiwanan ang bata nang walang kasama sa bahay.,10,9,90.0,lalewan
295,Ipinagpaliban ing laro uling king masikan a uran at angin.,Ipinagpaliban ang laro dahil sa malakas na ulan at hangin.,10,9,90.0,ipinagpaliban
296,"Agyang bengi na, maglakad ya pa rin pauli ibat king obra.","Kahit na gabi na, naglalakad pa rin siya pauwi galing sa trabaho.",11,11,100.0,
297,Ninu ing nagpadala keka ng magandang bulaklak a yan?,Sino ang nagpadala sa iyo ng magagandang bulaklak na iyan?,9,8,88.9,nagpadala
298,"Nung ayari tamu ini agad, makapanood tamung sine pota.","Kung matatapos natin ito agad, makakapanood tayo ng sine mamaya.",9,8,88.9,makapanood
299,E ku nagustuhan ing rasa ning kakanan in-order mu king app.,Hindi ko nagustuhan ang lasa ng pagkaing in-order mo sa app.,11,8,72.7,"nagustuhan, rasa, in-order"
300,Ring librung ini kailangang isubli king aklatan bayu mag-Biyernes.,Ang mga librong ito ay kailangang ibalik sa aklatan bago mag-Biyernes.,9,8,88.9,mag-biyernes
301,E ku napanood ing tawling dake ning sine uling mekatudtud ku.,Hindi ko napanood ang huling bahagi ng sine dahil nakatulog ako.,11,9,81.8,"napanood, mekatudtud"
302,Subukan mung buksan pasibayu ing laptop kaibat mung i-charge ng apulung minuto.,Subukang buksan uli ang laptop pagkatapos mong i-charge nang sampung minuto.,12,10,83.3,"buksan, i-charge"
303,Ninu ing tinawag keka kabang magmaneho ka?,Sino ang tumawag sa iyo habang nagmamaneho ka?,7,6,85.7,magmaneho
304,Baka e daratang ing parcel ngening aldo uling muran.,Baka hindi dumating ang parcel ngayong araw dahil umuulan.,9,9,100.0,
305,Ing gamut a inireseta ning doktor kailangang inuman kaibat mangan.,Ang gamot na inireseta ng doktor ay kailangang inumin pagkatapos kumain.,10,9,90.0,inireseta
306,Alang signal ing cellphone ku inya e daka ma-text.,Walang signal ang cellphone ko kaya hindi kita ma-text.,9,8,88.9,ma-text
307,Mas mayap nung magdala kang payung ba ka e mabasa.,Mas maganda kung magdadala ka ng payong para hindi ka mabasa.,10,10,100.0,
308,Kapilan mu isubli ing librung iniram mu kanaku?,Kailan mo ibabalik ang librong hiniram mo sa akin?,8,7,87.5,iniram
309,E pa nakakabit ing bayung Wi-Fi king kekaming bale.,Hindi pa nakakabit ang bagong Wi-Fi sa aming bahay.,9,8,88.9,nakakabit
310,"Kabang maghintay kaming jeep, mengan kami pa ng meryenda.","Habang naghihintay kami ng jeep, kumain muna kami ng meryenda.",9,8,88.9,maghintay
311,Ipinasa ne ing report bayu ing deadline agyang dakal ya gawan.,Ipinasa niya ang report bago ang deadline kahit marami siyang ginagawa.,11,10,90.9,ipinasa
312,Atin meg-wan ng basung kape king lele ning keyboard.,May nag-iwan ng baso ng kape sa tabi ng keyboard.,9,8,88.9,meg-wan
313,Ali mu kakalingwan i-lock ing pasbul bayu ka matudtud.,Huwag mong kalimutang i-lock ang pinto bago ka matulog.,9,9,100.0,
314,"Nung atin kang oras ngening gatpanapun, pwede daka bang kausap?","Kung may oras ka ngayong hapon, pwede ba kitang makausap?",10,9,90.0,kausap
315,Ing restawran a pinakainan tamu ketang metung a duminggu makasara ne.,Ang restawran na pinakainan natin noong isang linggo ay sarado na.,11,10,90.9,pinakainan
316,E ku makamunta king party uling kailangan kung mag-alaga king kapatad ku.,Hindi ako makakapunta sa party dahil kailangan kong mag-alaga ng kapatid ko.,12,10,83.3,"makamunta, mag-alaga"
317,Obakit ali mu bisang kahanan ing gulay a linuto ni Inda?,Bakit ayaw mong kainin ang gulay na niluto ni Nanay?,11,8,72.7,"kahanan, gulay, linuto"
318,"Kaibat maglinis kwarto, megaral ya agad para king pagsusulit.","Pagkatapos maglinis ng kwarto, nag-aral agad siya para sa pagsusulit.",9,7,77.8,"kwarto, pagsusulit"
319,Dakal a taung pumila ba silang sali ng bayung model ning phone.,Maraming taong pumila para bumili ng bagong model ng phone.,12,12,100.0,
320,"Ali ka mag-alala, e ku sabyan agyang kaninu ing sinabi mu.","Huwag kang mag-alala, hindi ko sasabihin kahit kanino ang sinabi mo.",11,11,100.0,
321,Naibenta ne ba ing lumang kotse a nakaparada king garahe?,Naibenta na ba ang lumang kotse na nakaparada sa garahe?,10,7,70.0,"naibenta, nakaparada, garahe"
322,"Nung makatanggap kung maaga, ihanda ku ring gagamitan king meeting.","Kung makakarating ako nang maaga, ihahanda ko ang mga gagamitin sa meeting.",10,8,80.0,"maaga, ihanda"
323,E mi kayang ayari ing sablang obra nang mag-isa mu.,Hindi namin kayang tapusin ang lahat ng trabaho nang mag-isa lang.,10,9,90.0,mag-isa
324,Obakit e ka pa magpalit ng imalan kaibat mung mag-ehersisyo?,Bakit hindi ka pa nagpapalit ng damit pagkatapos mong mag-ehersisyo?,10,9,90.0,mag-ehersisyo
325,Ing gurong magturo ng Matematika mabait ya sadyang-sadya kareng estudyante.,Ang guro na nagtuturo ng Matematika ay napakamabait sa mga mag-aaral.,10,8,80.0,"gurong, sadyang-sadya"
326,Ipinagluto kami ning kekaming tita ng manyaman a tanghali ketang Linggo.,Ipinagluto kami ng aming tita ng masarap na tanghalian noong Linggo.,11,9,81.8,"ipinagluto, tanghali"
327,Alang available a mesa king kilub inya king kilwal kami megluklok.,Walang available na mesa sa loob kaya sa labas kami umupo.,11,10,90.9,megluklok
328,Ali mu lalewan ing asu a lumwal king bakuran.,Huwag mong hahayaan ang aso na lumabas ng bakuran.,9,8,88.9,lalewan
329,"Kabang mag-inspeksyon ing boss, mabilis lang megligpit ng gamit ring empleyado.","Habang nag-iinspeksyon ang boss, mabilis na nagligpit ng gamit ang mga empleyado.",11,9,81.8,"mag-inspeksyon, megligpit"
330,Baka akalingwan mung dalan ing passport mu potang magmadali ka.,Baka makalimutan mong dalhin ang passport mo kapag nagmadali ka.,10,9,90.0,magmadali
331,Ninu ing may-ari ning matuling a bag a lewan king luklukan?,Sino ang may-ari ng itim na bag na naiwan sa upuan?,11,10,90.9,lewan
332,"Bayu kami lumipat king bayung bale, nagbawas kami pa ng lumang gamit.","Bago kami lumipat sa bagong bahay, nagbawas muna kami ng lumang gamit.",12,11,91.7,nagbawas
333,E ne nagustuhan ning customer ing serbisyo king hotel inya megreklamo ya.,Hindi nagustuhan ng customer ang serbisyo sa hotel kaya nagreklamo siya.,12,10,83.3,"nagustuhan, megreklamo"
334,"Bagaman bengi na, dakal pa ring sasakyan ing daralan king highway.","Bagaman gabi na, marami pa ring sasakyan ang dumadaan sa highway.",11,9,81.8,"bagaman, sasakyan"
335,Kailangan mung ipasa ring papeles bayu mag-alas singko ning gatpanapun.,Kailangan mong ipasa ang mga papeles bago mag-alas singko ng hapon.,10,10,100.0,
336,Ing anak a nawalan ng baon sinopan ne ning kekang kaklase.,Ang bata na nawalan ng baon ay tinulungan ng kanyang kaklase.,11,10,90.9,nawalan
337,Ali ka magdala ng dakal a gamit ba ka e mabigatan.,Huwag kang magdadala ng maraming gamit para hindi ka mabigatan.,11,10,90.9,mabigatan
338,Akalingwan ku nung nukarin ke inabili ing resibo ning sinali kung gamut.,Nakalimutan ko kung saan ko itinago ang resibo ng binili kong gamot.,12,11,91.7,inabili
339,Mas mabilis sumakai king tren kaysa mag-bus potang rush hour.,Mas mabilis sumakay ng tren kaysa mag-bus kapag rush hour.,10,8,80.0,"sumakai, mag-bus"
340,Ala kaming maipangakong tulong habang e pa sigurado ing badyet.,Wala kaming maipapangakong tulong hangga't hindi pa sigurado ang badyet.,10,8,80.0,"maipangakong, badyet"
341,Atin bang makakilala king lalaking menkutan ng direksyon kanian?,May nakakilala ba sa lalaking nagtanong ng direksyon kanina?,9,8,88.9,menkutan
342,"Kabang magaral ya i Ana, makiramdam yang musikang pampatulo ng antok.","Habang nag-aaral si Ana, nakikinig siya ng musikang pampatulo ng antok.",11,9,81.8,"pampatulo, antok"
343,E pa nareresolba ing problema king danum king kekaming subdivision.,Hindi pa nareresolba ang problema sa tubig sa aming subdivision.,10,9,90.0,nareresolba
344,Ipinasundo ni Tata ing kekaming bisita gagamit ing bayung sasakyan.,Ipinasundo ni Tatay ang aming bisita gamit ang bagong sasakyan.,10,8,80.0,"ipinasundo, sasakyan"
345,Obakit ali mu bisang magpacheck-up king doktor agyang masakit ing buntuk mu?,Bakit ayaw mong magpacheck-up sa doktor kahit masakit ang iyong ulo?,12,11,91.7,magpacheck-up
346,"Nung e ka mangan abak, mahilo ka king kalagitnaan ning klase.","Kung hindi ka kakain ng agahan, mahihilo ka sa kalagitnaan ng klase.",11,9,81.8,"mahilo, kalagitnaan"
347,Ing sapatos a gagamitan ku king pagtakbo sira-sira ne.,Ang sapatos na ginagamit ko sa pagtakbo ay sirang-sira na.,9,6,66.7,"sapatos, pagtakbo, sira-sira"
348,Ali mu bubuksan ing aircon nung makabukas ya pa ing awang.,Huwag mong buksan ang aircon kung nakabukas pa ang bintana.,11,8,72.7,"bubuksan, aircon, makabukas"
349,"Bayu sumakai king eroplano, kailangang ipakit ing boarding pass at ID.","Bago sumakay ng eroplano, kailangang ipakita ang boarding pass at ID.",11,9,81.8,"sumakai, eroplano"
350,E ku na uulit king kakanan a yan uling mabagal ing serbisyo.,Hindi na ako uulit sa kainang iyon dahil mabagal ang serbisyo.,12,11,91.7,uulit
351,Ila ring nag-ayos ning nasirang bubong ning kekaming bale ketang metung a bulan.,Sila ang nag-ayos ng nasirang bubong ng aming bahay noong isang buwan.,13,11,84.6,"nag-ayos, nasirang"
352,Dakal a estudyante ing dumalo king seminar agyang mauran ing abak.,Maraming estudyante ang dumalo sa seminar kahit maulan ang umaga.,11,11,100.0,
353,Alang pwedeng lumub king gusali potang lagpas na ng alas nuwebe.,Walang pwedeng pumasok sa gusali kapag lagpas na ng alas nuwebe.,11,9,81.8,"lumub, nuwebe"
354,Bisa kung ipaalam keka a natanggap mi na ing keka mong aplikasyon.,Nais kong ipaalam sa iyo na natanggap na namin ang iyong aplikasyon.,12,9,75.0,"ipaalam, natanggap, aplikasyon"
355,Obakit e mu tinuki ing panuto a nakasulat king kahon?,Bakit hindi mo sinunod ang panuto na nakasulat sa kahon?,10,9,90.0,nakasulat
356,"Kabang maglakad king parke, mekit kaming magandang ibon king punu.","Habang naglalakad sa parke, nakakita kami ng magandang ibon sa puno.",10,9,90.0,mekit
357,"Nung e uling king tulong mu, e ku atayari ing proyektong ini.","Kung hindi dahil sa tulong mo, hindi ko matatapos ang proyektong ito.",12,10,83.3,"atayari, proyektong"
358,Ing lalaking magmaneho ng kule pulang kotse ya ing kekaming kapitbahay.,Ang lalaking nagmamaneho ng kulay pulang kotse ay ang aming kapitbahay.,11,9,81.8,"magmaneho, kapitbahay"
359,Ali mu lalewan ing laptop a nakasaksak king kuryente ng buong bengi.,Huwag mong iiwan ang laptop na nakasaksak sa kuryente nang buong gabi.,12,10,83.3,"lalewan, nakasaksak"
360,E ku bisang makipag-away inya megnahimik ku mu.,Hindi ko nais na makipag-away kaya nanahimik na lamang ako.,8,6,75.0,"makipag-away, megnahimik"
361,Atin makatagung susi king lalam ning paso para king emergency.,May nakatagong susi sa ilalim ng paso para sa emergency.,10,9,90.0,makatagung
362,"Bayu mayari ing bulan, kailangan tamung magbayad ng renta king bale.","Bago matapos ang buwan, kailangan nating magbayad ng renta sa bahay.",11,10,90.9,magbayad
363,Ninu ing kinalap ning librung inabili ku king babaw ning cabinet?,Sino ang kumuha ng librong inilagay ko sa ibabaw ng cabinet?,11,8,72.7,"kinalap, inabili, babaw"
364,E pa la ba mengan ring bisita a dinatang kanian tanghali?,Hindi pa ba kumakain ang mga bisita na dumating kaninang tanghali?,11,10,90.9,tanghali
365,"Kaibat nang megaral king kolehiyo, megnintun yang agad obra king Maynila.","Pagkatapos niyang mag-aral sa kolehiyo, naghanap agad siya ng trabaho sa Maynila.",11,10,90.9,megnintun
366,"Bagaman maikli ing panahon ning paghahanda, meging matagumpay ing programa.","Bagaman maikli ang panahon ng paghahanda, naging matagumpay ang programa.",10,6,60.0,"bagaman, maikli, paghahanda, matagumpay"
367,Mas bisa yang magbasa libro kaysa manalon telebisyon potang bengi.,Mas gusto niyang magbasa ng libro kaysa manood ng telebisyon sa gabi.,10,9,90.0,manalon
368,Alang ninuman king kekaming pamilya ing makabalu king kekang bayung address.,Walang sinuman sa aming pamilya ang nakakaalam ng kanyang bagong address.,11,11,100.0,
369,Ali mu gagamitan ing sasakyan kabang ala pa pahintulot ni Tata.,Huwag mong gagamitin ang sasakyan habang wala pang pahintulot ni Tatay.,11,9,81.8,"sasakyan, pahintulot"
370,Baka maantala ing biyahe ning bus uling king kumpuni king tulay.,Baka maantala ang biyahe ng bus dahil sa maayos na kumpuni sa tulay.,11,10,90.9,kumpuni
371,Ing kakanan a inorder tamu king app paparatang ne king bale.,Ang pagkain na inorder natin sa app ay paparatang na sa bahay.,11,11,100.0,
372,E ku akit ing salamin ku inya e ku makapagbasa nang mayap.,Hindi ko makita ang salamin ko kaya hindi ako makapagbasa nang maayos.,12,11,91.7,makapagbasa
373,"Kabang maglinis kusina i Maria, magpakain ya namang pusa i Juan.","Habang naglilinis ng kusina si Maria, nagpapakain naman ng pusa si Juan.",11,10,90.9,magpakain
374,"Nung atin ka pang kailangan king palengke, sabyan mu na ba ku asali.","Kung may kailangan ka pa sa palengke, sabihin mo na para mabili ko na.",13,13,100.0,
375,Obakit e mu ginamit ing bayung payung a sinali ning keka mong ima?,Bakit hindi mo ginamit ang bagong payong na binili ng iyong ina?,13,13,100.0,
376,Ipinatago ni Apu ring lumang litrato king kilub ning cabinet.,Ipinatago ni Lola ang mga lumang litrato sa loob ng cabinet.,10,9,90.0,ipinatago
377,Alang makabalu nung kapilan magsimula ing bayung klase king kolehiyo.,Walang nakakaalam kung kailan magsisimula ang bagong klase sa kolehiyo.,10,10,100.0,
378,Ali mu tatalanan ing pasbul kabang nakapinta ya pa.,Huwag mong hahawakan ang pintuan habang nakapinta pa ito.,9,8,88.9,nakapinta
379,"Bayu sumikat ing aldo, megingsing la na ring magsasaka king bukid.","Bago sumikat ang araw, nakagising na ang mga magsasaka sa bukid.",11,9,81.8,"sumikat, megingsing"
380,E pa naihahanda ring gamit para king out-of-town meeting bukas.,Hindi pa naihahanda ang mga gamit para sa out-of-town meeting bukas.,10,8,80.0,"naihahanda, out-of-town"
381,Ninu-ninu ring kayabe mung munta king mall ngening bengi?,Sinu-sino ang mga kasama mong pupunta sa mall ngayong gabi?,9,9,100.0,
382,"Bagaman dumaan kami king masikan a trapik, nakatanggap kami pa rin king oras.","Bagaman mahirap ang dumaan sa trapik, nakarating pa rin kami sa oras.",13,10,76.9,"bagaman, dumaan, nakatanggap"
383,Kailangan tamung magtipid ng kuryente ba e lumaki ing kekatamung bill.,Kailangan nating magtipid ng kuryente upang hindi lumaki ang ating bill.,11,10,90.9,lumaki
384,Ing imalan a gewa ning tailor kasya-kasya ya kanaku.,Ang damit na ginawa ng tailor ay kasyang-kasya sa akin.,9,7,77.8,"tailor, kasya-kasya"
385,Mas mabilis magluto gagamit air fryer kaysa king ordinaryong kalan.,Mas mabilis magluto gamit ang air fryer kaysa sa ordinaryong kalan.,10,8,80.0,"magluto, ordinaryong"
386,E ku atandanan nung nukarin ke lewan ing wallet ku kanian abak.,Hindi ko maalala kung saan ko naiwan ang aking wallet kaninang umaga.,12,11,91.7,lewan
387,"Kabang maghintay reseta, megbasa ku pa ng magazine king clinic.","Habang naghihintay ng reseta, nagbasa muna ako ng magazine sa clinic.",10,7,70.0,"maghintay, reseta, megbasa"
388,"Nung magpatulong ka king keka mong kaklase, mas mabilis mung atayari ini.","Kung magpapatulong ka sa iyong kaklase, mas mabilis mong matatapos ito.",12,10,83.3,"magpatulong, atayari"
389,Obakit e ka pa rin magpadala ng confirmation email king customer?,Bakit hindi ka pa rin nagpapadala ng confirmation email sa customer?,11,11,100.0,
390,Ipinagbawal ning barangay ing magtapon basura king lele ning ilog.,Ipinagbawal ng barangay ang pagtatapon ng basura sa tabi ng ilog.,10,8,80.0,"ipinagbawal, magtapon"
391,Alang libreng sakay ngening aldo uling mayari ne ing programa.,Walang libreng sakay ngayong araw dahil natapos na ang programa.,10,9,90.0,sakay
392,Ali mu lalewan a matuyo ing halaman king lalam ning aldo.,Huwag mong hahayaan na matuyo ang halaman sa ilalim ng araw.,11,9,81.8,"lalewan, matuyo"
393,"Bayu sali ng bayung laptop, baluan mu pa ring katangian na.","Bago bumili ng bagong laptop, alamin mo muna ang mga katangian nito.",11,11,100.0,
394,E pa ba mayari ing meeting ring opisyal king ikalawang palapag?,Hindi pa ba tapos ang meeting ng mga opisyal sa ikalawang palapag?,11,11,100.0,
395,Ring estudyanteng makapasa king pagsusulit makatanggap silang libreng libro.,Ang mga estudyanteng nakapasa sa pagsusulit ay makakatanggap ng libreng libro.,9,7,77.8,"makapasa, pagsusulit"
396,"Nung muran ng masikan potang gatpanapun, mas mayap manatili king bale.","Kung uulan nang malakas mamayang hapon, mas mabuting manatili sa bahay.",11,11,100.0,
397,Ninu ing meg-ayos ning nasirang gripo king banyo kanian abak?,Sino ang nag-ayos ng nasirang gripo sa banyo kaninang umaga?,10,6,60.0,"meg-ayos, nasirang, gripo, banyo"
398,"Kabang mangan apunan, pinag-usapan ning pamilya ing plano king bakasyon.","Habang kumakain ng hapunan, pinag-usapan pamilya ang plano sa bakasyon.",10,8,80.0,"pinag-usapan, bakasyon"
399,E ku nagustuhan ing palabas king sinehan uling masyadong kayaba.,Hindi ko nagustuhan ang palabas sa sinehan dahil masyadong mahaba.,10,7,70.0,"nagustuhan, sinehan, kayaba"
400,Baka e makatipa i Pedro king meeting uling atin yang sakit ing kekang anak.,Baka hindi makadalo si Pedro sa pagpupulong dahil may sakit ang kanyang anak.,14,13,92.9,makatipa
401,"Bayu ka munta Palawan, kailangan mung mag-book ng hotel nang maaga.","Bago ka pumunta sa Palawan, kailangan mong mag-book ng hotel nang maaga.",11,9,81.8,"mag-book, maaga"
402,Alang pwedeng mag-park ng sasakyan king arapan ning pasbul hospital.,Walang pwedeng mag-park ng sasakyan sa tapat ng pinto ng ospital.,10,8,80.0,"mag-park, sasakyan"
403,Ali mu ipagkaila ing katotohanang balu na ning sabla.,Huwag mong ipagkakaila ang katotohanang alam na ng lahat.,9,8,88.9,ipagkaila
404,Ipinadala ne ning kumpanya ing tawling sweldo ring dating empleyado.,Ipinadala na ng kumpanya ang huling sweldo ng mga dating empleyado.,10,8,80.0,"ipinadala, sweldo"
405,Obakit e ka pa nakakapag-desisyon nung nanung kurso ing kailangan mu?,Bakit hindi ka pa nakakapag-desisyon kung anong kurso ang kukunin mo?,11,10,90.9,nakakapag-desisyon
406,Mas manyaman ing kakanan king karinderya kaysa king mamahaling restawran.,Mas masarap ang pagkain sa karinderya kaysa sa mamahaling restawran.,10,8,80.0,"karinderya, mamahaling"
407,Ing taung meg-wan ng jacket king bangko megbabalik ya ba ne kalapan.,Ang taong nag-iwan ng jacket sa bangko ay bumalik para kunin ito.,12,9,75.0,"meg-wan, megbabalik, kalapan"
408,"Kabang maghintay sundo, megbasa ya i Maria ng mensahe king phone.","Habang nag-aantay ng sundo, nagbasa si Maria ng mga mensahe sa phone.",11,8,72.7,"maghintay, sundo, megbasa"
409,E pa nakatanggap tulong ring baryo a nalubog king baha.,Hindi pa nararating ng tulong ang mga baryo na nalubog sa baha.,10,8,80.0,"nakatanggap, nalubog"
410,"Nung e magbago ing panahon, tuloy ing kekatamung island hopping.","Kung hindi magbabago ang panahon, matutuloy ang ating island hopping.",10,8,80.0,"magbago, hopping"
411,Ninu ing megturo keka magamit ing bayung software a yan?,Sino ang nagturo sa iyo na gumamit ng bagong software na iyan?,10,9,90.0,megturo
412,Dakal a taung mag-abang king kilwal ning sinehan para king premiere.,Maraming taong nag-aabang sa labas ng sinehan para sa premiere.,11,9,81.8,"mag-abang, sinehan"
413,Ali mu kakalingwan patdan ing sulu paglub/paglwal mu king kwarto.,Huwag mong kakalimutang patayin ang ilaw paglabas mo ng kwarto.,10,8,80.0,"paglub/paglwal, kwarto"
414,Baka e tamu maabutan ing tawling biyahe ning tren ngening bengi.,Baka hindi natin maabutan ang huling biyahe ng tren ngayong gabi.,11,10,90.9,maabutan
415,Ing librung isinulat ning sikat a may-akda mabilis ya naubos.,Ang librong isinulat ng sikat na may-akda ay mabilis na naubos.,10,7,70.0,"isinulat, may-akda, naubos"
416,"Bayu ka pirma king kontrata, basan mu pa nang mayap ing sablang nakasulat.","Bago ka pumirma sa kontrata, basahin mo muna nang mabuti ang lahat ng nakasulat.",13,11,84.6,"pirma, nakasulat"
417,E ku pa naiipon ing sapat a pera ba kung sali ng bayung sasakyan.,Hindi ko pa naiipon ang sapat na pera para bumili ng bagong sasakyan.,14,12,85.7,"naiipon, sasakyan"
418,"Bagaman napagal ing sabla, masaya kami pa rin king meging resulta ning event.","Bagaman napagod ang lahat, masaya pa rin kami sa naging resulta ng event.",13,11,84.6,"bagaman, napagal"
419,Obakit ali mu bisang magkutan king guard nung nukarin ing elevator?,Bakit ayaw mong magtanong sa guard kung saan ang elevator?,11,10,90.9,magkutan
420,Ipinatayo ning pamahalaan ing bayung tulay ba mabawasan ing trapik.,Ipinatayo ng pamahalaan ang bagong tulay upang mabawasan ang trapik.,10,9,90.0,ipinatayo
421,Alang makabalu nung obakit biglang ala kuryente kanian.,Walang nakakaalam kung bakit biglang nawalan ng kuryente kanina.,8,8,100.0,
422,"Kabang mag-ayos ng papeles, mekit ya i Juan ng lumang resibo.","Habang nag-aayos ng mga papeles, nakakita si Juan ng lumang resibo.",11,9,81.8,"mag-ayos, mekit"
423,"Nung matipa ka king okasyon, sabyan mu kanaku nang maaga ba kung makakayabe.","Kung dadalo ka sa okasyon, sabihan mo ako nang maaga para makasama ako.",13,11,84.6,"matipa, maaga"
424,Mas mayap maglakad kaysa sumakai potang malapit mu ing puntalan.,Mas mainam na maglakad kaysa sumakay kapag malapit lang ang pupuntahan.,10,9,90.0,sumakai
425,Ring gamut a ibinigay ning nurse para kareng lagnat na.,Ang mga gamot na ibinigay ng nurse ay para sa kanyang lagnat.,10,10,100.0,
426,Ali mu lalewan a makawala ing pusa king kilub ning bale.,Huwag mong hahayaang makawala ang pusa sa loob ng bahay.,11,9,81.8,"lalewan, makawala"
427,E pa dinatang ing delivery rider uling malito ya king address.,Hindi pa dumatang ang delivery rider dahil nalito siya sa address.,11,10,90.9,malito
428,Ninu ing meglinis kwarto kabang ala kami keni?,Sino ang naglinis ng kwarto habang wala kami rito?,8,7,87.5,kwarto
429,"Bayu magsimula ing pelikula, sinali kami pa ng popcorn at inuman.","Bago magsimula ang pelikula, bumili muna kami ng popcorn at inumin.",11,11,100.0,
430,Dakal a taung minunta king parke ba lang manalon kareng paputok.,Maraming taong nagpunta sa parke upang panoorin ang mga paputok.,11,8,72.7,"minunta, manalon, paputok"
431,E tamu matayari ing proyekto nung ala ing tulong ning kekatamung team.,Hindi natin matatapos ang proyekto kung wala ang tulong ng ating team.,12,11,91.7,matayari
432,"Kabang mag-abang king pila, meg-update ya i Maria ng kekang status online.","Habang nag-aantay sa pila, nag-update si Maria ng kanyang status online.",12,10,83.3,"mag-abang, meg-update"
433,Obakit e mu buksan ing awang ba lumub ing sariwang angin?,Bakit hindi mo buksan ang bintana para pumasok ang sariwang hangin?,11,9,81.8,"buksan, lumub"
434,Ing sasakyan a sinali ni Pedro matipid ya king gasolina at maganda.,Ang sasakyang binili ni Pedro ay napakatipid sa gasolina at maganda.,12,11,91.7,sasakyan
435,Ali ka mag-atubiling tumawag kekami potang atin kang problema.,Huwag kang mag-atubiling tumawag sa amin kapag may problema ka.,9,7,77.8,"mag-atubiling, tumawag"
436,Baka e matuloy ing biyahe tamu Baguio nung masikan ing uran.,Baka hindi matuloy ang biyahe natin sa Baguio kung malakas ang ulan.,11,10,90.9,matuloy
437,Ipinagluto ni Inda ng manyaman a sopas ing kapatad kung atin sakit.,Ipinagluto ni Nanay ng masarap na sopas ang aking kapatid na may sakit.,12,11,91.7,ipinagluto
438,Ala nang natagung kakanan king lamesa uling mengan na ring sablang bisita.,Walang natirang pagkain sa mesa dahil kumain na ang lahat ng bisita.,12,11,91.7,natagung
439,"Bagaman benging-bengi na, dakal pa ring tau king kilwal ning convenience store.","Bagaman gabing-gabi na, marami pa ring tao sa labas ng convenience store.",12,10,83.3,"bagaman, benging-bengi"
440,"Nung mag-ingat ka king pagmaneho, makaiwas ka king aksidente.","Kung mag-iingat ka sa pagmamaneho, makakaiwas ka sa aksidente.",9,6,66.7,"mag-ingat, pagmaneho, makaiwas"
441,Ninu ing meg-wan ng bukas a gripo king kilub ning banyo?,Sino ang nag-iwan ng bukas na gripo sa loob ng banyo?,11,8,72.7,"meg-wan, gripo, banyo"
442,"Bayu mako ing bus, siguraduhin mung atin keka ing sablang gamit mu.","Bago umalis ang bus, siguraduhing nasa sa iyo ang lahat ng gamit mo.",12,11,91.7,siguraduhin
443,E ku atandanan nung nukarin ke inabili ing susi ning kotse.,Hindi ko maaalala kung saan ko inilagay ang susi ng kotse.,11,10,90.9,inabili
444,Mas bisa kung mininum malamig a danum kaysa king juice potang mapali.,Mas gusto kong uminom ng malamig na tubig kaysa sa juice kapag mainit.,12,12,100.0,
445,Ing gurong magturo king kekaming klase magaling ya sadyang-sadya magpaliwanag.,Ang guro na nagtuturo sa aming klase ay napakagaling magpaliwanag.,10,7,70.0,"gurong, sadyang-sadya, magpaliwanag"
446,Ali mu hahawaan ng sakit ing keka mong malating kapatid.,Huwag mong hahawaan ng sakit ang iyong maliit na kapatid.,10,8,80.0,"hahawaan, kapatid"
447,Baka mawala ing keka mong dokumento nung e mu isalikut king bag.,Baka mawala ang iyong dokumento kung hindi mo itatago sa bag.,12,12,100.0,
448,"Kabang maglaba ya i Apu, magwalis ya namang bakuran i Apu lalakay.","Habang naglalaba si Lola, nagwawalis naman ng bakuran si Lolo.",12,9,75.0,"maglaba, magwalis, lalakay"
449,E pa nabayaran ing bill king internet inya naputulan kaming koneksyon.,Hindi pa nababayaran ang bill sa internet kaya naputulan kami ng koneksyon.,11,9,81.8,"nabayaran, naputulan"
450,Ila ring kekatamung kapangkat a mag-report ng proyekto bukas.,Sila ang mga kapangkat natin na mag-uulat ng proyekto bukas.,9,8,88.9,mag-report
451,Dakal a bayung kakanan ing mambukas king lele ning kekaming opisina.,Maraming bagong kainan ang nagbukas sa tabi ng aming opisina.,11,10,90.9,mambukas
452,Obakit e ka pa munta king clinic ba kang magpakonsulta?,Bakit hindi ka pa pumupunta sa clinic para magpakonsulta?,10,9,90.0,magpakonsulta
453,"Nung makapasa ku king pagsusulit, magcelebrate kami ning kekang pamilya.","Kung makakapasa ako sa pagsusulit, magcecelebrate kami ng aking pamilya.",10,7,70.0,"makapasa, pagsusulit, magcelebrate"
454,Alang pwedeng maniram ng laptop nang alang pahintulot ning boss.,Walang pwedeng humiram ng laptop nang walang pahintulot ng boss.,10,8,80.0,"maniram, pahintulot"
455,Ing imalan a ginamit ku napun nalabahan ne ni Inda.,Ang damit na ginamit ko kahapon ay nalabahan na ni Nanay.,10,9,90.0,nalabahan
456,Ali mu sabyan karela ing lugar a kekatamung puntalan.,Huwag mong sasabihin sa kanila ang lugar na ating pupuntahan.,9,9,100.0,
457,"Bayu mayari ing bulan, kailangan tamung magsumite ng mga ulat.","Bago matapos ang buwan, kailangan nating magsumite ng mga ulat.",10,9,90.0,magsumite
458,E ku inabili ing asin king sabaw inya alang rasa ini.,Hindi ko nailagay ang asin sa sabaw kaya walang lasa ito.,11,8,72.7,"inabili, sabaw, rasa"
459,"Kabang magmaneho king dalan, mekit ya i Pedro ng aksidente king dalan.","Habang nagmamaneho sa kalye, nakakita si Pedro ng aksidente sa daan.",12,10,83.3,"magmaneho, mekit"
460,Ninu ing makakilala king lalaking linub king opisina kanian gatpanapun?,Sino ang nakakilala sa lalaking pumasok sa opisina kaninang hapon?,10,10,100.0,
461,"Bagaman masakit ing obra, atayari tamu pa rin ini king takdang oras.","Bagaman mahirap ang gawain, natapos pa rin natin ito sa takdang oras.",12,10,83.3,"bagaman, atayari"
462,Mas mabilis maglakbay gagamit tren kaysa king bus Balang abak.,Mas mabilis maglakbay gamit ang tren kaysa sa bus tuwing umaga.,10,10,100.0,
463,Obakit ali mu bisang inuman ing gamut a ibinigay ning doktor?,Bakit ayaw mong inumin ang gamot na ibinigay ng doktor?,11,11,100.0,
464,Alang tau king bale uling minunta ing sabla king simbahan.,Walang tao sa bahay dahil nagpunta ang lahat sa simbahan.,10,9,90.0,minunta
465,"Nung sali kang bayung phone, pilian mu ing atin magandang camera.","Kung bibili ka ng bagong phone, piliin mo ang may magandang camera.",11,10,90.9,pilian
466,Ing kapeng ininum ku kanian masyadong matapang ya kanaku.,Ang kape na ininom ko kanina ay masyadong matapang para sa akin.,9,8,88.9,kapeng
467,Ali mu tatalanan ing basu uling mapali ya ing kape king kilub.,Huwag mong hahawakan ang baso dahil mainit ang laman nitong kape.,12,12,100.0,
468,Baka akalingwan ning driver ing lumiko king kanto nung e mu sabyan.,Baka makalimutan ng driver na lumiko sa kanto kung hindi mo sasabihin.,12,10,83.3,"lumiko, kanto"
469,"Kabang magpapatuyo buhok, makiramdam ya i Ana ng paborito nang kanta.","Habang nagpapatuyo ng buhok, nakikinig si Ana ng paborito niyang kanta.",11,10,90.9,magpapatuyo
470,E ku inisip a maging matagumpay ing kekaming malating negosyo.,Hindi ko naisip na magiging matagumpay ang aming maliit na negosyo.,10,9,90.0,matagumpay
471,Ila ring kaklase kung sinopa kanaku king kekaming proyekto.,Sila ang mga kaklase ko na tumulong sa akin sa aming proyekto.,9,8,88.9,sinopa
472,Dakal a taung maghintay jeep king lele ning overpass ngening bengi.,Maraming taong naghihintay ng jeep sa tabi ng overpass ngayong gabi.,11,10,90.9,maghintay
473,Obakit e ka pa magpadala mensahe kareng keka mong pengari?,Bakit hindi ka pa nagpapadala ng mensahe sa iyong mga magulang?,10,10,100.0,
474,"Bayu mayari ing programa, mibye silang pabuya ing pamunuan king sabla.","Bago matapos ang programa, nagbigay ng pabuya ang pamunuan sa lahat.",11,11,100.0,
475,Alang available a slot para king bakuna king tutuking duminggu.,Walang available na slot para sa bakuna sa susunod na linggo.,10,9,90.0,slot
476,Ing librung iniram ku king library kailangang isubli bayu mag-Biyernes.,Ang librong hiram ko sa library ay kailangang isauli bago mag-Biyernes.,10,8,80.0,"iniram, mag-biyernes"
477,Ali mu lalewan a mabasa ning uran ring gamit king kilwal.,Huwag mong hahayaang mabasa ng ulan ang mga gamit sa labas.,11,10,90.9,lalewan
478,"Nung e ka magmadali, malewan ka ning tawling bus pauli.","Kung hindi ka magmamadali, maiiwanan ka ng huling bus pauwi.",10,8,80.0,"magmadali, malewan"
479,E pa rin daratang ing inorder kung laptop ibat king online shop.,Hindi pa rin nakakarating ang inorder kong laptop mula sa online shop.,12,12,100.0,
480,"Kabang mangan tanghali, pinag-usapan da ing plano king bakasyon.","Habang kumakain ng tanghalian, pinag-usapan nila ang plano sa bakasyon.",9,6,66.7,"tanghali, pinag-usapan, bakasyon"
481,Ninu ing megtapon basura king bakanteng lote king lele ning bale?,Sino ang nagtapon ng basura sa bakanteng lote sa gilid ng bahay?,11,9,81.8,"megtapon, bakanteng"
482,"Bagaman masakit ing pagsubok, e sumuko ing kekaming pamilya.","Bagaman mahirap ang pagsubok, hindi sumuko ang aming pamilya.",9,6,66.7,"bagaman, pagsubok, sumuko"
483,Mas mayap kumalap tricycle kaysa maglakad potang bengi na.,Mas maganda ang kumuha ng tricycle kaysa maglakad kapag gabi na.,9,8,88.9,kumalap
484,Obakit e mu tinanggap ing tulong a inialok ning keka mong kaluguran?,Bakit hindi mo tinanggap ang tulong na inialok ng iyong kaibigan?,12,11,91.7,inialok
485,Alang ninuman ing makabalu king totoong dahilan ning kekang pag-alis.,Walang sinuman ang nakakaalam ng totoong dahilan ng kanyang pag-alis.,10,8,80.0,"totoong, pag-alis"
486,Ing kotse a nakaparada king arapan ning gate nakatambak karin ng matagal.,Ang kotse na nakaparada sa tapat ng gate ay nakatambak doon nang matagal.,12,10,83.3,"nakaparada, nakatambak"
487,Ali mu gagamitan ing gunting a yan uling pang-anak mu yan.,Huwag mong gagamitin ang gunting na iyan dahil pambata lamang iyan.,11,11,100.0,
488,Baka makasama king katawan ing e pag-inum ng danum nang sapat.,Baka makasama sa afa ang hindi pag-inom ng tubig nang sapat.,11,9,81.8,"makasama, pag-inum"
489,"Bayu sumakai king biyahe, siguraduhin mung mengan ka na ng abak.","Bago sumakay ng biyahe, siguraduhing nakakain ka na ng agahan.",11,9,81.8,"sumakai, siguraduhin"
490,E ku naramdaman a lumindol pala kanian madaling-aldo.,Hindi ko naramdaman na lumindol pala kaninang madaling-araw.,8,5,62.5,"naramdaman, lumindol, madaling-aldo"
491,"Kabang mag-ihaw isda i Tata, maghanda ya namang nasi i Inda.","Habang nag-iihaw ng isda si Tatay, naghahanda naman ng kanin si Nanay.",11,10,90.9,mag-ihaw
492,Ninu-ninu ring nakatala para king seminar king tutuking Biyernes?,Sino-sino ang mga nakatala para sa seminar sa susunod na Biyernes?,9,8,88.9,nakatala
493,"Nung e ka magpadala ng resibo, e mi maipoproseso ing refund.","Kung hindi ka magpapadala ng resibo, hindi namin maipoproseso ang refund.",11,10,90.9,maipoproseso
494,Ring anak a maglaro king uran inaus la na ning karelang tata.,Ang mga batang naglalaro sa ulan ay tinawag na ng kanilang ama.,12,12,100.0,
495,Ali mu lalewan a nakabukas ing TV potang alang manalon.,Huwag mong iiwanang nakabukas ang TV kapag walang nanonood.,10,7,70.0,"lalewan, nakabukas, manalon"
496,Baka e mayari ing kumpuni king dalan bayu mag-Lunes.,Baka hindi matapos ang kumpuni sa kalsada bago mag-Lunes.,9,7,77.8,"kumpuni, mag-lunes"
497,Inutos ning kapitan a linisin ing sablang kanal king barangay.,Ipinag-utos ng kapitan na linisin ang lahat ng kanal sa barangay.,10,9,90.0,inutos
498,Alang mekit king aksidente uling madilim ing dalan ketang oras a yan.,Walang nakakita sa aksidente dahil madilim ang kalye noong oras na iyon.,12,10,83.3,"mekit, madilim"
499,"Nung magpatuloy ing katulad kanining gawi, mabilis a maubos ing pondo.","Kung magpapatuloy ang ganitong gawi, mabilis na mauubos ang pondo.",11,9,81.8,"magpatuloy, maubos"
500,Ing tawling pagsusulit king semestre nakatakdang gawan king tutuking bulan.,Ang huling pagsusulit sa semestre ay nakatakdang ganapin sa susunod na buwan.,10,7,70.0,"pagsusulit, semestre, nakatakdang"
