id,surface,boundaries,segmentation,n_boundaries,process,source_tier,provenance,freq_in_sources
kap-morph-0023,sinabi,1 3,s | in | abi,2,infixation,A_strong_silver,tierAB_silver,885
kap-morph-0028,lalaki,,lalaki,0,reduplication,B_moderate_silver,tierAB_silver,502
kap-morph-0034,naman,3,nam | an,1,suffixation,B_moderate_silver,tierAB_silver,421
kap-morph-0037,balayan,5,balay | an,1,suffixation,F_conflicts_with_reconciliation_evidence,tierF_user_auto_parse,406
kap-morph-0040,dalan,3,dal | an,1,suffixation,B_moderate_silver,tierAB_silver,383
kap-morph-0043,arapan,4,arap | an,1,suffixation,A_strong_silver,tierAB_silver,335
kap-morph-0044,maguing,3,mag | uing,1,prefixation,B_moderate_silver,tierAB_silver,329
kap-morph-0047,babai,,babai,0,reduplication,A_strong_silver,tierAB_silver,303
kap-morph-0048,mabilug,2,ma | bilug,1,prefixation,A_strong_silver,tierAB_silver,289
kap-morph-0050,pabustan,2 6,pa | bust | an,2,circumfixation,B_moderate_silver,tierAB_silver,263
kap-morph-0053,kapampangan,2 9,ka | pampang | an,2,circumfixation,B_moderate_silver,tierAB_silver,256
kap-morph-0054,manibat,3,man | ibat,1,prefixation,A_strong_silver,tierAB_silver,253
kap-morph-0058,makanian,,makanian,0,prefixation,F_conflicts_with_reconciliation_evidence,tierF_user_user_monomorphemic,234
kap-morph-0065,sabian,4,sabi | an,1,suffixation,A_strong_silver,tierAB_silver,208
kap-morph-0066,marawak,2,ma | rawak,1,prefixation,B_moderate_silver,tierAB_silver,203
kap-morph-0068,panaun,2,pa | naun,1,prefixation,A_strong_silver,tierAB_silver,187
kap-morph-0069,matulid,2,ma | tulid,1,prefixation,A_strong_silver,tierAB_silver,183
kap-morph-0071,binie,1 3,b | in | ie,2,infixation,A_strong_silver,tierAB_silver,180
kap-morph-0072,dewakan,5,dewak | an,1,suffixation,B_moderate_silver,tierAB_silver,179
kap-morph-0077,maragul,2,ma | ragul,1,prefixation,A_strong_silver,tierAB_silver,159
kap-morph-0078,meguing,3,meg | uing,1,prefixation,B_moderate_silver,tierAB_silver,152
kap-morph-0079,kekeng,,kekeng,0,reduplication,F_conflicts_with_reconciliation_evidence,tierF_user_user_monomorphemic,149
kap-morph-0080,manuknangan,3 9,man | uknang | an,2,prefixation+suffixation,B_moderate_silver,tierAB_silver,149
kap-morph-0082,depatan,5,depat | an,1,suffixation,B_moderate_silver,tierAB_silver,143
kap-morph-0083,kapakaluluan,2 10,ka | pakalulu | an,2,circumfixation,B_moderate_silver,tierAB_silver,143
kap-morph-0084,daptan,4,dapt | an,1,suffixation,B_moderate_silver,tierAB_silver,138
kap-morph-0086,purian,4,puri | an,1,suffixation,F_conflicts_with_reconciliation_evidence,tierF_user_auto_parse,132
kap-morph-0087,manatili,3,man | atili,1,prefixation,B_moderate_silver,tierAB_silver,127
kap-morph-0088,laman,3,lam | an,1,suffixation,B_moderate_silver,tierAB_silver,120
kap-morph-0090,katuliran,2 7,ka | tulir | an,2,circumfixation,F_conflicts_with_reconciliation_evidence,tierF_user_manual_surface_map,116
kap-morph-0091,pasibayu,2,pa | sibayu,1,prefixation,B_moderate_silver,tierAB_silver,115
kap-morph-0092,marangle,2,ma | rangle,1,prefixation,B_moderate_silver,tierAB_silver,114
kap-morph-0093,kautusan,2 6,ka | utus | an,2,circumfixation,A_strong_silver,tierAB_silver,112
kap-morph-0095,sikanan,5,sikan | an,1,suffixation,A_strong_silver,tierAB_silver,110
kap-morph-0096,laban,3,lab | an,1,suffixation,B_moderate_silver,tierAB_silver,106
kap-morph-0097,panuanan,2 6,pa | nuan | an,2,circumfixation,A_strong_silver,tierAB_silver,106
kap-morph-0098,binili,1 3,b | in | ili,2,infixation,A_strong_silver,tierAB_silver,105
kap-morph-0099,dinatang,1 3,d | in | atang,2,infixation,A_strong_silver,tierAB_silver,102
kap-morph-0100,ingatan,5,ingat | an,1,prefixation+suffixation,F_conflicts_with_reconciliation_evidence,tierF_user_auto_parse,102
kap-morph-0101,tuntunan,6,tuntun | an,1,suffixation,F_conflicts_with_reconciliation_evidence,tierF_user_auto_parse,102
kap-morph-0102,kawan,,kawan,0,suffixation,F_conflicts_with_reconciliation_evidence,tierF_user_user_monomorphemic,99
kap-morph-0103,panalangin,3,pan | alangin,1,prefixation,B_moderate_silver,tierAB_silver,99
kap-morph-0104,makananu,4,maka | nanu,1,prefixation,A_strong_silver,tierAB_silver,98
kap-morph-0106,kapurian,2 6,ka | puri | an,2,circumfixation,F_conflicts_with_reconciliation_evidence,tierF_user_auto_parse,94
kap-morph-0108,kasalanan,2 7,ka | salan | an,2,circumfixation,B_moderate_silver,tierAB_silver,93
kap-morph-0109,makanyan,2,ma | kanyan,1,prefixation,F_conflicts_with_reconciliation_evidence,tierF_user_auto_parse,92
kap-morph-0110,pamangan,2 6,pa | mang | an,2,circumfixation,A_strong_silver,tierAB_silver,92
kap-morph-0111,kaligtasan,2 8,ka | ligtas | an,2,circumfixation,A_strong_silver,tierAB_silver,91
kap-morph-0112,kamatayan,2 7,ka | matay | an,2,circumfixation,B_moderate_silver,tierAB_silver,90
kap-morph-0113,kinua,1 3,k | in | ua,2,infixation,B_moderate_silver,tierAB_silver,90
kap-morph-0114,mangatua,4,mang | atua,1,prefixation,B_moderate_silver,tierAB_silver,90
kap-morph-0117,bulan,3,bul | an,1,suffixation,B_moderate_silver,tierAB_silver,85
kap-morph-0119,misan,3,mis | an,1,suffixation,A_strong_silver,tierAB_silver,85
kap-morph-0120,wanan,3,wan | an,1,suffixation,B_moderate_silver,tierAB_silver,85
kap-morph-0121,malyari,2,ma | lyari,1,prefixation,B_moderate_silver,tierAB_silver,83
kap-morph-0122,pamamilatan,2 9,pa | mamilat | an,2,circumfixation,B_moderate_silver,tierAB_silver,83
kap-morph-0124,pitung,2,pi | tung,1,prefixation,A_strong_silver,tierAB_silver,81
kap-morph-0125,tutu,,tutu,0,reduplication,B_moderate_silver,tierAB_silver,80
kap-morph-0126,kayanakan,2 7,ka | yanak | an,2,circumfixation,B_moderate_silver,tierAB_silver,79
kap-morph-0127,lalaking,,lalaking,0,reduplication,B_moderate_silver,tierAB_silver,78
kap-morph-0128,kaluguran,2 7,ka | lugur | an,2,circumfixation,B_moderate_silver,tierAB_silver,77
kap-morph-0129,pablasang,2,pa | blasang,1,prefixation,B_moderate_silver,tierAB_silver,77
kap-morph-0130,sisuan,4,sisu | an,1,suffixation,B_moderate_silver,tierAB_silver,77
kap-morph-0131,tatakut,,tatakut,0,reduplication,A_strong_silver,tierAB_silver,76
kap-morph-0132,tipan,,tipan,0,suffixation,F_conflicts_with_reconciliation_evidence,tierF_user_user_monomorphemic,76
kap-morph-0134,katutuan,2 6,ka | tutu | an,2,circumfixation,A_strong_silver,tierAB_silver,75
kap-morph-0135,malyaring,2,ma | lyaring,1,prefixation,B_moderate_silver,tierAB_silver,75
kap-morph-0136,tinape,1 3,t | in | ape,2,infixation,B_moderate_silver,tierAB_silver,74
kap-morph-0137,maiguit,2,ma | iguit,1,prefixation,B_moderate_silver,tierAB_silver,73
kap-morph-0138,magkang,3,mag | kang,1,prefixation,A_strong_silver,tierAB_silver,71
kap-morph-0139,pasbul,2,pa | sbul,1,prefixation,B_moderate_silver,tierAB_silver,70
kap-morph-0140,sasabian,6,sasabi | an,1,reduplication+suffixation,A_strong_silver,tierAB_silver,70
kap-morph-0141,gawan,3,gaw | an,1,suffixation,B_moderate_silver,tierAB_silver,69
kap-morph-0142,maniabi,3,man | iabi,1,prefixation,B_moderate_silver,tierAB_silver,69
kap-morph-0143,sinta,1 3,s | in | ta,2,infixation,B_moderate_silver,tierAB_silver,69
kap-morph-0145,miniabi,1 3,m | in | iabi,2,infixation,B_moderate_silver,tierAB_silver,66
kap-morph-0146,linual,1 3,l | in | ual,2,infixation,A_strong_silver,tierAB_silver,64
kap-morph-0147,pasalamat,2,pa | salamat,1,prefixation,A_strong_silver,tierAB_silver,64
kap-morph-0148,pasbulan,6,pasbul | an,1,circumfixation,F_conflicts_with_reconciliation_evidence,tierF_user_auto_parse,64
kap-morph-0149,babaing,,babaing,0,reduplication,B_moderate_silver,tierAB_silver,63
kap-morph-0150,kabaldugan,2 8,ka | baldug | an,2,circumfixation,F_conflicts_with_reconciliation_evidence,tierF_user_auto_parse,63
kap-morph-0151,mangan,2,ma | ngan,1,prefixation,A_strong_silver,tierAB_silver,63
kap-morph-0152,nangan,4,nang | an,1,suffixation,A_strong_silver,tierAB_silver,63
kap-morph-0153,binang,1 3,b | in | ang,2,infixation,B_moderate_silver,tierAB_silver,61
kap-morph-0154,dinalan,1 3,d | in | alan,2,infixation,A_strong_silver,tierAB_silver,61
kap-morph-0155,canaan,,canaan,0,suffixation,F_conflicts_with_reconciliation_evidence,tierF_user_user_monomorphemic,60
kap-morph-0157,larawan,5,laraw | an,1,suffixation,B_moderate_silver,tierAB_silver,59
kap-morph-0159,menuknangan,3 9,men | uknang | an,2,prefixation+suffixation,B_moderate_silver,tierAB_silver,58
kap-morph-0160,pibandian,2 7,pi | bandi | an,2,prefixation+suffixation,A_strong_silver,tierAB_silver,58
kap-morph-0161,pagamuamu,2,pa | gamuamu,1,prefixation,B_moderate_silver,tierAB_silver,57
kap-morph-0162,kapayapan,2 7,ka | payap | an,2,circumfixation,B_moderate_silver,tierAB_silver,56
kap-morph-0164,tinalakad,1 3,t | in | alakad,2,infixation,A_strong_silver,tierAB_silver,56
kap-morph-0165,manaya,2,ma | naya,1,prefixation,A_strong_silver,tierAB_silver,55
kap-morph-0166,marayu,2,ma | rayu,1,prefixation,B_moderate_silver,tierAB_silver,55
kap-morph-0167,pangane,,pangane,0,prefixation,F_conflicts_with_reconciliation_evidence,tierF_user_user_monomorphemic,55
kap-morph-0168,tumula,1 3,t | um | ula,2,infixation,F_conflicts_with_reconciliation_evidence,tierF_user_auto_parse,54
kap-morph-0169,bandian,5,bandi | an,1,suffixation,A_strong_silver,tierAB_silver,53
kap-morph-0170,dinapat,1 3,d | in | apat,2,infixation,A_strong_silver,tierAB_silver,53
kap-morph-0171,makapagmulala,7,makapag | mulala,1,prefixation,A_strong_silver,tierAB_silver,53
kap-morph-0172,tuparan,5,tupar | an,1,suffixation,B_moderate_silver,tierAB_silver,53
kap-morph-0173,angganan,6,anggan | an,1,suffixation,F_conflicts_with_reconciliation_evidence,tierF_user_auto_parse,52
kap-morph-0174,kasakitan,2 7,ka | sakit | an,2,circumfixation,A_strong_silver,tierAB_silver,52
kap-morph-0175,malagu,2,ma | lagu,1,prefixation,A_strong_silver,tierAB_silver,52
kap-morph-0176,minuna,1 3,m | in | una,2,infixation,F_conflicts_with_reconciliation_evidence,tierF_user_auto_parse,52
kap-morph-0177,linub,1 3,l | in | ub,2,infixation,A_strong_silver,tierAB_silver,51
kap-morph-0178,malugud,2,ma | lugud,1,prefixation,A_strong_silver,tierAB_silver,51
kap-morph-0179,manalig,3,man | alig,1,prefixation,B_moderate_silver,tierAB_silver,51
kap-morph-0180,dininan,1 3,d | in | inan,2,infixation,B_moderate_silver,tierAB_silver,50
kap-morph-0181,jordan,4,jord | an,1,suffixation,B_moderate_silver,tierAB_silver,50
kap-morph-0182,masikan,2,ma | sikan,1,prefixation,A_strong_silver,tierAB_silver,50
kap-morph-0183,paninap,3,pan | inap,1,prefixation,B_moderate_silver,tierAB_silver,50
kap-morph-0184,tanaman,5,tanam | an,1,suffixation,A_strong_silver,tierAB_silver,50
kap-morph-0185,manakit,3,man | akit,1,prefixation,A_strong_silver,tierAB_silver,49
kap-morph-0186,bunduk-bundukan,13,bunduk-bunduk | an,1,suffixation,B_moderate_silver,tierAB_silver,48
kap-morph-0187,damdaman,6,damdam | an,1,suffixation,A_strong_silver,tierAB_silver,48
kap-morph-0188,lawan,3,law | an,1,suffixation,B_moderate_silver,tierAB_silver,48
kap-morph-0189,ninumang,1 3,n | in | umang,2,infixation,B_moderate_silver,tierAB_silver,48
kap-morph-0190,gagawan,,gagawan,0,reduplication,B_moderate_silver,tierAB_silver,47
kap-morph-0191,mangaragul,4,mang | aragul,1,prefixation,B_moderate_silver,tierAB_silver,47
kap-morph-0192,menganak,4,meng | anak,1,prefixation,A_strong_silver,tierAB_silver,47
kap-morph-0194,ganakan,5,ganak | an,1,suffixation,B_moderate_silver,tierAB_silver,46
kap-morph-0195,kuanan,4,kuan | an,1,suffixation,B_moderate_silver,tierAB_silver,46
kap-morph-0196,makapayan,4,maka | payan,1,prefixation,B_moderate_silver,tierAB_silver,46
kap-morph-0197,masanting,2,ma | santing,1,prefixation,A_strong_silver,tierAB_silver,46
kap-morph-0198,menibatan,3 7,men | ibat | an,2,prefixation+suffixation,A_strong_silver,tierAB_silver,46
kap-morph-0199,leguan,4,legu | an,1,suffixation,B_moderate_silver,tierAB_silver,45
kap-morph-0200,ninung,1 3,n | in | ung,2,infixation,A_strong_silver,tierAB_silver,45
kap-morph-0201,daraptan,6,darapt | an,1,suffixation,B_moderate_silver,tierAB_silver,44
kap-morph-0202,magsaya,3,mag | saya,1,prefixation,A_strong_silver,tierAB_silver,44
kap-morph-0203,manintun,3,man | intun,1,prefixation,A_strong_silver,tierAB_silver,44
kap-morph-0204,panintunan,3 8,pan | intun | an,2,circumfixation,F_conflicts_with_reconciliation_evidence,tierF_user_auto_parse,44
kap-morph-0205,aslagan,5,aslag | an,1,suffixation,A_strong_silver,tierAB_silver,43
kap-morph-0206,lelangan,6,lelang | an,1,suffixation,B_moderate_silver,tierAB_silver,43
kap-morph-0207,linigtas,1 3,l | in | igtas,2,infixation,A_strong_silver,tierAB_silver,43
kap-morph-0208,palsintan,2 7,pa | lsint | an,2,circumfixation,B_moderate_silver,tierAB_silver,43
kap-morph-0211,sugatan,5,sugat | an,1,suffixation,A_strong_silver,tierAB_silver,42
kap-morph-0212,sumpa,1 3,s | um | pa,2,infixation,B_moderate_silver,tierAB_silver,42
kap-morph-0213,kanuanan,2 6,ka | nuan | an,2,circumfixation,A_strong_silver,tierAB_silver,41
kap-morph-0214,katapatan,2 7,ka | tapat | an,2,circumfixation,F_conflicts_with_reconciliation_evidence,tierF_user_auto_parse,41
kap-morph-0215,luklukan,6,lukluk | an,1,suffixation,A_strong_silver,tierAB_silver,41
kap-morph-0216,parang,,parang,0,prefixation,F_conflicts_with_reconciliation_evidence,tierF_user_user_monomorphemic,41
kap-morph-0217,patutu,2,pa | tutu,1,prefixation,A_strong_silver,tierAB_silver,41
kap-morph-0218,sinampa,1 3,s | in | ampa,2,infixation,A_strong_silver,tierAB_silver,41
kap-morph-0219,kawatasan,2 7,ka | watas | an,2,circumfixation,B_moderate_silver,tierAB_silver,40
kap-morph-0220,malapit,2,ma | lapit,1,prefixation,A_strong_silver,tierAB_silver,40
kap-morph-0221,maligaya,2,ma | ligaya,1,prefixation,F_conflicts_with_reconciliation_evidence,tierF_user_auto_parse,40
kap-morph-0222,menakit,3,men | akit,1,prefixation,A_strong_silver,tierAB_silver,40
kap-morph-0223,matibe,2,ma | tibe,1,prefixation,A_strong_silver,tierAB_silver,39
kap-morph-0225,tuknangan,7,tuknang | an,1,suffixation,A_strong_silver,tierAB_silver,39
kap-morph-0226,kabiasnan,2 7,ka | biasn | an,2,circumfixation,B_moderate_silver,tierAB_silver,38
kap-morph-0227,kinanua,1 3,k | in | anua,2,infixation,B_moderate_silver,tierAB_silver,38
kap-morph-0228,ausan,3,aus | an,1,suffixation,A_strong_silver,tierAB_silver,37
kap-morph-0229,daralan,5,daral | an,1,suffixation,B_moderate_silver,tierAB_silver,37
kap-morph-0230,linapit,1 3,l | in | apit,2,infixation,A_strong_silver,tierAB_silver,37
kap-morph-0231,lipulan,5,lipul | an,1,suffixation,F_conflicts_with_reconciliation_evidence,tierF_user_auto_parse,37
kap-morph-0232,makatalakad,4,maka | talakad,1,prefixation,A_strong_silver,tierAB_silver,37
kap-morph-0234,panimanman,4,pani | manman,1,circumfixation,F_conflicts_with_reconciliation_evidence,tierF_user_auto_parse,37
kap-morph-0235,babayi,,babayi,0,reduplication,A_strong_silver,tierAB_silver,36
kap-morph-0236,kailangan,2 7,ka | ilang | an,2,circumfixation,A_strong_silver,tierAB_silver,36
kap-morph-0237,kaligaligan,2 9,ka | ligalig | an,2,circumfixation,F_conflicts_with_reconciliation_evidence,tierF_user_auto_parse,36
kap-morph-0238,lalakad,,lalakad,0,reduplication,A_strong_silver,tierAB_silver,36
kap-morph-0239,makatua,2,ma | katua,1,prefixation,B_moderate_silver,tierAB_silver,36
kap-morph-0240,manibatan,3 7,man | ibat | an,2,prefixation+suffixation,F_conflicts_with_reconciliation_evidence,tierF_user_auto_parse,36
kap-morph-0241,timan,3,tim | an,1,suffixation,B_moderate_silver,tierAB_silver,36
kap-morph-0242,binye,1 3,b | in | ye,2,infixation,A_strong_silver,tierAB_silver,35
kap-morph-0243,makiramdam,2,ma | kiramdam,1,prefixation,B_moderate_silver,tierAB_silver,35
kap-morph-0246,sangkan,5,sangk | an,1,suffixation,B_moderate_silver,tierAB_silver,35
kap-morph-0247,tata,,tata,0,reduplication,A_strong_silver,tierAB_silver,35
kap-morph-0248,legwan,4,legw | an,1,suffixation,B_moderate_silver,tierAB_silver,34
kap-morph-0249,linto,1 3,l | in | to,2,infixation,B_moderate_silver,tierAB_silver,34
kap-morph-0250,matula,2,ma | tula,1,prefixation,F_conflicts_with_reconciliation_evidence,tierF_user_auto_parse,34
kap-morph-0251,miguising,3,mig | uising,1,prefixation,B_moderate_silver,tierAB_silver,34
kap-morph-0254,tutung,,tutung,0,reduplication,F_conflicts_with_reconciliation_evidence,tierF_user_user_monomorphemic,34
kap-morph-0255,kanan,3,kan | an,1,suffixation,A_strong_silver,tierAB_silver,33
kap-morph-0256,luguran,5,lugur | an,1,suffixation,B_moderate_silver,tierAB_silver,33
kap-morph-0257,magsantung,3,mag | santung,1,prefixation,A_strong_silver,tierAB_silver,33
kap-morph-0258,makananung,4,maka | nanung,1,prefixation,B_moderate_silver,tierAB_silver,33
kap-morph-0259,matudtud,2,ma | tudtud,1,prefixation,A_strong_silver,tierAB_silver,33
kap-morph-0261,kaisipan,2 6,ka | isip | an,2,circumfixation,A_strong_silver,tierAB_silver,32
kap-morph-0262,lele,,lele,0,reduplication,A_strong_silver,tierAB_silver,32
kap-morph-0264,mamangan,2,ma | mangan,1,reduplication+suffixation,F_conflicts_with_reconciliation_evidence,tierF_user_auto_parse,32
kap-morph-0265,menibat,3,men | ibat,1,prefixation,A_strong_silver,tierAB_silver,32
kap-morph-0266,mitagan,5,mitag | an,1,suffixation,B_moderate_silver,tierAB_silver,32
kap-morph-0267,pinili,1 3,p | in | ili,2,infixation,A_strong_silver,tierAB_silver,32
kap-morph-0268,sintang,,sintang,0,infixation,F_conflicts_with_reconciliation_evidence,tierF_user_user_monomorphemic,32
kap-morph-0269,kayatulan,2 7,ka | yatul | an,2,circumfixation,B_moderate_silver,tierAB_silver,31
kap-morph-0270,kinuldas,1 3,k | in | uldas,2,infixation,A_strong_silver,tierAB_silver,31
kap-morph-0271,lumakad,1 3,l | um | akad,2,infixation,A_strong_silver,tierAB_silver,31
kap-morph-0272,magdala,3,mag | dala,1,prefixation,A_strong_silver,tierAB_silver,31
kap-morph-0273,makanianman,4 9,maka | nianm | an,2,prefixation+suffixation,B_moderate_silver,tierAB_silver,31
kap-morph-0274,malinis,2,ma | linis,1,prefixation,A_strong_silver,tierAB_silver,31
kap-morph-0276,pilinan,2,pi | linan,1,prefixation,B_moderate_silver,tierAB_silver,31
kap-morph-0277,sabyan,4,saby | an,1,suffixation,B_moderate_silver,tierAB_silver,31
kap-morph-0278,sinulat,1 3,s | in | ulat,2,infixation,A_strong_silver,tierAB_silver,31
kap-morph-0279,tumakut,1 3,t | um | akut,2,infixation,A_strong_silver,tierAB_silver,31
kap-morph-0280,atulan,4,atul | an,1,suffixation,A_strong_silver,tierAB_silver,30
kap-morph-0281,basan,3,bas | an,1,suffixation,B_moderate_silver,tierAB_silver,30
kap-morph-0282,beluan,4,belu | an,1,suffixation,B_moderate_silver,tierAB_silver,30
kap-morph-0283,durulukan,7,duruluk | an,1,suffixation,B_moderate_silver,tierAB_silver,30
kap-morph-0284,kutkutan,6,kutkut | an,1,suffixation,A_strong_silver,tierAB_silver,30
kap-morph-0285,likwan,4,likw | an,1,suffixation,B_moderate_silver,tierAB_silver,30
kap-morph-0286,maluka,2,ma | luka,1,prefixation,F_conflicts_with_reconciliation_evidence,tierF_user_auto_parse,30
kap-morph-0287,masaya,2,ma | saya,1,prefixation,A_strong_silver,tierAB_silver,30
kap-morph-0288,paburen,2,pa | buren,1,prefixation,A_strong_silver,tierAB_silver,30
kap-morph-0289,tinakas,1 3,t | in | akas,2,infixation,A_strong_silver,tierAB_silver,30
kap-morph-0290,tinas,1 3,t | in | as,2,infixation,A_strong_silver,tierAB_silver,30
kap-morph-0292,kalalaman,2 7,ka | lalam | an,2,circumfixation,A_strong_silver,tierAB_silver,29
kap-morph-0293,linawe,1 3,l | in | awe,2,infixation,F_conflicts_with_reconciliation_evidence,tierF_user_auto_parse,29
kap-morph-0294,lulual,,lulual,0,reduplication,A_strong_silver,tierAB_silver,29
kap-morph-0296,mumunang,1 3,m | um | unang,2,infixation,B_moderate_silver,tierAB_silver,29
kap-morph-0297,pakibatan,7,pakibat | an,1,circumfixation,F_conflicts_with_reconciliation_evidence,tierF_user_auto_parse,29
kap-morph-0298,santungan,7,santung | an,1,suffixation,A_strong_silver,tierAB_silver,29
kap-morph-0299,keraklan,6,kerakl | an,1,suffixation,B_moderate_silver,tierAB_silver,28
kap-morph-0300,macanian,2 6,ma | cani | an,2,prefixation+suffixation,B_moderate_silver,tierAB_silver,28
kap-morph-0301,malagung,2,ma | lagung,1,prefixation,B_moderate_silver,tierAB_silver,28
kap-morph-0302,maranun,2,ma | ranun,1,prefixation,A_strong_silver,tierAB_silver,28
kap-morph-0303,mawala,2,ma | wala,1,prefixation,F_conflicts_with_reconciliation_evidence,tierF_user_auto_parse,28
kap-morph-0304,pagkeran,2 6,pa | gker | an,2,circumfixation,B_moderate_silver,tierAB_silver,28
kap-morph-0306,panayan,6,panaya | n,1,prefixation,F_conflicts_with_reconciliation_evidence,tierF_user_manual_surface_map,28
kap-morph-0307,pilatan,2,pi | latan,1,prefixation,B_moderate_silver,tierAB_silver,28
kap-morph-0308,sigatan,5,sigat | an,1,suffixation,B_moderate_silver,tierAB_silver,28
kap-morph-0309,sinugat,1 3,s | in | ugat,2,infixation,A_strong_silver,tierAB_silver,28
kap-morph-0310,sinuyu,1 3,s | in | uyu,2,infixation,B_moderate_silver,tierAB_silver,28
kap-morph-0311,alipan,,alipan,0,suffixation,F_conflicts_with_reconciliation_evidence,tierF_user_user_monomorphemic,27
kap-morph-0312,kalibakan,2 7,ka | libak | an,2,circumfixation,B_moderate_silver,tierAB_silver,27
kap-morph-0313,kayarian,2 6,ka | yari | an,2,circumfixation,A_strong_silver,tierAB_silver,27
kap-morph-0314,magkailangan,3,mag | kailangan,1,prefixation+suffixation,F_conflicts_with_reconciliation_evidence,tierF_user_auto_parse,27
kap-morph-0315,malati,2,ma | lati,1,prefixation,A_strong_silver,tierAB_silver,27
kap-morph-0316,mayupaya,2,ma | yupaya,1,prefixation,B_moderate_silver,tierAB_silver,27
kap-morph-0317,midian,4,midi | an,1,suffixation,B_moderate_silver,tierAB_silver,27
kap-morph-0318,nanan,,nanan,0,reduplication,A_strong_silver,tierAB_silver,27
kap-morph-0320,dinalung,1 3,d | in | alung,2,infixation,F_conflicts_with_reconciliation_evidence,tierF_user_auto_parse,26
kap-morph-0321,dinam,1 3,d | in | am,2,infixation,A_strong_silver,tierAB_silver,26
kap-morph-0322,kagutgutan,2 8,ka | gutgut | an,2,circumfixation,F_conflicts_with_reconciliation_evidence,tierF_user_auto_parse,26
kap-morph-0323,kalinguan,2 7,ka | lingu | an,2,circumfixation,B_moderate_silver,tierAB_silver,26
kap-morph-0324,makapagmulalang,7,makapag | mulalang,1,prefixation,B_moderate_silver,tierAB_silver,26
kap-morph-0325,makipamuk,2,ma | kipamuk,1,prefixation,B_moderate_silver,tierAB_silver,26
kap-morph-0326,masikanan,2 7,ma | sikan | an,2,prefixation+suffixation,F_conflicts_with_reconciliation_evidence,tierF_user_auto_parse,26
kap-morph-0327,minaus,1 3,m | in | aus,2,infixation,B_moderate_silver,tierAB_silver,26
kap-morph-0328,minunang,1 3,m | in | unang,2,infixation,B_moderate_silver,tierAB_silver,26
kap-morph-0329,pangisnawa,4,pang | isnawa,1,prefixation,B_moderate_silver,tierAB_silver,26
kap-morph-0330,panlalawe,3,pan | lalawe,1,prefixation,B_moderate_silver,tierAB_silver,26
kap-morph-0331,sumuyu,1 3,s | um | uyu,2,infixation,B_moderate_silver,tierAB_silver,26
kap-morph-0332,tinuki,1 3,t | in | uki,2,infixation,A_strong_silver,tierAB_silver,26
kap-morph-0333,capampangan,9,capampang | an,1,suffixation,B_moderate_silver,tierAB_silver,25
kap-morph-0334,kakanan,5,kakan | an,1,reduplication,F_conflicts_with_reconciliation_evidence,tierF_user_manual_surface_map,25
kap-morph-0335,kakataskatasan,2 12,ka | kataskatas | an,2,circumfixation,B_moderate_silver,tierAB_silver,25
kap-morph-0336,kamarinayan,2 9,ka | marinay | an,2,circumfixation,B_moderate_silver,tierAB_silver,25
kap-morph-0337,kapulungan,2 8,ka | pulung | an,2,circumfixation,B_moderate_silver,tierAB_silver,25
kap-morph-0338,lumapit,1 3,l | um | apit,2,infixation,A_strong_silver,tierAB_silver,25
kap-morph-0339,makalukluk,4,maka | lukluk,1,prefixation,A_strong_silver,tierAB_silver,25
kap-morph-0340,manases,3,man | ases,1,prefixation,B_moderate_silver,tierAB_silver,25
kap-morph-0341,masampat,2,ma | sampat,1,prefixation,F_conflicts_with_reconciliation_evidence,tierF_user_auto_parse,25
kap-morph-0342,masayang,2,ma | sayang,1,prefixation,A_strong_silver,tierAB_silver,25
kap-morph-0343,minum,1 3,m | in | um,2,infixation,A_strong_silver,tierAB_silver,25
kap-morph-0344,myuman,4,myum | an,1,suffixation,B_moderate_silver,tierAB_silver,25
kap-morph-0345,pisamban,2 6,pi | samb | an,2,prefixation+suffixation,B_moderate_silver,tierAB_silver,25
kap-morph-0346,tatang,,tatang,0,reduplication,F_conflicts_with_reconciliation_evidence,tierF_user_user_monomorphemic,25
kap-morph-0348,batiawan,6,batiaw | an,1,suffixation,B_moderate_silver,tierAB_silver,24
kap-morph-0349,dangalan,6,dangal | an,1,suffixation,A_strong_silver,tierAB_silver,24
kap-morph-0351,kayupayan,2 7,ka | yupay | an,2,circumfixation,B_moderate_silver,tierAB_silver,24
kap-morph-0352,magligtas,3,mag | ligtas,1,prefixation,A_strong_silver,tierAB_silver,24
kap-morph-0353,mamagus,,mamagus,0,reduplication,B_moderate_silver,tierAB_silver,24
kap-morph-0354,matuang,2,ma | tuang,1,prefixation,F_conflicts_with_reconciliation_evidence,tierF_user_manual_surface_map,24
kap-morph-0355,pamintuan,2 7,pa | mintu | an,2,circumfixation,B_moderate_silver,tierAB_silver,24
kap-morph-0356,pangatau,4,pang | atau,1,prefixation,B_moderate_silver,tierAB_silver,24
kap-morph-0357,patugut,2,pa | tugut,1,prefixation,A_strong_silver,tierAB_silver,24
kap-morph-0358,saupan,4,saup | an,1,suffixation,A_strong_silver,tierAB_silver,24
kap-morph-0359,singsing,1 3,s | in | gsing,2,infixation,B_moderate_silver,tierAB_silver,24
kap-morph-0360,susuyu,,susuyu,0,reduplication,B_moderate_silver,tierAB_silver,24
kap-morph-0361,binutil,1 3,b | in | util,2,infixation,A_strong_silver,tierAB_silver,23
kap-morph-0362,kiniak,1 3,k | in | iak,2,infixation,B_moderate_silver,tierAB_silver,23
kap-morph-0363,labanan,5,laban | an,1,suffixation,A_strong_silver,tierAB_silver,23
kap-morph-0364,lakuan,4,laku | an,1,suffixation,B_moderate_silver,tierAB_silver,23
kap-morph-0365,liguran,5,ligur | an,1,suffixation,B_moderate_silver,tierAB_silver,23
kap-morph-0366,mabayat,2,ma | bayat,1,prefixation,A_strong_silver,tierAB_silver,23
kap-morph-0367,malalam,2,ma | lalam,1,prefixation,A_strong_silver,tierAB_silver,23
kap-morph-0368,mapilan,2,ma | pilan,1,prefixation,A_strong_silver,tierAB_silver,23
kap-morph-0369,minie,1 3,m | in | ie,2,infixation,B_moderate_silver,tierAB_silver,23
kap-morph-0370,minta,1 3,m | in | ta,2,infixation,B_moderate_silver,tierAB_silver,23
kap-morph-0371,pakakalulu,2,pa | kakalulu,1,prefixation,B_moderate_silver,tierAB_silver,23
kap-morph-0373,panata,,panata,0,prefixation,F_conflicts_with_reconciliation_evidence,tierF_user_user_monomorphemic,23
kap-morph-0374,pisali,2,pi | sali,1,prefixation,A_strong_silver,tierAB_silver,23
kap-morph-0375,tinikdo,1 3,t | in | ikdo,2,infixation,A_strong_silver,tierAB_silver,23
kap-morph-0376,akalinguan,8,akalingu | an,1,suffixation,B_moderate_silver,tierAB_silver,22
kap-morph-0377,daramdaman,8,daramdam | an,1,suffixation,B_moderate_silver,tierAB_silver,22
kap-morph-0378,kapasalamatan,2 4 11,ka | pa | salamat | an,3,circumfixation,F_conflicts_with_reconciliation_evidence,tierF_user_manual_surface_map,22
kap-morph-0379,kapupusan,2 7,ka | pupus | an,2,circumfixation,F_conflicts_with_reconciliation_evidence,tierF_user_auto_parse,22
kap-morph-0380,kinagli,1 3,k | in | agli,2,infixation,F_conflicts_with_reconciliation_evidence,tierF_user_auto_parse,22
kap-morph-0381,makatungkul,4,maka | tungkul,1,prefixation,A_strong_silver,tierAB_silver,22
kap-morph-0382,mapalyari,2,ma | palyari,1,prefixation,B_moderate_silver,tierAB_silver,22
kap-morph-0383,ninuman,1 3,n | in | uman,2,infixation,B_moderate_silver,tierAB_silver,22
kap-morph-0384,paimburisan,2 9,pa | imburis | an,2,circumfixation,B_moderate_silver,tierAB_silver,22
kap-morph-0385,panugali,3,pan | ugali,1,prefixation,A_strong_silver,tierAB_silver,22
kap-morph-0386,sikan,3,sik | an,1,suffixation,B_moderate_silver,tierAB_silver,22
kap-morph-0387,tanggapan,7,tanggap | an,1,suffixation,A_strong_silver,tierAB_silver,22
kap-morph-0388,kalungkutan,2 9,ka | lungkut | an,2,circumfixation,A_strong_silver,tierAB_silver,21
kap-morph-0389,kandungan,2 7,ka | ndung | an,2,circumfixation,B_moderate_silver,tierAB_silver,21
kap-morph-0390,lalawan,,lalawan,0,reduplication,B_moderate_silver,tierAB_silver,21
kap-morph-0391,magbalik,3,mag | balik,1,prefixation,A_strong_silver,tierAB_silver,21
kap-morph-0392,makasumami,4,maka | sumami,1,prefixation,F_conflicts_with_reconciliation_evidence,tierF_user_auto_parse,21
kap-morph-0393,malating,2,ma | lating,1,prefixation,B_moderate_silver,tierAB_silver,21
kap-morph-0394,maldang,2,ma | ldang,1,prefixation,B_moderate_silver,tierAB_silver,21
kap-morph-0395,mamaus,,mamaus,0,reduplication,B_moderate_silver,tierAB_silver,21
kap-morph-0396,mangmang,4,mang | mang,1,prefixation,A_strong_silver,tierAB_silver,21
kap-morph-0397,maybug,2,ma | ybug,1,prefixation,B_moderate_silver,tierAB_silver,21
kap-morph-0398,palalu,2,pa | lalu,1,prefixation,A_strong_silver,tierAB_silver,21
kap-morph-0399,palang,2,pa | lang,1,prefixation,B_moderate_silver,tierAB_silver,21
kap-morph-0400,pansin,2,pa | nsin,1,prefixation,B_moderate_silver,tierAB_silver,21
kap-morph-0401,payapa,,payapa,0,prefixation,F_conflicts_with_reconciliation_evidence,tierF_user_user_monomorphemic,21
kap-morph-0403,sinumpa,1 3,s | in | umpa,2,infixation,A_strong_silver,tierAB_silver,21
kap-morph-0404,taguimpan,7,taguimp | an,1,suffixation,B_moderate_silver,tierAB_silver,21
kap-morph-0405,ubingan,5,ubing | an,1,suffixation,B_moderate_silver,tierAB_silver,21
kap-morph-0406,kabyasnan,2 7,ka | byasn | an,2,circumfixation,B_moderate_silver,tierAB_silver,20
kap-morph-0408,linian,1 3,l | in | ian,2,infixation,B_moderate_silver,tierAB_silver,20
kap-morph-0409,mababa,2,ma | baba,1,prefixation,F_conflicts_with_reconciliation_evidence,tierF_user_auto_parse,20
kap-morph-0410,makibat,2,ma | kibat,1,prefixation,B_moderate_silver,tierAB_silver,20
kap-morph-0411,mangarawak,4,mang | arawak,1,prefixation,B_moderate_silver,tierAB_silver,20
kap-morph-0412,mangatas,4,mang | atas,1,prefixation,F_conflicts_with_reconciliation_evidence,tierF_user_auto_parse,20
kap-morph-0413,marinat,2,ma | rinat,1,prefixation,B_moderate_silver,tierAB_silver,20
kap-morph-0414,masakit,2,ma | sakit,1,prefixation,A_strong_silver,tierAB_silver,20
kap-morph-0415,masalese,2,ma | salese,1,prefixation,A_strong_silver,tierAB_silver,20
kap-morph-0416,masant,2,ma | sant,1,prefixation,B_moderate_silver,tierAB_silver,20
kap-morph-0417,maslag,2,ma | slag,1,prefixation,B_moderate_silver,tierAB_silver,20
kap-morph-0418,pagkalub,2,pa | gkalub,1,prefixation,B_moderate_silver,tierAB_silver,20
kap-morph-0419,pagsalbat,2,pa | gsalbat,1,prefixation,B_moderate_silver,tierAB_silver,20
kap-morph-0420,pakamalan,2 7,pa | kamal | an,2,circumfixation,B_moderate_silver,tierAB_silver,20
kap-morph-0421,parakalan,2 7,pa | rakal | an,2,circumfixation,B_moderate_silver,tierAB_silver,20
kap-morph-0422,paralan,2,pa | ralan,1,prefixation,B_moderate_silver,tierAB_silver,20
kap-morph-0423,pastul,,pastul,0,prefixation,F_conflicts_with_reconciliation_evidence,tierF_user_user_monomorphemic,20
kap-morph-0424,pilubluban,2 8,pi | lublub | an,2,prefixation+suffixation,F_conflicts_with_reconciliation_evidence,tierF_user_auto_parse,20
kap-morph-0425,pinatubu,1 3,p | in | atubu,2,infixation,B_moderate_silver,tierAB_silver,20
kap-morph-0427,sukulan,5,sukul | an,1,suffixation,A_strong_silver,tierAB_silver,20
kap-morph-0428,tatalakad,,tatalakad,0,reduplication,A_strong_silver,tierAB_silver,20
kap-morph-0429,tinuknang,1 3,t | in | uknang,2,infixation,A_strong_silver,tierAB_silver,20
kap-morph-0430,adwan,3,adw | an,1,suffixation,B_moderate_silver,tierAB_silver,19
kap-morph-0431,bustan,4,bust | an,1,suffixation,B_moderate_silver,tierAB_silver,19
kap-morph-0432,canian,4,cani | an,1,suffixation,B_moderate_silver,tierAB_silver,19
kap-morph-0433,gagapang,,gagapang,0,reduplication,A_strong_silver,tierAB_silver,19
kap-morph-0434,kaban,3,kab | an,1,suffixation,B_moderate_silver,tierAB_silver,19
kap-morph-0436,kayubuan,2 6,ka | yubu | an,2,circumfixation,A_strong_silver,tierAB_silver,19
kap-morph-0437,malutu,2,ma | lutu,1,prefixation,A_strong_silver,tierAB_silver,19
kap-morph-0438,manalo,2,ma | nalo,1,prefixation,B_moderate_silver,tierAB_silver,19
kap-morph-0439,mangalati,4,mang | alati,1,prefixation,B_moderate_silver,tierAB_silver,19
kap-morph-0440,mapaling,2,ma | paling,1,prefixation,F_conflicts_with_reconciliation_evidence,tierF_user_auto_parse,19
kap-morph-0441,matatag,2,ma | tatag,1,prefixation,F_conflicts_with_reconciliation_evidence,tierF_user_auto_parse,19
kap-morph-0442,mayumu,2,ma | yumu,1,prefixation,F_conflicts_with_reconciliation_evidence,tierF_user_auto_parse,19
kap-morph-0444,parati,2,pa | rati,1,prefixation,B_moderate_silver,tierAB_silver,19
kap-morph-0446,samban,4,samb | an,1,suffixation,B_moderate_silver,tierAB_silver,19
kap-morph-0447,sasabyan,6,sasaby | an,1,reduplication+suffixation,B_moderate_silver,tierAB_silver,19
kap-morph-0448,sasamban,6,sasamb | an,1,reduplication+suffixation,B_moderate_silver,tierAB_silver,19
kap-morph-0449,sinag,1 3,s | in | ag,2,infixation,B_moderate_silver,tierAB_silver,19
kap-morph-0450,tumakas,1 3,t | um | akas,2,infixation,A_strong_silver,tierAB_silver,19
kap-morph-0451,aguman,4,agum | an,1,suffixation,A_strong_silver,tierAB_silver,18
kap-morph-0452,apalsintan,8,apalsint | an,1,suffixation,B_moderate_silver,tierAB_silver,18
kap-morph-0453,dinuku,1 3,d | in | uku,2,infixation,F_conflicts_with_reconciliation_evidence,tierF_user_auto_parse,18
kap-morph-0454,ipagamuamu,3,ipa | gamuamu,1,prefixation,B_moderate_silver,tierAB_silver,18
kap-morph-0455,kalaraman,2 7,ka | laram | an,2,circumfixation,A_strong_silver,tierAB_silver,18
kap-morph-0456,kapalaran,2 7,ka | palar | an,2,circumfixation,F_conflicts_with_reconciliation_evidence,tierF_user_manual_surface_map,18
kap-morph-0457,kapanayan,2 7,ka | panay | an,2,circumfixation,A_strong_silver,tierAB_silver,18
kap-morph-0458,karalumduman,2 10,ka | ralumdum | an,2,circumfixation,B_moderate_silver,tierAB_silver,18
kap-morph-0459,karampatan,2 8,ka | rampat | an,2,circumfixation,B_moderate_silver,tierAB_silver,18
kap-morph-0460,lalawe,,lalawe,0,reduplication,A_strong_silver,tierAB_silver,18
kap-morph-0461,lulugud,,lulugud,0,reduplication,A_strong_silver,tierAB_silver,18
kap-morph-0462,makimut,2,ma | kimut,1,prefixation,A_strong_silver,tierAB_silver,18
kap-morph-0463,makudta,2,ma | kudta,1,prefixation,B_moderate_silver,tierAB_silver,18
kap-morph-0464,malale,2,ma | lale,1,prefixation,F_conflicts_with_reconciliation_evidence,tierF_user_auto_parse,18
kap-morph-0465,manenaya,3,man | enaya,1,prefixation,B_moderate_silver,tierAB_silver,18
kap-morph-0466,matalik,2,ma | talik,1,prefixation,A_strong_silver,tierAB_silver,18
kap-morph-0467,miglalang,3,mig | lalang,1,prefixation,A_strong_silver,tierAB_silver,18
kap-morph-0468,minuli,1 3,m | in | uli,2,infixation,A_strong_silver,tierAB_silver,18
kap-morph-0470,pampanga,3,pam | panga,1,prefixation,A_strong_silver,tierAB_silver,18
kap-morph-0471,panamdaman,2 8,pa | namdam | an,2,circumfixation,F_conflicts_with_reconciliation_evidence,tierF_user_manual_surface_map,18
kap-morph-0472,pangamate,5,panga | mate,1,prefixation,A_strong_silver,tierAB_silver,18
kap-morph-0473,pantas,,pantas,0,prefixation,F_conflicts_with_reconciliation_evidence,tierF_user_user_monomorphemic,18
kap-morph-0475,pikakasaman,2 9,pi | kakasam | an,2,prefixation+suffixation,B_moderate_silver,tierAB_silver,18
kap-morph-0476,siran,3,sir | an,1,suffixation,B_moderate_silver,tierAB_silver,18
kap-morph-0477,tinabi,1 3,t | in | abi,2,infixation,F_conflicts_with_reconciliation_evidence,tierF_user_auto_parse,18
kap-morph-0478,tutula,,tutula,0,reduplication,F_conflicts_with_reconciliation_evidence,tierF_user_manual_surface_map,18
kap-morph-0479,dinukit,1 3,d | in | ukit,2,infixation,A_strong_silver,tierAB_silver,17
kap-morph-0480,gagalo,,gagalo,0,reduplication,A_strong_silver,tierAB_silver,17
kap-morph-0481,ipasiag,3,ipa | siag,1,prefixation,F_conflicts_with_reconciliation_evidence,tierF_user_auto_parse,17
kap-morph-0482,kaligayan,2 7,ka | ligay | an,2,circumfixation,B_moderate_silver,tierAB_silver,17
kap-morph-0483,kapanamdaman,2 10,ka | panamdam | an,2,circumfixation,F_conflicts_with_reconciliation_evidence,tierF_user_auto_parse,17
kap-morph-0484,katipunan,2 7,ka | tipun | an,2,circumfixation,A_strong_silver,tierAB_silver,17
kap-morph-0485,kayatinan,2 7,ka | yatin | an,2,circumfixation,B_moderate_silver,tierAB_silver,17
kap-morph-0486,kukuldas,,kukuldas,0,reduplication,A_strong_silver,tierAB_silver,17
kap-morph-0487,linabas,1 3,l | in | abas,2,infixation,A_strong_silver,tierAB_silver,17
kap-morph-0488,linakad,1 3,l | in | akad,2,infixation,A_strong_silver,tierAB_silver,17
kap-morph-0489,linukluk,1 3,l | in | ukluk,2,infixation,A_strong_silver,tierAB_silver,17
kap-morph-0490,mangalambut,4,mang | alambut,1,prefixation,B_moderate_silver,tierAB_silver,17
kap-morph-0491,maniaman,3,man | iaman,1,prefixation,B_moderate_silver,tierAB_silver,17
kap-morph-0492,mantabe,3,man | tabe,1,prefixation,B_moderate_silver,tierAB_silver,17
kap-morph-0493,mengari,3,men | gari,1,prefixation,B_moderate_silver,tierAB_silver,17
kap-morph-0494,minic,1 3,m | in | ic,2,infixation,B_moderate_silver,tierAB_silver,17
kap-morph-0495,minukiat,1 3,m | in | ukiat,2,infixation,B_moderate_silver,tierAB_silver,17
kap-morph-0496,mitakutan,7,mitakut | an,1,suffixation,B_moderate_silver,tierAB_silver,17
kap-morph-0497,pagnasan,2 6,pa | gnas | an,2,circumfixation,B_moderate_silver,tierAB_silver,17
kap-morph-0499,tikpan,4,tikp | an,1,suffixation,B_moderate_silver,tierAB_silver,17
kap-morph-0500,tinipa,1 3,t | in | ipa,2,infixation,A_strong_silver,tierAB_silver,17
kap-morph-0501,tipunan,5,tipun | an,1,suffixation,A_strong_silver,tierAB_silver,17
kap-morph-0502,capitan,,capitan,0,suffixation,F_conflicts_with_reconciliation_evidence,tierF_user_user_monomorphemic,16
kap-morph-0503,kapagnasan,2 8,ka | pagnas | an,2,circumfixation,B_moderate_silver,tierAB_silver,16
kap-morph-0504,kasangkapan,2 9,ka | sangkap | an,2,circumfixation,A_strong_silver,tierAB_silver,16
kap-morph-0505,kekaban,5,kekab | an,1,suffixation,B_moderate_silver,tierAB_silver,16
kap-morph-0506,kelinguan,7,kelingu | an,1,suffixation,B_moderate_silver,tierAB_silver,16
kap-morph-0507,lingap,1 3,l | in | gap,2,infixation,B_moderate_silver,tierAB_silver,16
kap-morph-0508,malipul,2,ma | lipul,1,prefixation,F_conflicts_with_reconciliation_evidence,tierF_user_auto_parse,16
kap-morph-0509,malunus,2,ma | lunus,1,prefixation,A_strong_silver,tierAB_silver,16
kap-morph-0510,mangga,2,ma | ngga,1,prefixation,B_moderate_silver,tierAB_silver,16
kap-morph-0511,marapat,2,ma | rapat,1,prefixation,B_moderate_silver,tierAB_silver,16
kap-morph-0512,masias,2,ma | sias,1,prefixation,F_conflicts_with_reconciliation_evidence,tierF_user_auto_parse,16
kap-morph-0513,mekamate,4,meka | mate,1,prefixation,A_strong_silver,tierAB_silver,16
kap-morph-0514,mingat,1 3,m | in | gat,2,infixation,B_moderate_silver,tierAB_silver,16
kap-morph-0515,nanuman,5,nanum | an,1,suffixation,B_moderate_silver,tierAB_silver,16
kap-morph-0517,patingapun,2,pa | tingapun,1,prefixation,B_moderate_silver,tierAB_silver,16
kap-morph-0519,pibatan,2 6,pi | bata | n,2,prefixation,F_conflicts_with_reconciliation_evidence,tierF_user_manual_surface_map,16
kap-morph-0520,pilan,3,pil | an,1,suffixation,B_moderate_silver,tierAB_silver,16
kap-morph-0522,sibukan,5,sibuk | an,1,suffixation,B_moderate_silver,tierAB_silver,16
kap-morph-0523,siniping,1 3,s | in | iping,2,infixation,A_strong_silver,tierAB_silver,16
kap-morph-0524,tatas,,tatas,0,reduplication,F_conflicts_with_reconciliation_evidence,tierF_user_user_monomorphemic,16
kap-morph-0526,bamban,,bamban,0,suffixation,F_conflicts_with_reconciliation_evidence,tierF_user_user_monomorphemic,15
kap-morph-0527,bayaran,5,bayar | an,1,suffixation,B_moderate_silver,tierAB_silver,15
kap-morph-0528,gagalgal,,gagalgal,0,reduplication,F_conflicts_with_reconciliation_evidence,tierF_user_manual_surface_map,15
kap-morph-0529,inatulan,1 6,i | natul | an,2,prefixation+suffixation,B_moderate_silver,tierAB_silver,15
kap-morph-0530,kabilugan,2 7,ka | bilug | an,2,circumfixation,A_strong_silver,tierAB_silver,15
kap-morph-0531,kalaganapan,2 9,ka | laganap | an,2,circumfixation,B_moderate_silver,tierAB_silver,15
kap-morph-0532,kapagalan,2 7,ka | pagal | an,2,circumfixation,A_strong_silver,tierAB_silver,15
kap-morph-0533,kapainawan,2 8,ka | painaw | an,2,circumfixation,B_moderate_silver,tierAB_silver,15
kap-morph-0534,kealan,4,keal | an,1,suffixation,B_moderate_silver,tierAB_silver,15
kap-morph-0535,kimutan,5,kimut | an,1,suffixation,A_strong_silver,tierAB_silver,15
kap-morph-0536,linipul,1 3,l | in | ipul,2,infixation,F_conflicts_with_reconciliation_evidence,tierF_user_auto_parse,15
kap-morph-0537,magbili,3,mag | bili,1,prefixation,A_strong_silver,tierAB_silver,15
kap-morph-0538,makasulat,4,maka | sulat,1,prefixation,A_strong_silver,tierAB_silver,15
kap-morph-0539,makibalu,2,ma | kibalu,1,prefixation,B_moderate_silver,tierAB_silver,15
kap-morph-0540,makule,2,ma | kule,1,prefixation,F_conflicts_with_reconciliation_evidence,tierF_user_auto_parse,15
kap-morph-0541,malambut,2,ma | lambut,1,prefixation,A_strong_silver,tierAB_silver,15
kap-morph-0542,malungkut,2,ma | lungkut,1,prefixation,A_strong_silver,tierAB_silver,15
kap-morph-0543,manganak,4,mang | anak,1,prefixation,A_strong_silver,tierAB_silver,15
kap-morph-0544,marangal,2,ma | rangal,1,prefixation,B_moderate_silver,tierAB_silver,15
kap-morph-0545,masipag,2,ma | sipag,1,prefixation,A_strong_silver,tierAB_silver,15
kap-morph-0546,matuling,2,ma | tuling,1,prefixation,A_strong_silver,tierAB_silver,15
kap-morph-0547,menalig,3,men | alig,1,prefixation,B_moderate_silver,tierAB_silver,15
kap-morph-0548,menatili,3,men | atili,1,prefixation,B_moderate_silver,tierAB_silver,15
kap-morph-0549,mipanuanan,8,mipanuan | an,1,suffixation,B_moderate_silver,tierAB_silver,15
kap-morph-0550,pagumasdan,2 8,pa | gumasd | an,2,circumfixation,B_moderate_silver,tierAB_silver,15
kap-morph-0551,pakakak,2,pa | kakak,1,prefixation,A_strong_silver,tierAB_silver,15
kap-morph-0552,pakibat,2,pa | kibat,1,prefixation,B_moderate_silver,tierAB_silver,15
kap-morph-0553,paldas,2,pa | ldas,1,prefixation,B_moderate_silver,tierAB_silver,15
kap-morph-0555,pamisip,3,pam | isip,1,prefixation,F_conflicts_with_reconciliation_evidence,tierF_user_auto_parse,15
kap-morph-0556,pampang,3,pam | pang,1,prefixation,A_strong_silver,tierAB_silver,15
kap-morph-0561,pilipinas,2,pi | lipinas,1,prefixation,B_moderate_silver,tierAB_silver,15
kap-morph-0562,sasalikut,,sasalikut,0,reduplication,A_strong_silver,tierAB_silver,15
kap-morph-0563,sinira,1 3,s | in | ira,2,infixation,F_conflicts_with_reconciliation_evidence,tierF_user_auto_parse,15
kap-morph-0564,sumiping,1 3,s | um | iping,2,infixation,A_strong_silver,tierAB_silver,15
kap-morph-0565,yuyutus,,yuyutus,0,reduplication,B_moderate_silver,tierAB_silver,15
kap-morph-0566,dasnan,4,dasn | an,1,suffixation,B_moderate_silver,tierAB_silver,14
kap-morph-0567,degulan,5,degul | an,1,suffixation,B_moderate_silver,tierAB_silver,14
kap-morph-0568,dumpa,1 3,d | um | pa,2,infixation,B_moderate_silver,tierAB_silver,14
kap-morph-0569,gugulutan,7,gugulut | an,1,reduplication+suffixation,A_strong_silver,tierAB_silver,14
kap-morph-0570,haran,3,har | an,1,suffixation,B_moderate_silver,tierAB_silver,14
kap-morph-0571,kabilyan,2 6,ka | bily | an,2,circumfixation,B_moderate_silver,tierAB_silver,14
kap-morph-0572,kaburian,2 6,ka | buri | an,2,circumfixation,A_strong_silver,tierAB_silver,14
kap-morph-0573,kamulangan,2 8,ka | mulang | an,2,circumfixation,A_strong_silver,tierAB_silver,14
kap-morph-0574,kapalaluan,2 8,ka | palalu | an,2,circumfixation,B_moderate_silver,tierAB_silver,14
kap-morph-0575,kapatagan,2 7,ka | patag | an,2,circumfixation,A_strong_silver,tierAB_silver,14
kap-morph-0576,katungkulan,2 9,ka | tungkul | an,2,circumfixation,A_strong_silver,tierAB_silver,14
kap-morph-0577,kawakasan,2 7,ka | wakas | an,2,circumfixation,A_strong_silver,tierAB_silver,14
kap-morph-0578,kayaldawan,2 8,ka | yaldaw | an,2,circumfixation,B_moderate_silver,tierAB_silver,14
kap-morph-0579,kumabsi,1 3,k | um | absi,2,infixation,B_moderate_silver,tierAB_silver,14
kap-morph-0580,lalapit,,lalapit,0,reduplication,A_strong_silver,tierAB_silver,14
kap-morph-0581,lasakan,5,lasak | an,1,suffixation,A_strong_silver,tierAB_silver,14
kap-morph-0582,linaban,1 3,l | in | aban,2,infixation,A_strong_silver,tierAB_silver,14
kap-morph-0583,lumbe,,lumbe,0,infixation,F_conflicts_with_reconciliation_evidence,tierF_user_user_monomorphemic,14
kap-morph-0584,mabilis,2,ma | bilis,1,prefixation,A_strong_silver,tierAB_silver,14
kap-morph-0585,magaral,3,mag | aral,1,prefixation,A_strong_silver,tierAB_silver,14
kap-morph-0586,malagwa,2,ma | lagwa,1,prefixation,F_conflicts_with_reconciliation_evidence,tierF_user_auto_parse,14
kap-morph-0587,malangi,2,ma | langi,1,prefixation,A_strong_silver,tierAB_silver,14
kap-morph-0588,malino,2,ma | lino,1,prefixation,A_strong_silver,tierAB_silver,14
kap-morph-0589,mamamate,,mamamate,0,reduplication,B_moderate_silver,tierAB_silver,14
kap-morph-0590,mangamate,4,mang | amate,1,prefixation,B_moderate_silver,tierAB_silver,14
kap-morph-0591,maniabing,3,man | iabing,1,prefixation,B_moderate_silver,tierAB_silver,14
kap-morph-0592,maninap,3,man | inap,1,prefixation,B_moderate_silver,tierAB_silver,14
kap-morph-0593,manyawad,3,man | yawad,1,prefixation,A_strong_silver,tierAB_silver,14
kap-morph-0594,mapait,2,ma | pait,1,prefixation,A_strong_silver,tierAB_silver,14
kap-morph-0595,mayubu,2,ma | yubu,1,prefixation,A_strong_silver,tierAB_silver,14
kap-morph-0597,minyabi,1 3,m | in | yabi,2,infixation,B_moderate_silver,tierAB_silver,14
kap-morph-0598,nining,1 3,n | in | ing,2,infixation,A_strong_silver,tierAB_silver,14
kap-morph-0600,pamilya,3,pam | ilya,1,prefixation,B_moderate_silver,tierAB_silver,14
kap-morph-0601,pangaku,3,pan | gaku,1,prefixation,B_moderate_silver,tierAB_silver,14
kap-morph-0602,pangaras,4,pang | aras,1,prefixation,B_moderate_silver,tierAB_silver,14
kap-morph-0603,pasibayung,2,pa | sibayung,1,prefixation,B_moderate_silver,tierAB_silver,14
kap-morph-0604,patawad,2,pa | tawad,1,prefixation,A_strong_silver,tierAB_silver,14
kap-morph-0606,pibandyan,2 7,pi | bandy | an,2,prefixation+suffixation,B_moderate_silver,tierAB_silver,14
kap-morph-0607,sasalpantaya,,sasalpantaya,0,reduplication,A_strong_silver,tierAB_silver,14
kap-morph-0608,sumakup,1 3,s | um | akup,2,infixation,A_strong_silver,tierAB_silver,14
kap-morph-0609,talan,3,tal | an,1,suffixation,A_strong_silver,tierAB_silver,14
kap-morph-0610,telanan,5,telan | an,1,suffixation,B_moderate_silver,tierAB_silver,14
kap-morph-0611,uvasan,4,uvas | an,1,suffixation,B_moderate_silver,tierAB_silver,14
kap-morph-0612,akalingwan,8,akalingw | an,1,suffixation,B_moderate_silver,tierAB_silver,13
kap-morph-0613,albugan,5,albug | an,1,suffixation,A_strong_silver,tierAB_silver,13
kap-morph-0614,atbusan,5,atbus | an,1,suffixation,A_strong_silver,tierAB_silver,13
kap-morph-0615,bebe,,bebe,0,reduplication,A_strong_silver,tierAB_silver,13
kap-morph-0616,camatayan,2 7,ca | matay | an,2,suffixation,F_conflicts_with_reconciliation_evidence,tierF_user_manual_surface_map,13
kap-morph-0617,dumalan,1 3,d | um | alan,2,infixation,A_strong_silver,tierAB_silver,13
kap-morph-0618,gagalang,,gagalang,0,reduplication,A_strong_silver,tierAB_silver,13
kap-morph-0619,gagawa,,gagawa,0,reduplication,A_strong_silver,tierAB_silver,13
kap-morph-0620,ipaintulut,3,ipa | intulut,1,prefixation,B_moderate_silver,tierAB_silver,13
kap-morph-0621,kabengian,2 7,ka | bengi | an,2,circumfixation,A_strong_silver,tierAB_silver,13
kap-morph-0622,kibkuban,6,kibkub | an,1,suffixation,B_moderate_silver,tierAB_silver,13
kap-morph-0623,kinaul,1 3,k | in | aul,2,infixation,A_strong_silver,tierAB_silver,13
kap-morph-0624,kundiman,6,kundim | an,1,suffixation,B_moderate_silver,tierAB_silver,13
kap-morph-0625,kwayan,4,kway | an,1,suffixation,B_moderate_silver,tierAB_silver,13
kap-morph-0626,lakwan,4,lakw | an,1,suffixation,B_moderate_silver,tierAB_silver,13
kap-morph-0627,likuan,4,liku | an,1,suffixation,B_moderate_silver,tierAB_silver,13
kap-morph-0628,maestro,,maestro,0,prefixation,F_conflicts_with_reconciliation_evidence,tierF_user_user_monomorphemic,13
kap-morph-0629,magari,2,ma | gari,1,prefixation,B_moderate_silver,tierAB_silver,13
kap-morph-0631,makalunus,4,maka | lunus,1,prefixation,A_strong_silver,tierAB_silver,13
kap-morph-0632,makasalikut,4,maka | salikut,1,prefixation,A_strong_silver,tierAB_silver,13
kap-morph-0633,mamintu,3,mam | intu,1,prefixation,B_moderate_silver,tierAB_silver,13
kap-morph-0634,manaliwang,3,man | aliwang,1,prefixation,B_moderate_silver,tierAB_silver,13
kap-morph-0635,manyad,2,ma | nyad,1,prefixation,B_moderate_silver,tierAB_silver,13
kap-morph-0636,mapinu,2,ma | pinu,1,prefixation,A_strong_silver,tierAB_silver,13
kap-morph-0637,masala,2,ma | sala,1,prefixation,A_strong_silver,tierAB_silver,13
kap-morph-0638,masquil,2,ma | squil,1,prefixation,B_moderate_silver,tierAB_silver,13
kap-morph-0639,mayakit,2,ma | yakit,1,prefixation,B_moderate_silver,tierAB_silver,13
kap-morph-0640,menalakad,3,men | alakad,1,prefixation,B_moderate_silver,tierAB_silver,13
kap-morph-0641,meninap,3,men | inap,1,prefixation,B_moderate_silver,tierAB_silver,13
kap-morph-0642,migdala,3,mig | dala,1,prefixation,A_strong_silver,tierAB_silver,13
kap-morph-0643,mirinan,5,mirin | an,1,suffixation,B_moderate_silver,tierAB_silver,13
kap-morph-0644,pangaligtas,5,panga | ligtas,1,prefixation,A_strong_silver,tierAB_silver,13
kap-morph-0645,parusa,2,pa | rusa,1,prefixation,F_conflicts_with_reconciliation_evidence,tierF_user_manual_surface_map,13
kap-morph-0646,pasiknangan,2 9,pa | siknang | an,2,circumfixation,B_moderate_silver,tierAB_silver,13
kap-morph-0647,patutut,2,pa | tutut,1,prefixation,B_moderate_silver,tierAB_silver,13
