entry_id,english_word,kapampangan_word,part_of_speech,semantic_note,example_english,example_kapampangan,example_split_status,eng_headword_in_example_exact,kap_headword_in_example_exact,source_name,source_url_en_kap,source_url_kap_en,dataset_role,quality_tier,validation_status
polyapi_513b43fc7831,abaca,abaka,,,,,api_lookup_only,False,False,Polytranslator lookup API,https://www.polytranslator.com/api/dictionary/lookup,https://www.polytranslator.com/api/dictionary/lookup,api_enriched_seed_lexicon_for_pos_and_mt,medium,needs_linguist_review
polyapi_411a32eaf566,ash,abú,,,,,api_lookup_only,False,False,Polytranslator lookup API,https://www.polytranslator.com/api/dictionary/lookup,https://www.polytranslator.com/api/dictionary/lookup,api_enriched_seed_lexicon_for_pos_and_mt,medium,needs_linguist_review
polyapi_ab7edaa93a6b,friend,abe,,,,,api_lookup_only,False,False,Polytranslator lookup API,https://www.polytranslator.com/api/dictionary/lookup,https://www.polytranslator.com/api/dictionary/lookup,api_enriched_seed_lexicon_for_pos_and_mt,medium,needs_linguist_review
polyapi_37346292774f,reach,ábut,,,,,api_lookup_only,False,False,Polytranslator lookup API,https://www.polytranslator.com/api/dictionary/lookup,https://www.polytranslator.com/api/dictionary/lookup,api_enriched_seed_lexicon_for_pos_and_mt,medium,needs_linguist_review
polyapi_0a73e6d546f5,absent,absi,adjective,,He was absent from school yesterday.,Miwala ya king escuela kahapon.,api_example_pair,True,False,Polytranslator lookup API,https://www.polytranslator.com/api/dictionary/lookup,https://www.polytranslator.com/api/dictionary/lookup,api_enriched_seed_lexicon_for_pos_and_mt,low,needs_linguist_review
poly_e9eac4a4c07c,bad,marok,adjective,of low quality,,,missing_pair,False,False,Polytranslator dictionary,https://www.polytranslator.com/dictionary/kapampangan/,https://www.polytranslator.com/dictionary/kapampangan-to-english/,clean_seed_lexicon_for_pos_and_mt,medium,needs_linguist_review
poly_4904627c84fe,beautiful,masanting,adjective,pleasing to look at,The flower is beautiful.,Masanting ing bulaklak.,overlap_split,True,True,Polytranslator dictionary,https://www.polytranslator.com/dictionary/kapampangan/,https://www.polytranslator.com/dictionary/kapampangan-to-english/,clean_seed_lexicon_for_pos_and_mt,high,needs_linguist_review
poly_35398d70f908,big,maragul,adjective,of large size,Their house is big.,Maragul ing bale da.,overlap_split,True,True,Polytranslator dictionary,https://www.polytranslator.com/dictionary/kapampangan/,https://www.polytranslator.com/dictionary/kapampangan-to-english/,clean_seed_lexicon_for_pos_and_mt,high,needs_linguist_review
poly_63dc260a50d5,black,maitim,adjective,the darkest color,,,missing_pair,False,False,Polytranslator dictionary,https://www.polytranslator.com/dictionary/kapampangan/,https://www.polytranslator.com/dictionary/kapampangan-to-english/,clean_seed_lexicon_for_pos_and_mt,medium,needs_linguist_review
poly_3472c19f38bc,blue,asul,adjective,the color of the clear sky,The sky is blue.,Asul ing langit.,overlap_split,True,True,Polytranslator dictionary,https://www.polytranslator.com/dictionary/kapampangan/,https://www.polytranslator.com/dictionary/kapampangan-to-english/,clean_seed_lexicon_for_pos_and_mt,high,needs_linguist_review
poly_fcdc865ff94c,cold,malamig,adjective,having low temperature,The water is cold.,Malamig ing danum.,overlap_split,True,True,Polytranslator dictionary,https://www.polytranslator.com/dictionary/kapampangan/,https://www.polytranslator.com/dictionary/kapampangan-to-english/,clean_seed_lexicon_for_pos_and_mt,high,needs_linguist_review
poly_8b43e82a4853,easy,madali,adjective,not difficult,,,missing_pair,False,False,Polytranslator dictionary,https://www.polytranslator.com/dictionary/kapampangan/,https://www.polytranslator.com/dictionary/kapampangan-to-english/,clean_seed_lexicon_for_pos_and_mt,medium,needs_linguist_review
poly_52ccd7101369,empty,alang laman,adjective,containing nothing,,,missing_pair,False,False,Polytranslator dictionary,https://www.polytranslator.com/dictionary/kapampangan/,https://www.polytranslator.com/dictionary/kapampangan-to-english/,clean_seed_lexicon_for_pos_and_mt,medium,needs_linguist_review
poly_4333c76d7463,fast,mabilis,adjective,moving quickly,The car is fast.,Mabilis ing kotse.,overlap_split,True,True,Polytranslator dictionary,https://www.polytranslator.com/dictionary/kapampangan/,https://www.polytranslator.com/dictionary/kapampangan-to-english/,clean_seed_lexicon_for_pos_and_mt,high,needs_linguist_review
poly_0f8ba1e1cf4d,free,libri,adjective,not constrained or costing nothing,,,missing_pair,False,False,Polytranslator dictionary,https://www.polytranslator.com/dictionary/kapampangan/,https://www.polytranslator.com/dictionary/kapampangan-to-english/,clean_seed_lexicon_for_pos_and_mt,medium,needs_linguist_review
poly_64236f8cf2cf,full,apun,adjective,containing as much as possible,,,missing_pair,False,False,Polytranslator dictionary,https://www.polytranslator.com/dictionary/kapampangan/,https://www.polytranslator.com/dictionary/kapampangan-to-english/,clean_seed_lexicon_for_pos_and_mt,medium,needs_linguist_review
poly_d3e4c3d14c53,good,mayap,adjective,of high quality,This food is good.,Mayap ing pagkaen a iti.,overlap_split,True,True,Polytranslator dictionary,https://www.polytranslator.com/dictionary/kapampangan/,https://www.polytranslator.com/dictionary/kapampangan-to-english/,clean_seed_lexicon_for_pos_and_mt,high,needs_linguist_review
poly_4624ced04f1d,green,berde,adjective,the color of grass,,,missing_pair,False,False,Polytranslator dictionary,https://www.polytranslator.com/dictionary/kapampangan/,https://www.polytranslator.com/dictionary/kapampangan-to-english/,clean_seed_lexicon_for_pos_and_mt,medium,needs_linguist_review
poly_374ccd846005,happy,masaya,adjective,feeling joy,She feels happy today.,Masaya ya ngeni.,overlap_split,True,True,Polytranslator dictionary,https://www.polytranslator.com/dictionary/kapampangan/,https://www.polytranslator.com/dictionary/kapampangan-to-english/,clean_seed_lexicon_for_pos_and_mt,high,needs_linguist_review
poly_4cce11c1b1dc,hard,mahirap,adjective,difficult or solid,This work is hard.,Mahirap ing obrang iti.,overlap_split,True,True,Polytranslator dictionary,https://www.polytranslator.com/dictionary/kapampangan/,https://www.polytranslator.com/dictionary/kapampangan-to-english/,clean_seed_lexicon_for_pos_and_mt,high,needs_linguist_review
poly_cfe5aa90a95d,high,matas,adjective,great in vertical extent,The mountain is high.,Matas ing bunduk.,overlap_split,True,True,Polytranslator dictionary,https://www.polytranslator.com/dictionary/kapampangan/,https://www.polytranslator.com/dictionary/kapampangan-to-english/,clean_seed_lexicon_for_pos_and_mt,high,needs_linguist_review
poly_8234532cf7a8,hot,mainit,adjective,having high temperature,The tea is hot.,Mainit ing tsa.,overlap_split,True,True,Polytranslator dictionary,https://www.polytranslator.com/dictionary/kapampangan/,https://www.polytranslator.com/dictionary/kapampangan-to-english/,clean_seed_lexicon_for_pos_and_mt,high,needs_linguist_review
poly_972bebf43eec,important,importante,adjective,of great significance,This book is important.,Importante ing libru a iti.,overlap_split,True,True,Polytranslator dictionary,https://www.polytranslator.com/dictionary/kapampangan/,https://www.polytranslator.com/dictionary/kapampangan-to-english/,clean_seed_lexicon_for_pos_and_mt,high,needs_linguist_review
polyapi_e687df2f12b8,long,abad,adjective,,The road is very long.,Maliñga ing dalan.,api_example_pair,True,False,Polytranslator lookup API,https://www.polytranslator.com/api/dictionary/lookup,https://www.polytranslator.com/api/dictionary/lookup,api_enriched_seed_lexicon_for_pos_and_mt,low,needs_linguist_review
poly_ddbee128bcc2,long,mabayat,adjective,of great length,The road is long.,Mabayat ing dalan.,overlap_split,True,True,Polytranslator dictionary,https://www.polytranslator.com/dictionary/kapampangan/,https://www.polytranslator.com/dictionary/kapampangan-to-english/,clean_seed_lexicon_for_pos_and_mt,high,needs_linguist_review
poly_8ccbe814b445,low,mababa,adjective,small in vertical extent,,,missing_pair,False,False,Polytranslator dictionary,https://www.polytranslator.com/dictionary/kapampangan/,https://www.polytranslator.com/dictionary/kapampangan-to-english/,clean_seed_lexicon_for_pos_and_mt,medium,needs_linguist_review
poly_69b2cf0ee2b9,new,bayu,adjective,recently made or arrived,I have a new book.,Atin kung bayung libru.,overlap_split,True,False,Polytranslator dictionary,https://www.polytranslator.com/dictionary/kapampangan/,https://www.polytranslator.com/dictionary/kapampangan-to-english/,clean_seed_lexicon_for_pos_and_mt,high,needs_linguist_review
poly_2d638eff6ae9,old,matua,adjective,having existed for a long time,,,missing_pair,False,False,Polytranslator dictionary,https://www.polytranslator.com/dictionary/kapampangan/,https://www.polytranslator.com/dictionary/kapampangan-to-english/,clean_seed_lexicon_for_pos_and_mt,medium,needs_linguist_review
poly_71b0daa2d0ae,red,maragul,adjective,the color of blood,,,missing_pair,False,False,Polytranslator dictionary,https://www.polytranslator.com/dictionary/kapampangan/,https://www.polytranslator.com/dictionary/kapampangan-to-english/,clean_seed_lexicon_for_pos_and_mt,medium,needs_linguist_review
poly_e7eb17163add,right,tama,adjective,correct,Your answer is right.,Tama ing pakibat mu.,overlap_split,True,True,Polytranslator dictionary,https://www.polytranslator.com/dictionary/kapampangan/,https://www.polytranslator.com/dictionary/kapampangan-to-english/,clean_seed_lexicon_for_pos_and_mt,high,needs_linguist_review
poly_ff0301adbb16,sad,malungkut,adjective,feeling sorrow,The child is sad.,Malungkut ing anak.,overlap_split,True,True,Polytranslator dictionary,https://www.polytranslator.com/dictionary/kapampangan/,https://www.polytranslator.com/dictionary/kapampangan-to-english/,clean_seed_lexicon_for_pos_and_mt,high,needs_linguist_review
poly_54db8e4f0cc8,short,makuyad,adjective,of little length,,,missing_pair,False,False,Polytranslator dictionary,https://www.polytranslator.com/dictionary/kapampangan/,https://www.polytranslator.com/dictionary/kapampangan-to-english/,clean_seed_lexicon_for_pos_and_mt,medium,needs_linguist_review
poly_a83619b0575e,slow,mabagal,adjective,moving with little speed,,,missing_pair,False,False,Polytranslator dictionary,https://www.polytranslator.com/dictionary/kapampangan/,https://www.polytranslator.com/dictionary/kapampangan-to-english/,clean_seed_lexicon_for_pos_and_mt,medium,needs_linguist_review
poly_1644f540a126,small,maliit,adjective,of little size,The room is small.,Maliit ing kwartu.,overlap_split,True,True,Polytranslator dictionary,https://www.polytranslator.com/dictionary/kapampangan/,https://www.polytranslator.com/dictionary/kapampangan-to-english/,clean_seed_lexicon_for_pos_and_mt,high,needs_linguist_review
poly_86e3ab6df770,strong,mabaskug,adjective,having physical power,My father is strong.,Mabaskug ya ing ama ku.,overlap_split,True,True,Polytranslator dictionary,https://www.polytranslator.com/dictionary/kapampangan/,https://www.polytranslator.com/dictionary/kapampangan-to-english/,clean_seed_lexicon_for_pos_and_mt,high,needs_linguist_review
polyapi_13b32ab3e3cb,"talkative, garrulous",ablad,adjective,,He is a very talkative person.,Malalam ya ing tau.,api_example_pair,False,False,Polytranslator lookup API,https://www.polytranslator.com/api/dictionary/lookup,https://www.polytranslator.com/api/dictionary/lookup,api_enriched_seed_lexicon_for_pos_and_mt,low,needs_linguist_review
poly_a7e3968f15f7,true,tutuo,adjective,in accordance with fact,,,missing_pair,False,False,Polytranslator dictionary,https://www.polytranslator.com/dictionary/kapampangan/,https://www.polytranslator.com/dictionary/kapampangan-to-english/,clean_seed_lexicon_for_pos_and_mt,medium,needs_linguist_review
poly_54f7fbec3057,weak,malambut,adjective,lacking physical power,,,missing_pair,False,False,Polytranslator dictionary,https://www.polytranslator.com/dictionary/kapampangan/,https://www.polytranslator.com/dictionary/kapampangan-to-english/,clean_seed_lexicon_for_pos_and_mt,medium,needs_linguist_review
poly_6b11e439f199,white,maputi,adjective,the lightest color,,,missing_pair,False,False,Polytranslator dictionary,https://www.polytranslator.com/dictionary/kapampangan/,https://www.polytranslator.com/dictionary/kapampangan-to-english/,clean_seed_lexicon_for_pos_and_mt,medium,needs_linguist_review
poly_85b753543297,wrong,mali,adjective,incorrect,That answer is wrong.,Mali ing pakibat a ita.,overlap_split,True,True,Polytranslator dictionary,https://www.polytranslator.com/dictionary/kapampangan/,https://www.polytranslator.com/dictionary/kapampangan-to-english/,clean_seed_lexicon_for_pos_and_mt,high,needs_linguist_review
poly_2dc8a7fc3fe0,yellow,dilaw,adjective,the color of the sun,,,missing_pair,False,False,Polytranslator dictionary,https://www.polytranslator.com/dictionary/kapampangan/,https://www.polytranslator.com/dictionary/kapampangan-to-english/,clean_seed_lexicon_for_pos_and_mt,medium,needs_linguist_review
poly_2d0e7cc7b7a5,young,batu,adjective,in the early stage of life,,,missing_pair,False,False,Polytranslator dictionary,https://www.polytranslator.com/dictionary/kapampangan/,https://www.polytranslator.com/dictionary/kapampangan-to-english/,clean_seed_lexicon_for_pos_and_mt,medium,needs_linguist_review
poly_8d66476eeda0,how,makanyan pa'no,adverb,interrogative manner,,,missing_pair,False,False,Polytranslator dictionary,https://www.polytranslator.com/dictionary/kapampangan/,https://www.polytranslator.com/dictionary/kapampangan-to-english/,clean_seed_lexicon_for_pos_and_mt,medium,needs_linguist_review
poly_c6c35d8e02c6,not,e,adverb,expressing negation,,,missing_pair,False,False,Polytranslator dictionary,https://www.polytranslator.com/dictionary/kapampangan/,https://www.polytranslator.com/dictionary/kapampangan-to-english/,clean_seed_lexicon_for_pos_and_mt,medium,needs_linguist_review
poly_8a99128535fd,now,ngeni,adverb,at the present moment,Come here now.,Datang ka keni ngeni.,overlap_split,True,True,Polytranslator dictionary,https://www.polytranslator.com/dictionary/kapampangan/,https://www.polytranslator.com/dictionary/kapampangan-to-english/,clean_seed_lexicon_for_pos_and_mt,high,needs_linguist_review
poly_0f9aa75fea56,today,ngeni,adverb,on this day,I am busy today.,Abala ku ngeni.,overlap_split,True,True,Polytranslator dictionary,https://www.polytranslator.com/dictionary/kapampangan/,https://www.polytranslator.com/dictionary/kapampangan-to-english/,clean_seed_lexicon_for_pos_and_mt,high,needs_linguist_review
poly_d2187510b093,tomorrow,bukas,adverb,on the next day,,,missing_pair,False,False,Polytranslator dictionary,https://www.polytranslator.com/dictionary/kapampangan/,https://www.polytranslator.com/dictionary/kapampangan-to-english/,clean_seed_lexicon_for_pos_and_mt,medium,needs_linguist_review
poly_26fc63c5ede8,when,kapilan,adverb,interrogative time,When will he come?,Kapilan ya datang?,overlap_split,True,True,Polytranslator dictionary,https://www.polytranslator.com/dictionary/kapampangan/,https://www.polytranslator.com/dictionary/kapampangan-to-english/,clean_seed_lexicon_for_pos_and_mt,high,needs_linguist_review
poly_ef1b426bb497,where,nukarin,adverb,interrogative location,Where is your house?,Nukarin ing bale mu?,overlap_split,True,True,Polytranslator dictionary,https://www.polytranslator.com/dictionary/kapampangan/,https://www.polytranslator.com/dictionary/kapampangan-to-english/,clean_seed_lexicon_for_pos_and_mt,high,needs_linguist_review
poly_ce939a80c290,why,bakit,adverb,interrogative reason,Why are you sad?,Bakit malungkut ka?,overlap_split,True,True,Polytranslator dictionary,https://www.polytranslator.com/dictionary/kapampangan/,https://www.polytranslator.com/dictionary/kapampangan-to-english/,clean_seed_lexicon_for_pos_and_mt,high,needs_linguist_review
poly_4b97d1554ced,yesterday,kapilan,adverb,on the previous day,,,missing_pair,False,False,Polytranslator dictionary,https://www.polytranslator.com/dictionary/kapampangan/,https://www.polytranslator.com/dictionary/kapampangan-to-english/,clean_seed_lexicon_for_pos_and_mt,medium,needs_linguist_review
poly_b77a3a32ae9c,and,at,conjunction,connecting words or clauses,,,missing_pair,False,False,Polytranslator dictionary,https://www.polytranslator.com/dictionary/kapampangan/,https://www.polytranslator.com/dictionary/kapampangan-to-english/,clean_seed_lexicon_for_pos_and_mt,medium,needs_linguist_review
poly_ae29b23b4eb5,because,uli,conjunction,introducing a reason,,,missing_pair,False,False,Polytranslator dictionary,https://www.polytranslator.com/dictionary/kapampangan/,https://www.polytranslator.com/dictionary/kapampangan-to-english/,clean_seed_lexicon_for_pos_and_mt,medium,needs_linguist_review
poly_089e92e6e841,but,dapot,conjunction,introducing a contrast,,,missing_pair,False,False,Polytranslator dictionary,https://www.polytranslator.com/dictionary/kapampangan/,https://www.polytranslator.com/dictionary/kapampangan-to-english/,clean_seed_lexicon_for_pos_and_mt,medium,needs_linguist_review
poly_8a520a6a5525,if,nung,conjunction,introducing a condition,,,missing_pair,False,False,Polytranslator dictionary,https://www.polytranslator.com/dictionary/kapampangan/,https://www.polytranslator.com/dictionary/kapampangan-to-english/,clean_seed_lexicon_for_pos_and_mt,medium,needs_linguist_review
poly_16d31061b42d,or,o,conjunction,presenting alternatives,,,missing_pair,False,False,Polytranslator dictionary,https://www.polytranslator.com/dictionary/kapampangan/,https://www.polytranslator.com/dictionary/kapampangan-to-english/,clean_seed_lexicon_for_pos_and_mt,medium,needs_linguist_review
poly_094e38275dea,no,ali,interjection,negative,,,missing_pair,False,False,Polytranslator dictionary,https://www.polytranslator.com/dictionary/kapampangan/,https://www.polytranslator.com/dictionary/kapampangan-to-english/,clean_seed_lexicon_for_pos_and_mt,medium,needs_linguist_review
polyapi_335686199c20,oh!,aba,interjection,,"Oh, I didn't see you there.","Aba, eku ka milalaus.",api_example_pair,False,True,Polytranslator lookup API,https://www.polytranslator.com/api/dictionary/lookup,https://www.polytranslator.com/api/dictionary/lookup,api_enriched_seed_lexicon_for_pos_and_mt,low,needs_linguist_review
poly_793fc6b8b68d,yes,wa,interjection,affirmative,,,missing_pair,False,False,Polytranslator dictionary,https://www.polytranslator.com/dictionary/kapampangan/,https://www.polytranslator.com/dictionary/kapampangan-to-english/,clean_seed_lexicon_for_pos_and_mt,medium,needs_linguist_review
polyapi_a6348f35a9f7,abias,abyas,noun,,,,api_lookup_only,False,False,Polytranslator lookup API,https://www.polytranslator.com/api/dictionary/lookup,https://www.polytranslator.com/api/dictionary/lookup,api_enriched_seed_lexicon_for_pos_and_mt,medium,needs_linguist_review
polyapi_7119f64731a2,absic,absic,noun,,The absic is a type of fruit.,Ing absic metung yang uri ning bunga.,api_example_pair,True,True,Polytranslator lookup API,https://www.polytranslator.com/api/dictionary/lookup,https://www.polytranslator.com/api/dictionary/lookup,api_enriched_seed_lexicon_for_pos_and_mt,low,needs_linguist_review
polyapi_12824b63a06d,ama,abpa,noun,,The father loves his children very much.,Miy قابله ing ama karing kayang ának.,api_example_pair,False,False,Polytranslator lookup API,https://www.polytranslator.com/api/dictionary/lookup,https://www.polytranslator.com/api/dictionary/lookup,api_enriched_seed_lexicon_for_pos_and_mt,low,needs_linguist_review
polyapi_55ce468f9870,ash,abo,noun,,The fire left behind only ash.,"Ing apoy, abo mu ing tinggulut na.",api_example_pair,True,True,Polytranslator lookup API,https://www.polytranslator.com/api/dictionary/lookup,https://www.polytranslator.com/api/dictionary/lookup,api_enriched_seed_lexicon_for_pos_and_mt,low,needs_linguist_review
polyapi_9f3dfe13a860,basket,absak,noun,,She carried the fruit in a basket.,Dala ne ing bungang yatu king absak.,api_example_pair,True,True,Polytranslator lookup API,https://www.polytranslator.com/api/dictionary/lookup,https://www.polytranslator.com/api/dictionary/lookup,api_enriched_seed_lexicon_for_pos_and_mt,low,needs_linguist_review
polyapi_3665df1a72ec,block,ablok,noun,,He built a wall with a large block.,Migawa ya keng muawang keng malaking ablok.,api_example_pair,True,True,Polytranslator lookup API,https://www.polytranslator.com/api/dictionary/lookup,https://www.polytranslator.com/api/dictionary/lookup,api_enriched_seed_lexicon_for_pos_and_mt,low,needs_linguist_review
poly_ec25224e0dd6,book,libru,noun,a written or printed work,This book is new.,Bayu ing libru a iti.,overlap_split,True,True,Polytranslator dictionary,https://www.polytranslator.com/dictionary/kapampangan/,https://www.polytranslator.com/dictionary/kapampangan-to-english/,clean_seed_lexicon_for_pos_and_mt,high,needs_linguist_review
poly_947844fc22c9,boy,bayi,noun,a male child,The boy runs fast.,Matagse ing bayi.,overlap_split,True,True,Polytranslator dictionary,https://www.polytranslator.com/dictionary/kapampangan/,https://www.polytranslator.com/dictionary/kapampangan-to-english/,clean_seed_lexicon_for_pos_and_mt,high,needs_linguist_review
poly_470ec71f3e13,bread,tinape,noun,baked food made from flour,The bread is fresh.,Bayu ing tinape.,overlap_split,True,True,Polytranslator dictionary,https://www.polytranslator.com/dictionary/kapampangan/,https://www.polytranslator.com/dictionary/kapampangan-to-english/,clean_seed_lexicon_for_pos_and_mt,high,needs_linguist_review
poly_5fdf532acd22,car,kotse,noun,a road vehicle,The car is fast.,Mabilis ing kotse.,overlap_split,True,True,Polytranslator dictionary,https://www.polytranslator.com/dictionary/kapampangan/,https://www.polytranslator.com/dictionary/kapampangan-to-english/,clean_seed_lexicon_for_pos_and_mt,high,needs_linguist_review
polyapi_e7c7fa9e10fd,cat,abyang,noun,,The cat sat on the mat.,Karpit ya ing abyang king banig.,api_example_pair,True,True,Polytranslator lookup API,https://www.polytranslator.com/api/dictionary/lookup,https://www.polytranslator.com/api/dictionary/lookup,api_enriched_seed_lexicon_for_pos_and_mt,low,needs_linguist_review
poly_78350468eec8,chair,silia,noun,a seat for one person,The chair is small.,Maliit ing silia.,overlap_split,True,True,Polytranslator dictionary,https://www.polytranslator.com/dictionary/kapampangan/,https://www.polytranslator.com/dictionary/kapampangan-to-english/,clean_seed_lexicon_for_pos_and_mt,high,needs_linguist_review
polyapi_7f2170acd213,child,abit,noun,,The child played happily in the park.,Tinipun ne ing anak king plasa.,api_example_pair,True,False,Polytranslator lookup API,https://www.polytranslator.com/api/dictionary/lookup,https://www.polytranslator.com/api/dictionary/lookup,api_enriched_seed_lexicon_for_pos_and_mt,low,needs_linguist_review
polyapi_e2d386bf9044,child,abwa,noun,,The child played happily in the park.,Tinipun ne ing anak king parque.,api_example_pair,True,False,Polytranslator lookup API,https://www.polytranslator.com/api/dictionary/lookup,https://www.polytranslator.com/api/dictionary/lookup,api_enriched_seed_lexicon_for_pos_and_mt,low,needs_linguist_review
polyapi_af95bfc26f88,child,abye,noun,,The child played happily in the park.,Miyari ya ing anak king parke.,api_example_pair,True,False,Polytranslator lookup API,https://www.polytranslator.com/api/dictionary/lookup,https://www.polytranslator.com/api/dictionary/lookup,api_enriched_seed_lexicon_for_pos_and_mt,low,needs_linguist_review
poly_ce0ff415af65,child,anak,noun,a young human,The child is sleeping.,Turu ya ing anak.,overlap_split,True,True,Polytranslator dictionary,https://www.polytranslator.com/dictionary/kapampangan/,https://www.polytranslator.com/dictionary/kapampangan-to-english/,clean_seed_lexicon_for_pos_and_mt,high,needs_linguist_review
poly_99b604762fdd,city,balen,noun,a large town,,,missing_pair,False,False,Polytranslator dictionary,https://www.polytranslator.com/dictionary/kapampangan/,https://www.polytranslator.com/dictionary/kapampangan-to-english/,clean_seed_lexicon_for_pos_and_mt,medium,needs_linguist_review
poly_0e9749d8e166,coffee,kape,noun,drink made from roasted beans,,,missing_pair,False,False,Polytranslator dictionary,https://www.polytranslator.com/dictionary/kapampangan/,https://www.polytranslator.com/dictionary/kapampangan-to-english/,clean_seed_lexicon_for_pos_and_mt,medium,needs_linguist_review
polyapi_b8eb3e9d3e0d,contribution,abud,noun,,His contribution was greatly appreciated.,Penabak ne ing kayang abud.,api_example_pair,True,True,Polytranslator lookup API,https://www.polytranslator.com/api/dictionary/lookup,https://www.polytranslator.com/api/dictionary/lookup,api_enriched_seed_lexicon_for_pos_and_mt,low,needs_linguist_review
poly_4d40c493d7af,country,bansa,noun,a nation,Our country is beautiful.,Masanting ing bansa tamu.,overlap_split,True,True,Polytranslator dictionary,https://www.polytranslator.com/dictionary/kapampangan/,https://www.polytranslator.com/dictionary/kapampangan-to-english/,clean_seed_lexicon_for_pos_and_mt,high,needs_linguist_review
poly_04e84d2d2613,day,aldo,noun,24-hour period,Today is a good day.,Mayap a aldo ing ngeni.,overlap_split,True,True,Polytranslator dictionary,https://www.polytranslator.com/dictionary/kapampangan/,https://www.polytranslator.com/dictionary/kapampangan-to-english/,clean_seed_lexicon_for_pos_and_mt,high,needs_linguist_review
polyapi_1871d08aeff7,delay,abala,noun,,,,api_lookup_only,False,False,Polytranslator lookup API,https://www.polytranslator.com/api/dictionary/lookup,https://www.polytranslator.com/api/dictionary/lookup,api_enriched_seed_lexicon_for_pos_and_mt,medium,needs_linguist_review
polyapi_58dedebdaf33,door,abpang,noun,,Please close the door behind you.,Pakisara la ing abpang kapamilatan mu.,api_example_pair,True,True,Polytranslator lookup API,https://www.polytranslator.com/api/dictionary/lookup,https://www.polytranslator.com/api/dictionary/lookup,api_enriched_seed_lexicon_for_pos_and_mt,low,needs_linguist_review
poly_02e387a5e3ef,door,pasbul,noun,a hinged barrier at an entrance,The door is open.,Buklat ing pasbul.,overlap_split,True,True,Polytranslator dictionary,https://www.polytranslator.com/dictionary/kapampangan/,https://www.polytranslator.com/dictionary/kapampangan-to-english/,clean_seed_lexicon_for_pos_and_mt,high,needs_linguist_review
poly_5f9f8ed12683,ear,balugbug,noun,organ of hearing,,,missing_pair,False,False,Polytranslator dictionary,https://www.polytranslator.com/dictionary/kapampangan/,https://www.polytranslator.com/dictionary/kapampangan-to-english/,clean_seed_lexicon_for_pos_and_mt,medium,needs_linguist_review
poly_8ccbccdfc587,earth,lupa,noun,the planet we live on,The earth is our home.,Ing lupa ing bale tamu.,overlap_split,True,True,Polytranslator dictionary,https://www.polytranslator.com/dictionary/kapampangan/,https://www.polytranslator.com/dictionary/kapampangan-to-english/,clean_seed_lexicon_for_pos_and_mt,high,needs_linguist_review
poly_11620810486b,egg,talung,noun,oval object laid by a bird,,,missing_pair,False,False,Polytranslator dictionary,https://www.polytranslator.com/dictionary/kapampangan/,https://www.polytranslator.com/dictionary/kapampangan-to-english/,clean_seed_lexicon_for_pos_and_mt,medium,needs_linguist_review
poly_78820179ae1f,evening,bengi,noun,late part of the day,,,missing_pair,False,False,Polytranslator dictionary,https://www.polytranslator.com/dictionary/kapampangan/,https://www.polytranslator.com/dictionary/kapampangan-to-english/,clean_seed_lexicon_for_pos_and_mt,medium,needs_linguist_review
poly_4f6250170f13,eye,mata,noun,organ of sight,,,missing_pair,False,False,Polytranslator dictionary,https://www.polytranslator.com/dictionary/kapampangan/,https://www.polytranslator.com/dictionary/kapampangan-to-english/,clean_seed_lexicon_for_pos_and_mt,medium,needs_linguist_review
poly_ee3dee143048,family,pamilya,noun,a group of related people,My family is large.,Maragul ing pamilya ku.,overlap_split,True,True,Polytranslator dictionary,https://www.polytranslator.com/dictionary/kapampangan/,https://www.polytranslator.com/dictionary/kapampangan-to-english/,clean_seed_lexicon_for_pos_and_mt,high,needs_linguist_review
poly_7c47d2ec74de,father,ama,noun,a male parent,My father works here.,Obra ya keni ing ama ku.,overlap_split,True,True,Polytranslator dictionary,https://www.polytranslator.com/dictionary/kapampangan/,https://www.polytranslator.com/dictionary/kapampangan-to-english/,clean_seed_lexicon_for_pos_and_mt,high,needs_linguist_review
poly_3e5d1685ac82,fire,apuy,noun,combustion producing heat and light,The fire is hot.,Mainit ing apuy.,overlap_split,True,True,Polytranslator dictionary,https://www.polytranslator.com/dictionary/kapampangan/,https://www.polytranslator.com/dictionary/kapampangan-to-english/,clean_seed_lexicon_for_pos_and_mt,high,needs_linguist_review
poly_26d711d0290d,fish,asang,noun,aquatic animal eaten as food,The fish is fresh.,Bayu ing asang.,overlap_split,True,True,Polytranslator dictionary,https://www.polytranslator.com/dictionary/kapampangan/,https://www.polytranslator.com/dictionary/kapampangan-to-english/,clean_seed_lexicon_for_pos_and_mt,high,needs_linguist_review
polyapi_147196399fa5,flood,abual,noun,,The heavy rain caused a flood in the town.,Ing maranasan ulan megua yang abual king balen.,api_example_pair,True,True,Polytranslator lookup API,https://www.polytranslator.com/api/dictionary/lookup,https://www.polytranslator.com/api/dictionary/lookup,api_enriched_seed_lexicon_for_pos_and_mt,low,needs_linguist_review
poly_fd74a8df3c59,flower,bulaklak,noun,the bloom of a plant,The flower is beautiful.,Masanting ing bulaklak.,overlap_split,True,True,Polytranslator dictionary,https://www.polytranslator.com/dictionary/kapampangan/,https://www.polytranslator.com/dictionary/kapampangan-to-english/,clean_seed_lexicon_for_pos_and_mt,high,needs_linguist_review
poly_656bac33c746,food,pagkaen,noun,what is eaten for nourishment,The food is good.,Mayap ing pagkaen.,overlap_split,True,True,Polytranslator dictionary,https://www.polytranslator.com/dictionary/kapampangan/,https://www.polytranslator.com/dictionary/kapampangan-to-english/,clean_seed_lexicon_for_pos_and_mt,high,needs_linguist_review
poly_234e69cdf73b,foot,bitis,noun,the end of the leg,,,missing_pair,False,False,Polytranslator dictionary,https://www.polytranslator.com/dictionary/kapampangan/,https://www.polytranslator.com/dictionary/kapampangan-to-english/,clean_seed_lexicon_for_pos_and_mt,medium,needs_linguist_review
poly_55c340c5f9fc,friend,kaibigan,noun,a person one likes,She is my friend.,Ya ing kaibigan ku.,overlap_split,True,True,Polytranslator dictionary,https://www.polytranslator.com/dictionary/kapampangan/,https://www.polytranslator.com/dictionary/kapampangan-to-english/,clean_seed_lexicon_for_pos_and_mt,high,needs_linguist_review
polyapi_1c76737f38de,frog,abyak,noun,,The frog croaked loudly in the pond.,Ing abyak ya ing menalugud keng batis.,api_example_pair,True,True,Polytranslator lookup API,https://www.polytranslator.com/api/dictionary/lookup,https://www.polytranslator.com/api/dictionary/lookup,api_enriched_seed_lexicon_for_pos_and_mt,low,needs_linguist_review
poly_03b98ea8eb2f,fruit,prutas,noun,sweet edible plant produce,The fruit is sweet.,Matamis ing prutas.,overlap_split,True,True,Polytranslator dictionary,https://www.polytranslator.com/dictionary/kapampangan/,https://www.polytranslator.com/dictionary/kapampangan-to-english/,clean_seed_lexicon_for_pos_and_mt,high,needs_linguist_review
polyapi_6f34fa2d845c,"gift, present",abuang,noun,,She received a lovely gift for her birthday.,Tangkil na ne ing mayap a abua para king keyang kabasan.,api_example_pair,False,False,Polytranslator lookup API,https://www.polytranslator.com/api/dictionary/lookup,https://www.polytranslator.com/api/dictionary/lookup,api_enriched_seed_lexicon_for_pos_and_mt,low,needs_linguist_review
poly_47971eba28a0,girl,dalaga,noun,a female child,,,missing_pair,False,False,Polytranslator dictionary,https://www.polytranslator.com/dictionary/kapampangan/,https://www.polytranslator.com/dictionary/kapampangan-to-english/,clean_seed_lexicon_for_pos_and_mt,medium,needs_linguist_review
poly_c2a3180a5d9a,hand,gamat,noun,the end of the arm,,,missing_pair,False,False,Polytranslator dictionary,https://www.polytranslator.com/dictionary/kapampangan/,https://www.polytranslator.com/dictionary/kapampangan-to-english/,clean_seed_lexicon_for_pos_and_mt,medium,needs_linguist_review
poly_88f40454636a,head,ulu,noun,the top of the body,,,missing_pair,False,False,Polytranslator dictionary,https://www.polytranslator.com/dictionary/kapampangan/,https://www.polytranslator.com/dictionary/kapampangan-to-english/,clean_seed_lexicon_for_pos_and_mt,medium,needs_linguist_review
poly_9ece0f92db64,heart,pusu,noun,the organ that pumps blood,,,missing_pair,False,False,Polytranslator dictionary,https://www.polytranslator.com/dictionary/kapampangan/,https://www.polytranslator.com/dictionary/kapampangan-to-english/,clean_seed_lexicon_for_pos_and_mt,medium,needs_linguist_review
poly_02d3b90f8ce9,home,bale,noun,where one lives,I am going home.,Munta ku king bale.,overlap_split,True,True,Polytranslator dictionary,https://www.polytranslator.com/dictionary/kapampangan/,https://www.polytranslator.com/dictionary/kapampangan-to-english/,clean_seed_lexicon_for_pos_and_mt,high,needs_linguist_review
poly_f357daa08469,house,bale,noun,a building to live in,Their house is new.,Bayu ing bale da.,overlap_split,True,True,Polytranslator dictionary,https://www.polytranslator.com/dictionary/kapampangan/,https://www.polytranslator.com/dictionary/kapampangan-to-english/,clean_seed_lexicon_for_pos_and_mt,high,needs_linguist_review
poly_b9e02aee12f2,language,amanu,noun,system of communication,Kapampangan is a language.,Ing Kapampangan metung yang amanu.,overlap_split,True,True,Polytranslator dictionary,https://www.polytranslator.com/dictionary/kapampangan/,https://www.polytranslator.com/dictionary/kapampangan-to-english/,clean_seed_lexicon_for_pos_and_mt,high,needs_linguist_review
poly_ca04c7f26ae3,life,bie,noun,the state of being alive,Life is beautiful.,Masanting ing bie.,overlap_split,True,True,Polytranslator dictionary,https://www.polytranslator.com/dictionary/kapampangan/,https://www.polytranslator.com/dictionary/kapampangan-to-english/,clean_seed_lexicon_for_pos_and_mt,high,needs_linguist_review
polyapi_a5f38a66a4ab,loan; lending,abulud,noun,,He asked for a loan to buy a house.,Miyutang ya king abulud para mibayâ king bale.,api_example_pair,False,True,Polytranslator lookup API,https://www.polytranslator.com/api/dictionary/lookup,https://www.polytranslator.com/api/dictionary/lookup,api_enriched_seed_lexicon_for_pos_and_mt,low,needs_linguist_review
poly_34c6b2709f65,love,lugud,noun,deep affection,,,missing_pair,False,False,Polytranslator dictionary,https://www.polytranslator.com/dictionary/kapampangan/,https://www.polytranslator.com/dictionary/kapampangan-to-english/,clean_seed_lexicon_for_pos_and_mt,medium,needs_linguist_review
poly_943385a8e8c2,man,lalaki,noun,an adult male human,The man is tall.,Matas ya ing lalaki.,overlap_split,True,True,Polytranslator dictionary,https://www.polytranslator.com/dictionary/kapampangan/,https://www.polytranslator.com/dictionary/kapampangan-to-english/,clean_seed_lexicon_for_pos_and_mt,high,needs_linguist_review
poly_f3d03db6a146,meat,karni,noun,animal flesh as food,,,missing_pair,False,False,Polytranslator dictionary,https://www.polytranslator.com/dictionary/kapampangan/,https://www.polytranslator.com/dictionary/kapampangan-to-english/,clean_seed_lexicon_for_pos_and_mt,medium,needs_linguist_review
poly_1e7c5cff315d,milk,gatas,noun,white liquid produced by mammals,,,missing_pair,False,False,Polytranslator dictionary,https://www.polytranslator.com/dictionary/kapampangan/,https://www.polytranslator.com/dictionary/kapampangan-to-english/,clean_seed_lexicon_for_pos_and_mt,medium,needs_linguist_review
poly_6ed6aabeb1c6,money,salapi,noun,currency used to buy things,I need more money.,Kailangan ku pang salapi.,overlap_split,True,True,Polytranslator dictionary,https://www.polytranslator.com/dictionary/kapampangan/,https://www.polytranslator.com/dictionary/kapampangan-to-english/,clean_seed_lexicon_for_pos_and_mt,high,needs_linguist_review
poly_5d561cc29a1c,month,bulan,noun,one of twelve calendar divisions,,,missing_pair,False,False,Polytranslator dictionary,https://www.polytranslator.com/dictionary/kapampangan/,https://www.polytranslator.com/dictionary/kapampangan-to-english/,clean_seed_lexicon_for_pos_and_mt,medium,needs_linguist_review
poly_9396c10622b6,moon,bulan,noun,natural satellite of earth,The moon is bright tonight.,Maslag ing bulan ing bengi.,overlap_split,True,True,Polytranslator dictionary,https://www.polytranslator.com/dictionary/kapampangan/,https://www.polytranslator.com/dictionary/kapampangan-to-english/,clean_seed_lexicon_for_pos_and_mt,high,needs_linguist_review
poly_ad0b4c83c281,morning,abak,noun,early part of the day,,,missing_pair,False,False,Polytranslator dictionary,https://www.polytranslator.com/dictionary/kapampangan/,https://www.polytranslator.com/dictionary/kapampangan-to-english/,clean_seed_lexicon_for_pos_and_mt,medium,needs_linguist_review
poly_fdbce57cff30,mother,indu,noun,a female parent,My mother is cooking.,Maglulutu ya ing indu ku.,overlap_split,True,True,Polytranslator dictionary,https://www.polytranslator.com/dictionary/kapampangan/,https://www.polytranslator.com/dictionary/kapampangan-to-english/,clean_seed_lexicon_for_pos_and_mt,high,needs_linguist_review
poly_38139a7e4106,mountain,bunduk,noun,large landform rising above its surroundings,The mountain is high.,Matas ing bunduk.,overlap_split,True,True,Polytranslator dictionary,https://www.polytranslator.com/dictionary/kapampangan/,https://www.polytranslator.com/dictionary/kapampangan-to-english/,clean_seed_lexicon_for_pos_and_mt,high,needs_linguist_review
poly_ca25bbef9b14,mouth,ngusu,noun,opening for eating and speaking,,,missing_pair,False,False,Polytranslator dictionary,https://www.polytranslator.com/dictionary/kapampangan/,https://www.polytranslator.com/dictionary/kapampangan-to-english/,clean_seed_lexicon_for_pos_and_mt,medium,needs_linguist_review
polyapi_d8f8c94dc267,mushroom,abung,noun,,We found a large mushroom in the forest.,Mikan mu ing dakal a abung king kakawanan.,api_example_pair,True,True,Polytranslator lookup API,https://www.polytranslator.com/api/dictionary/lookup,https://www.polytranslator.com/api/dictionary/lookup,api_enriched_seed_lexicon_for_pos_and_mt,low,needs_linguist_review
poly_52c09a9dfd16,music,musika,noun,art of organized sound,The music is beautiful.,Masanting ing musika.,overlap_split,True,True,Polytranslator dictionary,https://www.polytranslator.com/dictionary/kapampangan/,https://www.polytranslator.com/dictionary/kapampangan-to-english/,clean_seed_lexicon_for_pos_and_mt,high,needs_linguist_review
poly_10d23aba9e71,name,lagiu,noun,what someone is called,,,missing_pair,False,False,Polytranslator dictionary,https://www.polytranslator.com/dictionary/kapampangan/,https://www.polytranslator.com/dictionary/kapampangan-to-english/,clean_seed_lexicon_for_pos_and_mt,medium,needs_linguist_review
poly_dd90a1c75426,night,bengi,noun,period when it is dark,The night is cold.,Malamig ing bengi.,overlap_split,True,True,Polytranslator dictionary,https://www.polytranslator.com/dictionary/kapampangan/,https://www.polytranslator.com/dictionary/kapampangan-to-english/,clean_seed_lexicon_for_pos_and_mt,high,needs_linguist_review
poly_9c7c7d3206e4,nose,ilung,noun,organ of smell,,,missing_pair,False,False,Polytranslator dictionary,https://www.polytranslator.com/dictionary/kapampangan/,https://www.polytranslator.com/dictionary/kapampangan-to-english/,clean_seed_lexicon_for_pos_and_mt,medium,needs_linguist_review
poly_4da7895454d9,person,tau,noun,an individual human,That person is kind.,Masanting ya ing tau a ita.,overlap_split,True,True,Polytranslator dictionary,https://www.polytranslator.com/dictionary/kapampangan/,https://www.polytranslator.com/dictionary/kapampangan-to-english/,clean_seed_lexicon_for_pos_and_mt,high,needs_linguist_review
poly_ec440548c34f,rain,ulan,noun,water falling from clouds,The rain is strong.,Mabaskug ing ulan.,overlap_split,True,True,Polytranslator dictionary,https://www.polytranslator.com/dictionary/kapampangan/,https://www.polytranslator.com/dictionary/kapampangan-to-english/,clean_seed_lexicon_for_pos_and_mt,high,needs_linguist_review
polyapi_f60d982c7895,reward,ablas,noun,,He received a reward for his bravery.,Mikatang yang ablas uli ning katapangan na.,api_example_pair,True,True,Polytranslator lookup API,https://www.polytranslator.com/api/dictionary/lookup,https://www.polytranslator.com/api/dictionary/lookup,api_enriched_seed_lexicon_for_pos_and_mt,low,needs_linguist_review
poly_2f4d4b9b0206,rice,nasi,noun,the staple grain,The rice is hot.,Mainit ing nasi.,overlap_split,True,True,Polytranslator dictionary,https://www.polytranslator.com/dictionary/kapampangan/,https://www.polytranslator.com/dictionary/kapampangan-to-english/,clean_seed_lexicon_for_pos_and_mt,high,needs_linguist_review
poly_d9ba280ae47d,river,ilu,noun,a large natural stream,,,missing_pair,False,False,Polytranslator dictionary,https://www.polytranslator.com/dictionary/kapampangan/,https://www.polytranslator.com/dictionary/kapampangan-to-english/,clean_seed_lexicon_for_pos_and_mt,medium,needs_linguist_review
poly_42226945a094,room,kwartu,noun,an enclosed space in a building,The room is small.,Maliit ing kwartu.,overlap_split,True,True,Polytranslator dictionary,https://www.polytranslator.com/dictionary/kapampangan/,https://www.polytranslator.com/dictionary/kapampangan-to-english/,clean_seed_lexicon_for_pos_and_mt,high,needs_linguist_review
poly_d541af1fdb02,school,eskwela,noun,place of education,The school is nearby.,Adeni ing eskwela.,overlap_split,True,True,Polytranslator dictionary,https://www.polytranslator.com/dictionary/kapampangan/,https://www.polytranslator.com/dictionary/kapampangan-to-english/,clean_seed_lexicon_for_pos_and_mt,high,needs_linguist_review
poly_f5e832ca158d,sea,dayat,noun,a large body of salt water,,,missing_pair,False,False,Polytranslator dictionary,https://www.polytranslator.com/dictionary/kapampangan/,https://www.polytranslator.com/dictionary/kapampangan-to-english/,clean_seed_lexicon_for_pos_and_mt,medium,needs_linguist_review
poly_95baac9ab30d,sky,langit,noun,the atmosphere above,The sky is blue.,Asul ing langit.,overlap_split,True,True,Polytranslator dictionary,https://www.polytranslator.com/dictionary/kapampangan/,https://www.polytranslator.com/dictionary/kapampangan-to-english/,clean_seed_lexicon_for_pos_and_mt,high,needs_linguist_review
poly_16f88c1f10fc,star,bituin,noun,celestial body of glowing gas,,,missing_pair,False,False,Polytranslator dictionary,https://www.polytranslator.com/dictionary/kapampangan/,https://www.polytranslator.com/dictionary/kapampangan-to-english/,clean_seed_lexicon_for_pos_and_mt,medium,needs_linguist_review
poly_def7a1dec860,story,istorya,noun,a narrative account,The story is very good.,Mayap ya pin ing istorya.,overlap_split,True,True,Polytranslator dictionary,https://www.polytranslator.com/dictionary/kapampangan/,https://www.polytranslator.com/dictionary/kapampangan-to-english/,clean_seed_lexicon_for_pos_and_mt,high,needs_linguist_review
poly_8b32d9d47176,street,dalan,noun,a public road in a town,The street is long.,Mabayat ing dalan.,overlap_split,True,True,Polytranslator dictionary,https://www.polytranslator.com/dictionary/kapampangan/,https://www.polytranslator.com/dictionary/kapampangan-to-english/,clean_seed_lexicon_for_pos_and_mt,high,needs_linguist_review
poly_b49e3ff3e325,sun,alisngaw,noun,the star at the center of our system,,,missing_pair,False,False,Polytranslator dictionary,https://www.polytranslator.com/dictionary/kapampangan/,https://www.polytranslator.com/dictionary/kapampangan-to-english/,clean_seed_lexicon_for_pos_and_mt,medium,needs_linguist_review
poly_94ad0cec5112,table,lamisaan,noun,flat-topped piece of furniture,,,missing_pair,False,False,Polytranslator dictionary,https://www.polytranslator.com/dictionary/kapampangan/,https://www.polytranslator.com/dictionary/kapampangan-to-english/,clean_seed_lexicon_for_pos_and_mt,medium,needs_linguist_review
poly_b913c043069a,tea,tsa,noun,drink made from steeped leaves,The tea is hot.,Mainit ing tsa.,overlap_split,True,True,Polytranslator dictionary,https://www.polytranslator.com/dictionary/kapampangan/,https://www.polytranslator.com/dictionary/kapampangan-to-english/,clean_seed_lexicon_for_pos_and_mt,high,needs_linguist_review
poly_22bd0e190e63,thing,bagay,noun,an object or matter,That thing is new.,Bayu ing bagay a ita.,overlap_split,True,True,Polytranslator dictionary,https://www.polytranslator.com/dictionary/kapampangan/,https://www.polytranslator.com/dictionary/kapampangan-to-english/,clean_seed_lexicon_for_pos_and_mt,high,needs_linguist_review
poly_fba1b448ff65,time,panahun,noun,the indefinite continued progress of existence,,,missing_pair,False,False,Polytranslator dictionary,https://www.polytranslator.com/dictionary/kapampangan/,https://www.polytranslator.com/dictionary/kapampangan-to-english/,clean_seed_lexicon_for_pos_and_mt,medium,needs_linguist_review
polyapi_f4152b852311,treasure,abubut,noun,,The pirate buried his treasure chest.,Inukub ne ning pirata ing kayang abubut.,api_example_pair,True,True,Polytranslator lookup API,https://www.polytranslator.com/api/dictionary/lookup,https://www.polytranslator.com/api/dictionary/lookup,api_enriched_seed_lexicon_for_pos_and_mt,low,needs_linguist_review
poly_fec3ebed8ece,tree,puno,noun,tall woody plant,The tree is tall.,Matas ing puno.,overlap_split,True,True,Polytranslator dictionary,https://www.polytranslator.com/dictionary/kapampangan/,https://www.polytranslator.com/dictionary/kapampangan-to-english/,clean_seed_lexicon_for_pos_and_mt,high,needs_linguist_review
poly_7bc93f12f08f,water,danum,noun,the clear drinkable liquid,The water is cold.,Malamig ing danum.,overlap_split,True,True,Polytranslator dictionary,https://www.polytranslator.com/dictionary/kapampangan/,https://www.polytranslator.com/dictionary/kapampangan-to-english/,clean_seed_lexicon_for_pos_and_mt,high,needs_linguist_review
poly_142a522d27ec,way,dalan,noun,a method or path,,,missing_pair,False,False,Polytranslator dictionary,https://www.polytranslator.com/dictionary/kapampangan/,https://www.polytranslator.com/dictionary/kapampangan-to-english/,clean_seed_lexicon_for_pos_and_mt,medium,needs_linguist_review
poly_c3c4525b900e,week,linggu,noun,seven days,,,missing_pair,False,False,Polytranslator dictionary,https://www.polytranslator.com/dictionary/kapampangan/,https://www.polytranslator.com/dictionary/kapampangan-to-english/,clean_seed_lexicon_for_pos_and_mt,medium,needs_linguist_review
poly_1ac7fc4e33e3,wind,angin,noun,moving air,The wind is cold.,Malamig ing angin.,overlap_split,True,True,Polytranslator dictionary,https://www.polytranslator.com/dictionary/kapampangan/,https://www.polytranslator.com/dictionary/kapampangan-to-english/,clean_seed_lexicon_for_pos_and_mt,high,needs_linguist_review
poly_ed10fe3be6a6,woman,babai,noun,an adult female human,The woman is strong.,Mabaskug ya ing babai.,overlap_split,True,True,Polytranslator dictionary,https://www.polytranslator.com/dictionary/kapampangan/,https://www.polytranslator.com/dictionary/kapampangan-to-english/,clean_seed_lexicon_for_pos_and_mt,high,needs_linguist_review
poly_b4e7fa165d35,word,amanu,noun,a unit of language,,,missing_pair,False,False,Polytranslator dictionary,https://www.polytranslator.com/dictionary/kapampangan/,https://www.polytranslator.com/dictionary/kapampangan-to-english/,clean_seed_lexicon_for_pos_and_mt,medium,needs_linguist_review
poly_7d7b41605f0f,work,obra,noun,labor or employment,My work is hard.,Mahirap ing obra ku.,overlap_split,True,True,Polytranslator dictionary,https://www.polytranslator.com/dictionary/kapampangan/,https://www.polytranslator.com/dictionary/kapampangan-to-english/,clean_seed_lexicon_for_pos_and_mt,high,needs_linguist_review
poly_0266135d9b5b,world,mundu,noun,the earth,,,missing_pair,False,False,Polytranslator dictionary,https://www.polytranslator.com/dictionary/kapampangan/,https://www.polytranslator.com/dictionary/kapampangan-to-english/,clean_seed_lexicon_for_pos_and_mt,medium,needs_linguist_review
poly_076b0434870c,year,banua,noun,twelve months,,,missing_pair,False,False,Polytranslator dictionary,https://www.polytranslator.com/dictionary/kapampangan/,https://www.polytranslator.com/dictionary/kapampangan-to-english/,clean_seed_lexicon_for_pos_and_mt,medium,needs_linguist_review
poly_574300408ed4,for,para king,preposition,intended to benefit,,,missing_pair,False,False,Polytranslator dictionary,https://www.polytranslator.com/dictionary/kapampangan/,https://www.polytranslator.com/dictionary/kapampangan-to-english/,clean_seed_lexicon_for_pos_and_mt,medium,needs_linguist_review
poly_1b8f2be176e2,from,ibat king,preposition,indicating origin,,,missing_pair,False,False,Polytranslator dictionary,https://www.polytranslator.com/dictionary/kapampangan/,https://www.polytranslator.com/dictionary/kapampangan-to-english/,clean_seed_lexicon_for_pos_and_mt,medium,needs_linguist_review
poly_0757ddda0cb0,to,king,preposition,indicating destination,,,missing_pair,False,False,Polytranslator dictionary,https://www.polytranslator.com/dictionary/kapampangan/,https://www.polytranslator.com/dictionary/kapampangan-to-english/,clean_seed_lexicon_for_pos_and_mt,medium,needs_linguist_review
poly_a4f4e48897b7,with,karing,preposition,accompanying,,,missing_pair,False,False,Polytranslator dictionary,https://www.polytranslator.com/dictionary/kapampangan/,https://www.polytranslator.com/dictionary/kapampangan-to-english/,clean_seed_lexicon_for_pos_and_mt,medium,needs_linguist_review
poly_8a425ef38649,without,aliwa,preposition,lacking,,,missing_pair,False,False,Polytranslator dictionary,https://www.polytranslator.com/dictionary/kapampangan/,https://www.polytranslator.com/dictionary/kapampangan-to-english/,clean_seed_lexicon_for_pos_and_mt,medium,needs_linguist_review
poly_08c1028d4d05,I,aku,pronoun,first person singular,I am here now.,Aku atin ku keni ngeni.,overlap_split,True,True,Polytranslator dictionary,https://www.polytranslator.com/dictionary/kapampangan/,https://www.polytranslator.com/dictionary/kapampangan-to-english/,clean_seed_lexicon_for_pos_and_mt,high,needs_linguist_review
poly_4a04cee753b5,he,ya,pronoun,third person masculine,He is at school.,Ya atiu king eskwela.,overlap_split,True,True,Polytranslator dictionary,https://www.polytranslator.com/dictionary/kapampangan/,https://www.polytranslator.com/dictionary/kapampangan-to-english/,clean_seed_lexicon_for_pos_and_mt,high,needs_linguist_review
poly_3ad47c14ee4d,she,ya,pronoun,third person feminine,She is my sister.,Ya ing kapatad kung babai.,overlap_split,True,True,Polytranslator dictionary,https://www.polytranslator.com/dictionary/kapampangan/,https://www.polytranslator.com/dictionary/kapampangan-to-english/,clean_seed_lexicon_for_pos_and_mt,high,needs_linguist_review
poly_46cb707c2777,they,ila,pronoun,third person plural,They live in the city.,Ila e makiabe king balen.,overlap_split,True,True,Polytranslator dictionary,https://www.polytranslator.com/dictionary/kapampangan/,https://www.polytranslator.com/dictionary/kapampangan-to-english/,clean_seed_lexicon_for_pos_and_mt,high,needs_linguist_review
poly_410f9f505757,we,itamu,pronoun,first person plural,We will go tomorrow.,Itamu munta bukas.,overlap_split,True,True,Polytranslator dictionary,https://www.polytranslator.com/dictionary/kapampangan/,https://www.polytranslator.com/dictionary/kapampangan-to-english/,clean_seed_lexicon_for_pos_and_mt,high,needs_linguist_review
poly_d4a0fb70cba7,what,nanu,pronoun,interrogative,What do you want now?,Nanu ing buri mu ngeni?,overlap_split,True,True,Polytranslator dictionary,https://www.polytranslator.com/dictionary/kapampangan/,https://www.polytranslator.com/dictionary/kapampangan-to-english/,clean_seed_lexicon_for_pos_and_mt,high,needs_linguist_review
poly_e801752fcde5,who,ninu,pronoun,interrogative person,Who is that person?,Ninu itaung tau?,overlap_split,True,True,Polytranslator dictionary,https://www.polytranslator.com/dictionary/kapampangan/,https://www.polytranslator.com/dictionary/kapampangan-to-english/,clean_seed_lexicon_for_pos_and_mt,high,needs_linguist_review
poly_b5f37d9235bd,you,ika,pronoun,second person,You are my friend.,Ika ing kaibigan ku.,overlap_split,True,True,Polytranslator dictionary,https://www.polytranslator.com/dictionary/kapampangan/,https://www.polytranslator.com/dictionary/kapampangan-to-english/,clean_seed_lexicon_for_pos_and_mt,high,needs_linguist_review
polyapi_901c9e642600,accost,abat,verb,,,,api_lookup_only,False,False,Polytranslator lookup API,https://www.polytranslator.com/api/dictionary/lookup,https://www.polytranslator.com/api/dictionary/lookup,api_enriched_seed_lexicon_for_pos_and_mt,medium,needs_linguist_review
polyapi_8d94a6ca92f5,jump,abtak,verb,,The child can jump very high.,Abalang tumakab ya ing anak.,api_example_pair,True,False,Polytranslator lookup API,https://www.polytranslator.com/api/dictionary/lookup,https://www.polytranslator.com/api/dictionary/lookup,api_enriched_seed_lexicon_for_pos_and_mt,low,needs_linguist_review
polyapi_b6fa935d1b51,open,abli,verb,,Please open the door for me.,Pakibuklat la pu ing punkana para kaku.,api_example_pair,True,False,Polytranslator lookup API,https://www.polytranslator.com/api/dictionary/lookup,https://www.polytranslator.com/api/dictionary/lookup,api_enriched_seed_lexicon_for_pos_and_mt,low,needs_linguist_review
polyapi_6687de399282,rent; lease; hire,abang,verb,,We need to rent a car for the trip.,Kailangan tamung abang keng kotsi para king biyahe.,api_example_pair,False,True,Polytranslator lookup API,https://www.polytranslator.com/api/dictionary/lookup,https://www.polytranslator.com/api/dictionary/lookup,api_enriched_seed_lexicon_for_pos_and_mt,low,needs_linguist_review
poly_110aafe8e55e,to ask,magtanung,verb,request information,Ask the teacher now.,Magtanung ka king maestro ngeni.,overlap_split,True,True,Polytranslator dictionary,https://www.polytranslator.com/dictionary/kapampangan/,https://www.polytranslator.com/dictionary/kapampangan-to-english/,clean_seed_lexicon_for_pos_and_mt,high,needs_linguist_review
poly_fef1f6e0ccc4,to be,maging,verb,exist or have a state,She is happy today.,Masaya ya ngening aldo.,overlap_split,False,False,Polytranslator dictionary,https://www.polytranslator.com/dictionary/kapampangan/,https://www.polytranslator.com/dictionary/kapampangan-to-english/,clean_seed_lexicon_for_pos_and_mt,high,needs_linguist_review
polyapi_f14e1445e697,to be able to,abno,verb,,I can do it.,A-ku-ng-a-la-ya-ku.,api_example_pair,False,False,Polytranslator lookup API,https://www.polytranslator.com/api/dictionary/lookup,https://www.polytranslator.com/api/dictionary/lookup,api_enriched_seed_lexicon_for_pos_and_mt,low,needs_linguist_review
polyapi_946a9c065142,to be able to,abtong,verb,,I can go to the store.,Aku ing abang king tindahan.,api_example_pair,False,False,Polytranslator lookup API,https://www.polytranslator.com/api/dictionary/lookup,https://www.polytranslator.com/api/dictionary/lookup,api_enriched_seed_lexicon_for_pos_and_mt,low,needs_linguist_review
poly_a95b6b84a6d9,to buy,sali,verb,acquire by paying,We buy fresh fish.,Sali kami bangus a bayu.,overlap_split,True,True,Polytranslator dictionary,https://www.polytranslator.com/dictionary/kapampangan/,https://www.polytranslator.com/dictionary/kapampangan-to-english/,clean_seed_lexicon_for_pos_and_mt,high,needs_linguist_review
polyapi_b62eab8fcc7e,to carry,abal,verb,,Please carry this bag for me.,Pakisúlat mo ing bag a ini para kaku.,api_example_pair,True,False,Polytranslator lookup API,https://www.polytranslator.com/api/dictionary/lookup,https://www.polytranslator.com/api/dictionary/lookup,api_enriched_seed_lexicon_for_pos_and_mt,low,needs_linguist_review
poly_56eefe93bbd2,to close,sara,verb,shut,,,missing_pair,False,False,Polytranslator dictionary,https://www.polytranslator.com/dictionary/kapampangan/,https://www.polytranslator.com/dictionary/kapampangan-to-english/,clean_seed_lexicon_for_pos_and_mt,medium,needs_linguist_review
poly_5551a40d8d28,to come,datang,verb,move toward the speaker,Please come to my house.,Datang ka king bale ku.,overlap_split,True,True,Polytranslator dictionary,https://www.polytranslator.com/dictionary/kapampangan/,https://www.polytranslator.com/dictionary/kapampangan-to-english/,clean_seed_lexicon_for_pos_and_mt,high,needs_linguist_review
poly_d6a9d6bf7786,to die,mate,verb,cease to live,,,missing_pair,False,False,Polytranslator dictionary,https://www.polytranslator.com/dictionary/kapampangan/,https://www.polytranslator.com/dictionary/kapampangan-to-english/,clean_seed_lexicon_for_pos_and_mt,medium,needs_linguist_review
poly_22c1ef8facbf,to do,gawan,verb,perform an action,,,missing_pair,False,False,Polytranslator dictionary,https://www.polytranslator.com/dictionary/kapampangan/,https://www.polytranslator.com/dictionary/kapampangan-to-english/,clean_seed_lexicon_for_pos_and_mt,medium,needs_linguist_review
poly_d61b125c776a,to drink,inum,verb,consume liquid,I drink hot tea.,Inum ku mainit a tsa.,overlap_split,True,True,Polytranslator dictionary,https://www.polytranslator.com/dictionary/kapampangan/,https://www.polytranslator.com/dictionary/kapampangan-to-english/,clean_seed_lexicon_for_pos_and_mt,high,needs_linguist_review
poly_e6fab4368ad0,to eat,kan,verb,consume food,The child eats rice.,Kakan ing anak nasi.,overlap_split,False,False,Polytranslator dictionary,https://www.polytranslator.com/dictionary/kapampangan/,https://www.polytranslator.com/dictionary/kapampangan-to-english/,clean_seed_lexicon_for_pos_and_mt,high,needs_linguist_review
poly_5484d0e383fd,to find,akit,verb,discover,,,missing_pair,False,False,Polytranslator dictionary,https://www.polytranslator.com/dictionary/kapampangan/,https://www.polytranslator.com/dictionary/kapampangan-to-english/,clean_seed_lexicon_for_pos_and_mt,medium,needs_linguist_review
poly_8d6605736017,to give,bie,verb,transfer to another,Give me some water.,Bie me kung danum.,overlap_split,True,True,Polytranslator dictionary,https://www.polytranslator.com/dictionary/kapampangan/,https://www.polytranslator.com/dictionary/kapampangan-to-english/,clean_seed_lexicon_for_pos_and_mt,high,needs_linguist_review
poly_e8d1d9ca340a,to go,munta,verb,move toward a place,We go to school early.,Munta kami king eskwela abak.,overlap_split,True,True,Polytranslator dictionary,https://www.polytranslator.com/dictionary/kapampangan/,https://www.polytranslator.com/dictionary/kapampangan-to-english/,clean_seed_lexicon_for_pos_and_mt,high,needs_linguist_review
polyapi_609628a6037d,to go up,ablus,verb,,Please go up the stairs carefully.,Lulutang kayo king hagdanan.,api_example_pair,True,False,Polytranslator lookup API,https://www.polytranslator.com/api/dictionary/lookup,https://www.polytranslator.com/api/dictionary/lookup,api_enriched_seed_lexicon_for_pos_and_mt,low,needs_linguist_review
poly_659a1eab08f8,to have,atin,verb,possess,I have a book.,Atin kung libru.,overlap_split,True,True,Polytranslator dictionary,https://www.polytranslator.com/dictionary/kapampangan/,https://www.polytranslator.com/dictionary/kapampangan-to-english/,clean_seed_lexicon_for_pos_and_mt,high,needs_linguist_review
poly_1d6f86081b5c,to hear,denggan,verb,perceive sound,I hear the rain.,Denggan ku ing ulan.,overlap_split,True,True,Polytranslator dictionary,https://www.polytranslator.com/dictionary/kapampangan/,https://www.polytranslator.com/dictionary/kapampangan-to-english/,clean_seed_lexicon_for_pos_and_mt,high,needs_linguist_review
poly_5fd77180b087,to help,saupan,verb,assist,Please help your mother.,Saupan me ing indu mu.,overlap_split,True,True,Polytranslator dictionary,https://www.polytranslator.com/dictionary/kapampangan/,https://www.polytranslator.com/dictionary/kapampangan-to-english/,clean_seed_lexicon_for_pos_and_mt,high,needs_linguist_review
poly_2d8d0e04efb4,to know,balu,verb,be aware of facts,I know your name.,Balu ke ing lagiu.,overlap_split,True,True,Polytranslator dictionary,https://www.polytranslator.com/dictionary/kapampangan/,https://www.polytranslator.com/dictionary/kapampangan-to-english/,clean_seed_lexicon_for_pos_and_mt,high,needs_linguist_review
poly_99e72bdf79f9,to learn,aral,verb,acquire knowledge,Children learn at school.,Mag-aral la reng anak king eskwela.,overlap_split,True,True,Polytranslator dictionary,https://www.polytranslator.com/dictionary/kapampangan/,https://www.polytranslator.com/dictionary/kapampangan-to-english/,clean_seed_lexicon_for_pos_and_mt,high,needs_linguist_review
poly_537390f05c12,to listen,denggan,verb,pay attention to sound,Listen to the music.,Denggan me ing musika.,overlap_split,True,True,Polytranslator dictionary,https://www.polytranslator.com/dictionary/kapampangan/,https://www.polytranslator.com/dictionary/kapampangan-to-english/,clean_seed_lexicon_for_pos_and_mt,high,needs_linguist_review
poly_d80e0160aafc,to live,mabie,verb,be alive or reside,,,missing_pair,False,False,Polytranslator dictionary,https://www.polytranslator.com/dictionary/kapampangan/,https://www.polytranslator.com/dictionary/kapampangan-to-english/,clean_seed_lexicon_for_pos_and_mt,medium,needs_linguist_review
poly_37c9ec8825ec,to look,malyari,verb,direct one's gaze,,,missing_pair,False,False,Polytranslator dictionary,https://www.polytranslator.com/dictionary/kapampangan/,https://www.polytranslator.com/dictionary/kapampangan-to-english/,clean_seed_lexicon_for_pos_and_mt,medium,needs_linguist_review
poly_d699e45933e8,to love,lugud,verb,feel deep affection for,I love my family.,Luluguran ku ing pamilya ku.,overlap_split,True,False,Polytranslator dictionary,https://www.polytranslator.com/dictionary/kapampangan/,https://www.polytranslator.com/dictionary/kapampangan-to-english/,clean_seed_lexicon_for_pos_and_mt,high,needs_linguist_review
poly_27ea117d56a2,to make,gawa,verb,create or produce,She will make bread.,Gawa ya tinape.,overlap_split,True,True,Polytranslator dictionary,https://www.polytranslator.com/dictionary/kapampangan/,https://www.polytranslator.com/dictionary/kapampangan-to-english/,clean_seed_lexicon_for_pos_and_mt,high,needs_linguist_review
poly_86eaa7b2ede7,to need,kailangan,verb,require,We need more rice.,Kailangan tamu ing mas dakal a nasi.,overlap_split,True,True,Polytranslator dictionary,https://www.polytranslator.com/dictionary/kapampangan/,https://www.polytranslator.com/dictionary/kapampangan-to-english/,clean_seed_lexicon_for_pos_and_mt,high,needs_linguist_review
poly_2850ad4693d1,to open,buklat,verb,make accessible,Open the door slowly.,Buklatan me ing pasbul mayap.,overlap_split,True,False,Polytranslator dictionary,https://www.polytranslator.com/dictionary/kapampangan/,https://www.polytranslator.com/dictionary/kapampangan-to-english/,clean_seed_lexicon_for_pos_and_mt,high,needs_linguist_review
poly_efd7d4ec2868,to pay,bayad,verb,give money for goods,Pay the money now.,Bayad me ing salapi ngeni.,overlap_split,True,True,Polytranslator dictionary,https://www.polytranslator.com/dictionary/kapampangan/,https://www.polytranslator.com/dictionary/kapampangan-to-english/,clean_seed_lexicon_for_pos_and_mt,high,needs_linguist_review
poly_547bb8ef8c2a,to read,basa,verb,interpret written words,She reads a new book.,Basa ya ing bayung libru.,overlap_split,False,True,Polytranslator dictionary,https://www.polytranslator.com/dictionary/kapampangan/,https://www.polytranslator.com/dictionary/kapampangan-to-english/,clean_seed_lexicon_for_pos_and_mt,high,needs_linguist_review
poly_4c98730cb930,to run,tagse,verb,move quickly on foot,The boy runs fast.,Matagse ing bayi.,overlap_split,False,False,Polytranslator dictionary,https://www.polytranslator.com/dictionary/kapampangan/,https://www.polytranslator.com/dictionary/kapampangan-to-english/,clean_seed_lexicon_for_pos_and_mt,high,needs_linguist_review
poly_4c05495a615f,to say,sabian,verb,speak words,Do not say that.,E mu sabian ita.,overlap_split,True,True,Polytranslator dictionary,https://www.polytranslator.com/dictionary/kapampangan/,https://www.polytranslator.com/dictionary/kapampangan-to-english/,clean_seed_lexicon_for_pos_and_mt,high,needs_linguist_review
poly_c048cd081cf1,to see,akit,verb,perceive with the eyes,I see the moon tonight.,Akit ku ing bulan ing bengi.,overlap_split,True,True,Polytranslator dictionary,https://www.polytranslator.com/dictionary/kapampangan/,https://www.polytranslator.com/dictionary/kapampangan-to-english/,clean_seed_lexicon_for_pos_and_mt,high,needs_linguist_review
poly_70e8f8066441,to sell,lako,verb,exchange for money,They sell fruit here.,Lako la prutas keni.,overlap_split,True,True,Polytranslator dictionary,https://www.polytranslator.com/dictionary/kapampangan/,https://www.polytranslator.com/dictionary/kapampangan-to-english/,clean_seed_lexicon_for_pos_and_mt,high,needs_linguist_review
poly_702751d1667f,to sleep,turu,verb,rest unconsciously,The baby sleeps now.,Turu ya ing anak ngeni.,overlap_split,False,True,Polytranslator dictionary,https://www.polytranslator.com/dictionary/kapampangan/,https://www.polytranslator.com/dictionary/kapampangan-to-english/,clean_seed_lexicon_for_pos_and_mt,high,needs_linguist_review
poly_d84fb05728b3,to speak,salita,verb,produce spoken language,They speak Kapampangan well.,Magsalita lang Kapampangan maragul.,overlap_split,True,False,Polytranslator dictionary,https://www.polytranslator.com/dictionary/kapampangan/,https://www.polytranslator.com/dictionary/kapampangan-to-english/,clean_seed_lexicon_for_pos_and_mt,high,needs_linguist_review
polyapi_f908e8e7baca,to sweep,abas,verb,,Please sweep the floor clean.,Malisangan la pu ing dalan.,api_example_pair,True,False,Polytranslator lookup API,https://www.polytranslator.com/api/dictionary/lookup,https://www.polytranslator.com/api/dictionary/lookup,api_enriched_seed_lexicon_for_pos_and_mt,low,needs_linguist_review
poly_753c63f06080,to take,dala,verb,grab and carry,Take the book home.,Dala me ing libru king bale.,overlap_split,True,True,Polytranslator dictionary,https://www.polytranslator.com/dictionary/kapampangan/,https://www.polytranslator.com/dictionary/kapampangan-to-english/,clean_seed_lexicon_for_pos_and_mt,high,needs_linguist_review
poly_d8108306341b,to teach,mangaral,verb,give instruction,,,missing_pair,False,False,Polytranslator dictionary,https://www.polytranslator.com/dictionary/kapampangan/,https://www.polytranslator.com/dictionary/kapampangan-to-english/,clean_seed_lexicon_for_pos_and_mt,medium,needs_linguist_review
poly_b28fe2968298,to tell,sabian,verb,inform someone,Tell me the story.,Sabian me ku ing istorya.,overlap_split,True,True,Polytranslator dictionary,https://www.polytranslator.com/dictionary/kapampangan/,https://www.polytranslator.com/dictionary/kapampangan-to-english/,clean_seed_lexicon_for_pos_and_mt,high,needs_linguist_review
poly_895b2fddb319,to think,isip,verb,use the mind to reason,I think about my family.,Iisipan ku ing pamilya ku.,overlap_split,True,False,Polytranslator dictionary,https://www.polytranslator.com/dictionary/kapampangan/,https://www.polytranslator.com/dictionary/kapampangan-to-english/,clean_seed_lexicon_for_pos_and_mt,high,needs_linguist_review
poly_d505923f7a9d,to use,gamit,verb,employ for a purpose,Use this small knife.,Gamit me ining malating kampit.,overlap_split,True,True,Polytranslator dictionary,https://www.polytranslator.com/dictionary/kapampangan/,https://www.polytranslator.com/dictionary/kapampangan-to-english/,clean_seed_lexicon_for_pos_and_mt,high,needs_linguist_review
poly_a14e879fd4d6,to walk,lakad,verb,move on foot,We walk to school.,Lakad kami king eskwela.,overlap_split,True,True,Polytranslator dictionary,https://www.polytranslator.com/dictionary/kapampangan/,https://www.polytranslator.com/dictionary/kapampangan-to-english/,clean_seed_lexicon_for_pos_and_mt,high,needs_linguist_review
poly_5121609a4c8d,to want,buri,verb,desire,They want more water.,Buri da pang dakal a danum.,overlap_split,True,True,Polytranslator dictionary,https://www.polytranslator.com/dictionary/kapampangan/,https://www.polytranslator.com/dictionary/kapampangan-to-english/,clean_seed_lexicon_for_pos_and_mt,high,needs_linguist_review
poly_804b8329b191,to work,obra,verb,perform labor,They work every day.,Obra la balang aldo.,overlap_split,True,True,Polytranslator dictionary,https://www.polytranslator.com/dictionary/kapampangan/,https://www.polytranslator.com/dictionary/kapampangan-to-english/,clean_seed_lexicon_for_pos_and_mt,high,needs_linguist_review
poly_3309d457b592,to write,sulat,verb,form letters on a surface,I write my name.,Sulat ku ing lagiu ku.,overlap_split,True,True,Polytranslator dictionary,https://www.polytranslator.com/dictionary/kapampangan/,https://www.polytranslator.com/dictionary/kapampangan-to-english/,clean_seed_lexicon_for_pos_and_mt,high,needs_linguist_review
